Workbook

Sheet MOQ Batteries
E1: MOQ QUOTE | H1: Batteries
B7: COMPANY: | C7: GRAHAM | E7: DATE: | F7: 45870 | H7: PO NUMBER:
B8: CONTACT NAME: | C8: 0 | E8: PHONE NUMBER:
B9: BILLING ADDRESS: | C9: 0 | E9: EMAIL ADDRESS:
C10: 0 | E10: SHIPPING ADDRESS:
C11: 0
C12: 0
F13: CAD $
B14: PART NUMBER | C14: Make & Model | D14: DESCRIPTION | E14: QTY | F14: OEM MSRP | H14: GQP PRICE | I14: TOTAL
B15: 08000-D2213 | C15: =VLOOKUP($B15,'[1]Products by Part Number'!$A:$L,2,0) -> KOM WA320-8 (867) KOM WA320PZ-6 (729) | D15: =VLOOKUP($B15,'[1]Products by Part Number'!$A:$L,3,0) -> BATTERY | E15: =VLOOKUP($B15,'[1]Products by Part Number'!$A:$L,12,0) -> 4 | F15: =VLOOKUP($B15,'[1]Products by Part Number'!$A:$L,4,0) -> 600.03 | G15: =E15*F15 -> 2400.12 | H15: =VLOOKUP(B15,'[1]Products by Part Number'!$A:$L,6,0) -> 300.02 | I15: =ROUND(E15*H15,2) -> 1200.08
B16: 08003-3190H | C16: =VLOOKUP($B16,'[1]Products by Part Number'!$A:$L,2,0) -> KOM HM400-5 (1) KOM HM400-5 (2) KOM HM400-5 (3) KOM HM400-5 (4) KOM HM400-5 (5) KOM HM400-5 (6) KOM HM400-5 (7) KOM HM400-5 (8) KOM HM400-5 (9) KOM HM400-5 (10) KOM HM400 (11) KOM HM400 (12) KOM HM400 (13) KOM HM400-5 (14) | D16: =VLOOKUP($B16,'[1]Products by Part Number'!$A:$L,3,0) -> BATTERY | E16: =VLOOKUP($B16,'[1]Products by Part Number'!$A:$L,12,0) -> 28 | F16: =VLOOKUP($B16,'[1]Products by Part Number'!$A:$L,4,0) -> 583.87 | G16: =E16*F16 -> 16348.36 | H16: =VLOOKUP(B16,'[1]Products by Part Number'!$A:$L,6,0) -> 291.94 | I16: =ROUND(E16*H16,2) -> 8174.32
B17: 08003-C145F | C17: =VLOOKUP($B17,'[1]Products by Part Number'!$A:$L,2,0) -> KOM PC238USLC-11 (2) | D17: =VLOOKUP($B17,'[1]Products by Part Number'!$A:$L,3,0) -> BATTERY | E17: =VLOOKUP($B17,'[1]Products by Part Number'!$A:$L,12,0) -> 2 | F17: =VLOOKUP($B17,'[1]Products by Part Number'!$A:$L,4,0) -> 444.7 | G17: =E17*F17 -> 889.4 | H17: =VLOOKUP(B17,'[1]Products by Part Number'!$A:$L,6,0) -> 222.35 | I17: =ROUND(E17*H17,2) -> 444.7
B18: 08003-C165G | C18: =VLOOKUP($B18,'[1]Products by Part Number'!$A:$L,2,0) -> KOM WA380-8 (1) KOM WA380-8 (2) KOM WA475-10 (120) KOM PC290LC-11 (K73) | D18: =VLOOKUP($B18,'[1]Products by Part Number'!$A:$L,3,0) -> BATTERY | E18: =VLOOKUP($B18,'[1]Products by Part Number'!$A:$L,12,0) -> 8 | F18: =VLOOKUP($B18,'[1]Products by Part Number'!$A:$L,4,0) -> 483.17 | G18: =E18*F18 -> 3865.36 | H18: =VLOOKUP(B18,'[1]Products by Part Number'!$A:$L,6,0) -> 241.59 | I18: =ROUND(E18*H18,2) -> 1932.72
B19: 115-2422 | C19: =VLOOKUP($B19,'[1]Products by Part Number'!$A:$L,2,0) -> CAT 255 CAT 255 (2) CAT 255 (FL7) | D19: =VLOOKUP($B19,'[1]Products by Part Number'!$A:$L,3,0) -> BATTERY 12 V 1000 CCA | E19: =VLOOKUP($B19,'[1]Products by Part Number'!$A:$L,12,0) -> 3 | F19: =VLOOKUP($B19,'[1]Products by Part Number'!$A:$L,4,0) -> 505.03 | G19: =E19*F19 -> 1515.09 | H19: =VLOOKUP(B19,'[1]Products by Part Number'!$A:$L,6,0) -> 252.52 | I19: =ROUND(E19*H19,2) -> 757.56
B20: 134-06-61540 | C20: =VLOOKUP($B20,'[1]Products by Part Number'!$A:$L,2,0) -> KOM D61PX-24 (B60) | D20: =VLOOKUP($B20,'[1]Products by Part Number'!$A:$L,3,0) -> BATTERY | E20: =VLOOKUP($B20,'[1]Products by Part Number'!$A:$L,12,0) -> 2 | F20: =VLOOKUP($B20,'[1]Products by Part Number'!$A:$L,4,0) -> 631.66 | G20: =E20*F20 -> 1263.32 | H20: =VLOOKUP(B20,'[1]Products by Part Number'!$A:$L,6,0) -> 315.83 | I20: =ROUND(E20*H20,2) -> 631.66
B21: 153-5710 | C21: =VLOOKUP($B21,'[1]Products by Part Number'!$A:$L,2,0) -> CAT 14 (EN4) | D21: =VLOOKUP($B21,'[1]Products by Part Number'!$A:$L,3,0) -> BATTERY 12V 1400 CCA | E21: =VLOOKUP($B21,'[1]Products by Part Number'!$A:$L,12,0) -> 2 | F21: =VLOOKUP($B21,'[1]Products by Part Number'!$A:$L,4,0) -> 783.62 | G21: =E21*F21 -> 1567.24 | H21: =VLOOKUP(B21,'[1]Products by Part Number'!$A:$L,6,0) -> 391.81 | I21: =ROUND(E21*H21,2) -> 783.62
B22: 175-4390 | C22: =VLOOKUP($B22,'[1]Products by Part Number'!$A:$L,2,0) -> CAT TL1055C (KDE) | D22: =VLOOKUP($B22,'[1]Products by Part Number'!$A:$L,3,0) -> BATTERY 12V 1000CCA | E22: =VLOOKUP($B22,'[1]Products by Part Number'!$A:$L,12,0) -> 1 | F22: =VLOOKUP($B22,'[1]Products by Part Number'!$A:$L,4,0) -> 372.62 | G22: =E22*F22 -> 372.62 | H22: =VLOOKUP(B22,'[1]Products by Part Number'!$A:$L,6,0) -> 186.31 | I22: =ROUND(E22*H22,2) -> 186.31
B23: 22B-06-22311 | C23: =VLOOKUP($B23,'[1]Products by Part Number'!$A:$L,2,0) -> KOM PC138USLC-11 KOM PC238USLC-11 (1) | D23: =VLOOKUP($B23,'[1]Products by Part Number'!$A:$L,3,0) -> BATTERY | E23: =VLOOKUP($B23,'[1]Products by Part Number'!$A:$L,12,0) -> 4 | F23: =VLOOKUP($B23,'[1]Products by Part Number'!$A:$L,4,0) -> 532.45 | G23: =E23*F23 -> 2129.8 | H23: =VLOOKUP(B23,'[1]Products by Part Number'!$A:$L,6,0) -> 266.23 | I23: =ROUND(E23*H23,2) -> 1064.92
B24: 2A5-06-A1010 | C24: =VLOOKUP($B24,'[1]Products by Part Number'!$A:$L,2,0) -> KOM PC490LC-11 (A42) KOM PC490LC-11 (A42) (2) KOM PC490LC-11 (A42) (3) KOM PC490LC-11 (A42) (4) KOM PC490LC-11 (A42) (5) KOM PC490LC-11 (A43) KOM PC490LC-11 (KMT) (1) KOM PC490LC-11 (KMT) (2) KOM PC490LC-11 (KMT) (3) KOM PC360LC-11 (A37) KOM PC360LC-11 (A39) KOM PC360LC-11 (A39) (2) | D24: =VLOOKUP($B24,'[1]Products by Part Number'!$A:$L,3,0) -> BATTERY | E24: =VLOOKUP($B24,'[1]Products by Part Number'!$A:$L,12,0) -> 24 | F24: =VLOOKUP($B24,'[1]Products by Part Number'!$A:$L,4,0) -> 632.66 | G24: =E24*F24 -> 15183.84 | H24: =VLOOKUP(B24,'[1]Products by Part Number'!$A:$L,6,0) -> 316.33 | I24: =ROUND(E24*H24,2) -> 7591.92
B25: 9X-3404 | C25: =VLOOKUP($B25,'[1]Products by Part Number'!$A:$L,2,0) -> CAT 329EL (ZCD) | D25: =VLOOKUP($B25,'[1]Products by Part Number'!$A:$L,3,0) -> BATTERY 12V 900 CCA | E25: =VLOOKUP($B25,'[1]Products by Part Number'!$A:$L,12,0) -> 2 | F25: =VLOOKUP($B25,'[1]Products by Part Number'!$A:$L,4,0) -> 486.48 | G25: =E25*F25 -> 972.96 | H25: =VLOOKUP(B25,'[1]Products by Part Number'!$A:$L,6,0) -> 243.24 | I25: =ROUND(E25*H25,2) -> 486.48
B26: TY23020B | C26: =VLOOKUP($B26,'[1]Products by Part Number'!$A:$L,2,0) -> JD 470P (1FF) | D26: =VLOOKUP($B26,'[1]Products by Part Number'!$A:$L,3,0) -> BATTERY | E26: =VLOOKUP($B26,'[1]Products by Part Number'!$A:$L,12,0) -> 2 | F26: =VLOOKUP($B26,'[1]Products by Part Number'!$A:$L,4,0) -> 575.4186 | G26: =E26*F26 -> 1150.8372 | H26: =VLOOKUP(B26,'[1]Products by Part Number'!$A:$L,6,0) -> 287.71 | I26: =ROUND(E26*H26,2) -> 575.42
... B28: TY25879B | C28: =VLOOKUP($B28,'[1]Products by Part Number'!$A:$L,2,0) -> JD 624K (DW6) JD 764 (100) | D28: =VLOOKUP($B28,'[1]Products by Part Number'!$A:$L,3,0) -> BATTERY 12V 950CCA | E28: =VLOOKUP($B28,'[1]Products by Part Number'!$A:$L,12,0) -> 4 | F28: =VLOOKUP($B28,'[1]Products by Part Number'!$A:$L,4,0) -> 318.2004 | G28: =E28*F28 -> 1272.8016 | H28: =VLOOKUP(B28,'[1]Products by Part Number'!$A:$L,6,0) -> 159.1 | I28: =ROUND(E28*H28,2) -> 636.4
G29: =E29*F29 -> 0 | I29: =ROUND(E29*H29,2) -> 0
B30: TY25879B | I30: =ROUND(E30*H30,2) -> 0
I31: =ROUND(E31*H31,2) -> 0
I32: =ROUND(E32*H32,2) -> 0
I33: =ROUND(E33*H33,2) -> 0
I34: =ROUND(E34*H34,2) -> 0
I35: =ROUND(E35*H35,2) -> 0
I36: =ROUND(E36*H36,2) -> 0
I37: =ROUND(E37*H37,2) -> 0
I38: =ROUND(E38*H38,2) -> 0
I39: =ROUND(E39*H39,2) -> 0
I40: =ROUND(E40*H40,2) -> 0
I41: =ROUND(E41*H41,2) -> 0
I42: =ROUND(E42*H42,2) -> 0
... I67: =ROUND(E67*H67,2) -> 0
H68: Subtotal | I68: =SUM(I15:I67) -> 24625.21
D69: OEM MSRP : | E69: =SUM(G15:G67) -> 49249.949 | H69: Shipping | I69: 0
D70: GQP : | E70: =SUM(I15:I67) -> 24625.21 | H70: Customs/Broker Fee | I70: 0
D71: GQP SAVINGS : | E71: =E69-E70 -> 24624.739 | H71: Total | I71: =SUM(I68:I70) -> 24625.21
H72: GST | I72: =I71*0.05 -> 1231.2605
H73: PST / QST
B74: Quote valid for 14 days, shipping subject to delays in supply chain. | H74: GRAND TOTAL | I74: =SUM(I71:I73) -> 25856.47

Sheet MOQ Engine
E1: MOQ QUOTE | H1: Engine
B7: COMPANY: | C7: GRAHAM | E7: DATE: | F7: 45870 | H7: PO NUMBER:
B8: CONTACT NAME: | C8: 0 | E8: PHONE NUMBER:
B9: BILLING ADDRESS: | C9: 0 | E9: EMAIL ADDRESS:
C10: 0 | E10: SHIPPING ADDRESS:
C11: 0
C12: 0
F13: CAD $
B14: PART NUMBER | C14: Make & Model | D14: DESCRIPTION | E14: QTY | F14: OEM MSRP | H14: GQP PRICE | I14: TOTAL
B15: 336-7516 | C15: =VLOOKUP($B15,'[1]Products by Part Number'!$A:$L,2,0) -> CAT 329EL (ZCD) | D15: =VLOOKUP($B15,'[1]Products by Part Number'!$A:$L,3,0) -> CAMSHAFT | E15: =VLOOKUP($B15,'[1]Products by Part Number'!$A:$L,12,0) -> 1 | F15: =VLOOKUP($B15,'[1]Products by Part Number'!$A:$L,4,0) -> 1834.21 | G15: =E15*F15 -> 1834.21 | H15: =VLOOKUP($B15,'[1]Products by Part Number'!$A:$L,6,0) -> 917.11 | I15: =E15*H15 -> 917.11
B16: 361-5594 | C16: =VLOOKUP($B16,'[1]Products by Part Number'!$A:$L,2,0) -> CAT 14 (EN4) | D16: =VLOOKUP($B16,'[1]Products by Part Number'!$A:$L,3,0) -> CRANKSHAFT | E16: =VLOOKUP($B16,'[1]Products by Part Number'!$A:$L,12,0) -> 1 | F16: =VLOOKUP($B16,'[1]Products by Part Number'!$A:$L,4,0) -> 18666.01 | G16: =E16*F16 -> 18666.01 | H16: =VLOOKUP($B16,'[1]Products by Part Number'!$A:$L,6,0) -> 9333.01 | I16: =E16*H16 -> 9333.01
B17: 363-3890 | C17: =VLOOKUP($B17,'[1]Products by Part Number'!$A:$L,2,0) -> CAT TL1055C (KDE) | D17: =VLOOKUP($B17,'[1]Products by Part Number'!$A:$L,3,0) -> CAMSHAFT | E17: =VLOOKUP($B17,'[1]Products by Part Number'!$A:$L,12,0) -> 1 | F17: =VLOOKUP($B17,'[1]Products by Part Number'!$A:$L,4,0) -> 1706.83 | G17: =E17*F17 -> 1706.83 | H17: =VLOOKUP($B17,'[1]Products by Part Number'!$A:$L,6,0) -> 853.42 | I17: =E17*H17 -> 853.42
B18: 375-2810 | C18: =VLOOKUP($B18,'[1]Products by Part Number'!$A:$L,2,0) -> CAT 14 (EN4) | D18: =VLOOKUP($B18,'[1]Products by Part Number'!$A:$L,3,0) -> CAMSHAFT | E18: =VLOOKUP($B18,'[1]Products by Part Number'!$A:$L,12,0) -> 1 | F18: =VLOOKUP($B18,'[1]Products by Part Number'!$A:$L,4,0) -> 6599.72 | G18: =E18*F18 -> 6599.72 | H18: =VLOOKUP($B18,'[1]Products by Part Number'!$A:$L,6,0) -> 3299.86 | I18: =E18*H18 -> 3299.86
B19: 376-4074 | C19: =VLOOKUP($B19,'[1]Products by Part Number'!$A:$L,2,0) -> CAT 329EL (ZCD) | D19: =VLOOKUP($B19,'[1]Products by Part Number'!$A:$L,3,0) -> CRANKSHAFT | E19: =VLOOKUP($B19,'[1]Products by Part Number'!$A:$L,12,0) -> 1 | F19: =VLOOKUP($B19,'[1]Products by Part Number'!$A:$L,4,0) -> 11151.43 | G19: =E19*F19 -> 11151.43 | H19: =VLOOKUP($B19,'[1]Products by Part Number'!$A:$L,6,0) -> 5575.72 | I19: =E19*H19 -> 5575.72
B20: 466-4921 | C20: =VLOOKUP($B20,'[1]Products by Part Number'!$A:$L,2,0) -> CAT TL1055C (KDE) | D20: =VLOOKUP($B20,'[1]Products by Part Number'!$A:$L,3,0) -> CRANKSHAFT | E20: =VLOOKUP($B20,'[1]Products by Part Number'!$A:$L,12,0) -> 1 | F20: =VLOOKUP($B20,'[1]Products by Part Number'!$A:$L,4,0) -> 4302.96 | G20: =E20*F20 -> 4302.96 | H20: =VLOOKUP($B20,'[1]Products by Part Number'!$A:$L,6,0) -> 2151.48 | I20: =E20*H20 -> 2151.48
B21: 546-1917 | C21: =VLOOKUP($B21,'[1]Products by Part Number'!$A:$L,2,0) -> CAT 255 CAT 255 (2) CAT 255 (FL7) | D21: =VLOOKUP($B21,'[1]Products by Part Number'!$A:$L,3,0) -> CAMSHAFT | E21: =VLOOKUP($B21,'[1]Products by Part Number'!$A:$L,12,0) -> 3 | F21: =VLOOKUP($B21,'[1]Products by Part Number'!$A:$L,4,0) -> 1708.74 | G21: =E21*F21 -> 5126.22 | H21: =VLOOKUP($B21,'[1]Products by Part Number'!$A:$L,6,0) -> 854.37 | I21: =E21*H21 -> 2563.11
B22: 6252-31-1010 | C22: =VLOOKUP($B22,'[1]Products by Part Number'!$A:$L,2,0) -> KOM PC490LC-11 (A42) KOM PC490LC-11 (A42) (2) KOM PC490LC-11 (A42) (3) KOM PC490LC-11 (A42) (4) KOM PC490LC-11 (A42) (5) KOM PC490LC-11 (A43) KOM PC490LC-11 (KMT) (1) KOM PC490LC-11 (KMT) (2) KOM PC490LC-11 (KMT) (3) KOM WA475-10 (120) | D22: =VLOOKUP($B22,'[1]Products by Part Number'!$A:$L,3,0) -> CRANKSHAFT | E22: =VLOOKUP($B22,'[1]Products by Part Number'!$A:$L,12,0) -> 10 | F22: =VLOOKUP($B22,'[1]Products by Part Number'!$A:$L,4,0) -> 11348.37 | G22: =E22*F22 -> 113483.7 | H22: =VLOOKUP($B22,'[1]Products by Part Number'!$A:$L,6,0) -> 5674.19 | I22: =E22*H22 -> 56741.9
B23: 6252-41-1010 | C23: =VLOOKUP($B23,'[1]Products by Part Number'!$A:$L,2,0) -> KOM PC490LC-11 (A42) KOM PC490LC-11 (A42) (2) KOM PC490LC-11 (A42) (3) KOM PC490LC-11 (A42) (4) KOM PC490LC-11 (A42) (5) KOM PC490LC-11 (A43) KOM PC490LC-11 (KMT) (1) KOM PC490LC-11 (KMT) (2) KOM PC490LC-11 (KMT) (3) KOM WA475-10 (120) | D23: =VLOOKUP($B23,'[1]Products by Part Number'!$A:$L,3,0) -> CAMSHAFT | E23: =VLOOKUP($B23,'[1]Products by Part Number'!$A:$L,12,0) -> 10 | F23: =VLOOKUP($B23,'[1]Products by Part Number'!$A:$L,4,0) -> 3603.77 | G23: =E23*F23 -> 36037.7 | H23: =VLOOKUP($B23,'[1]Products by Part Number'!$A:$L,6,0) -> 1801.89 | I23: =E23*H23 -> 18018.9
B24: 6261-31-1200 | C24: =VLOOKUP($B24,'[1]Products by Part Number'!$A:$L,2,0) -> KOM HM400-5 (1) KOM HM400-5 (2) KOM HM400-5 (3) KOM HM400-5 (4) KOM HM400-5 (5) KOM HM400-5 (6) KOM HM400-5 (7) KOM HM400-5 (8) KOM HM400-5 (9) KOM HM400-5 (10) KOM HM400 (11) KOM HM400 (12) KOM HM400 (13) KOM HM400-5 (14) | D24: =VLOOKUP($B24,'[1]Products by Part Number'!$A:$L,3,0) -> CRANKSHAFT | E24: =VLOOKUP($B24,'[1]Products by Part Number'!$A:$L,12,0) -> 14 | F24: =VLOOKUP($B24,'[1]Products by Part Number'!$A:$L,4,0) -> 16696.43 | G24: =E24*F24 -> 233750.02 | H24: =VLOOKUP($B24,'[1]Products by Part Number'!$A:$L,6,0) -> 8348.22 | I24: =E24*H24 -> 116875.08
B25: 6263-41-1010 | C25: =VLOOKUP($B25,'[1]Products by Part Number'!$A:$L,2,0) -> KOM HM400-5 (1) KOM HM400-5 (2) KOM HM400-5 (3) KOM HM400-5 (4) KOM HM400-5 (5) KOM HM400-5 (6) KOM HM400-5 (7) KOM HM400-5 (8) KOM HM400-5 (9) KOM HM400-5 (10) KOM HM400 (11) KOM HM400 (12) KOM HM400 (13) KOM HM400-5 (14) | D25: =VLOOKUP($B25,'[1]Products by Part Number'!$A:$L,3,0) -> CAMSHAFT | E25: =VLOOKUP($B25,'[1]Products by Part Number'!$A:$L,12,0) -> 14 | F25: =VLOOKUP($B25,'[1]Products by Part Number'!$A:$L,4,0) -> 6442.61 | G25: =E25*F25 -> 90196.54 | H25: =VLOOKUP($B25,'[1]Products by Part Number'!$A:$L,6,0) -> 3221.31 | I25: =E25*H25 -> 45098.34
B26: 6271-31-1110 | C26: =VLOOKUP($B26,'[1]Products by Part Number'!$A:$L,2,0) -> KOM PC138USLC-11 KOM PC238USLC-11 (1) | D26: =VLOOKUP($B26,'[1]Products by Part Number'!$A:$L,3,0) -> CRANKSHAFT | E26: =VLOOKUP($B26,'[1]Products by Part Number'!$A:$L,12,0) -> 2 | F26: =VLOOKUP($B26,'[1]Products by Part Number'!$A:$L,4,0) -> 3547.2 | G26: =E26*F26 -> 7094.4 | H26: =VLOOKUP($B26,'[1]Products by Part Number'!$A:$L,6,0) -> 1773.6 | I26: =E26*H26 -> 3547.2
... B38: RE539339 | C38: =VLOOKUP($B38,'[1]Products by Part Number'!$A:$L,2,0) -> JD 470P (1FF) | D38: =VLOOKUP($B38,'[1]Products by Part Number'!$A:$L,3,0) -> CRANKSHAFT | E38: =VLOOKUP($B38,'[1]Products by Part Number'!$A:$L,12,0) -> 1 | F38: =VLOOKUP($B38,'[1]Products by Part Number'!$A:$L,4,0) -> 12521.734 | G38: =E38*F38 -> 12521.734 | H38: =VLOOKUP($B38,'[1]Products by Part Number'!$A:$L,6,0) -> 6260.87 | I38: =E38*H38 -> 6260.87
I39: =ROUND(E39*H39,2) -> 0
I40: =ROUND(E40*H40,2) -> 0
I41: =ROUND(E41*H41,2) -> 0
I42: =ROUND(E42*H42,2) -> 0
I43: =ROUND(E43*H43,2) -> 0
I44: =ROUND(E44*H44,2) -> 0
I45: =ROUND(E45*H45,2) -> 0
I46: =ROUND(E46*H46,2) -> 0
I47: =ROUND(E47*H47,2) -> 0
I48: =ROUND(E48*H48,2) -> 0
I49: =ROUND(E49*H49,2) -> 0
I50: =ROUND(E50*H50,2) -> 0
... I83: =ROUND(E83*H83,2) -> 0
H84: Subtotal | I84: =SUM(I15:I83) -> 319196.89
D85: OEM MSRP : | E85: =SUM(G15:G83) -> 638393.26 | H85: Shipping | I85: 0
D86: GQP : | E86: =SUM(I15:I83) -> 319196.89 | H86: Customs/Broker Fee | I86: 0
D87: GQP SAVINGS : | E87: =E85-E86 -> 319196.37 | H87: Total | I87: =SUM(I84:I86) -> 319196.89
H88: GST | I88: =I87*0.05 -> 15959.845
H89: PST / QST
B90: Quote valid for 14 days, shipping subject to delays in supply chain. | H90: GRAND TOTAL | I90: =SUM(I87:I89) -> 335156.73

Sheet MOQ Filters Q1
E1: MOQ QUOTE | H1: Filters Q1
B7: COMPANY: | C7: GRAHAM | E7: DATE: | F7: 45870 | H7: PO NUMBER:
B8: CONTACT NAME: | C8: 0 | E8: PHONE NUMBER:
B9: BILLING ADDRESS: | C9: 0 | E9: EMAIL ADDRESS:
C10: 0 | E10: SHIPPING ADDRESS:
C11: 0
C12: 0
F13: CAD $
B14: PART NUMBER | C14: Make & Model | D14: DESCRIPTION | E14: QTY | F14: OEM MSRP | H14: GQP PRICE | I14: TOTAL
B15: 12Y-979-1174 | C15: =VLOOKUP($B15,'[1]Products by Part Number'!$A:$L,2,0) -> KOM D71PX-24 (1) KOM D71PX-24 (2) KOM D71PX-24 (3) KOM D71PX-24 (4) KOM D71PX-24 (5) KOM D71PX-24 (6) KOM D71PX-24 (7) KOM D61PX-24 (B60) | D15: =VLOOKUP($B15,'[1]Products by Part Number'!$A:$L,3,0) -> CAB AIR FILTER | E15: =VLOOKUP($B15,'[1]Products by Part Number'!$A:$L,8,0) -> 9 | F15: =VLOOKUP($B15,'[1]Products by Part Number'!$A:$L,4,0) -> 188.7426 | G15: =E15*F15 -> 1698.6834 | H15: =VLOOKUP($B15,'[1]Products by Part Number'!$A:$L,6,0) -> 122.68 | I15: =ROUND(E15*H15,2) -> 1104.12
B16: 12Y-979-6180 | C16: =VLOOKUP($B16,'[1]Products by Part Number'!$A:$L,2,0) -> KOM D71PX-24 (1) KOM D71PX-24 (2) KOM D71PX-24 (3) KOM D71PX-24 (4) KOM D71PX-24 (5) KOM D71PX-24 (6) KOM D71PX-24 (7) KOM D61PX-24 (B60) | D16: =VLOOKUP($B16,'[1]Products by Part Number'!$A:$L,3,0) -> CAB AIR FILTER | E16: =VLOOKUP($B16,'[1]Products by Part Number'!$A:$L,8,0) -> 9 | F16: =VLOOKUP($B16,'[1]Products by Part Number'!$A:$L,4,0) -> 164.082 | G16: =E16*F16 -> 1476.738 | H16: =VLOOKUP($B16,'[1]Products by Part Number'!$A:$L,6,0) -> 106.65 | I16: =ROUND(E16*H16,2) -> 959.85
B17: 149-1912 | C17: =VLOOKUP($B17,'[1]Products by Part Number'!$A:$L,2,0) -> CAT 14 (EN4) | D17: =VLOOKUP($B17,'[1]Products by Part Number'!$A:$L,3,0) -> CAB AIR FILTER | E17: =VLOOKUP($B17,'[1]Products by Part Number'!$A:$L,8,0) -> 2 | F17: =VLOOKUP($B17,'[1]Products by Part Number'!$A:$L,4,0) -> 93.03 | G17: =E17*F17 -> 186.06 | H17: =VLOOKUP($B17,'[1]Products by Part Number'!$A:$L,6,0) -> 60.47 | I17: =ROUND(E17*H17,2) -> 120.94
B18: 17M-911-3530 | C18: =VLOOKUP($B18,'[1]Products by Part Number'!$A:$L,2,0) -> KOM PC138USLC-11 KOM PC238USLC-11 (1) KOM PC490LC-11 (A42) KOM PC490LC-11 (A42) (2) KOM PC490LC-11 (A42) (3) KOM PC490LC-11 (A42) (4) KOM PC490LC-11 (A42) (5) KOM PC490LC-11 (A43) KOM PC490LC-11 (KMT) (1) KOM PC490LC-11 (KMT) (2) KOM PC490LC-11 (KMT) (3) KOM PC360LC-11 (A37) KOM PC360LC-11 (A39) KOM PC360LC-11 (A39) (2) KOM PC290LC-11 (K73) | D18: =VLOOKUP($B18,'[1]Products by Part Number'!$A:$L,3,0) -> CAB AIR FILTER | E18: =VLOOKUP($B18,'[1]Products by Part Number'!$A:$L,8,0) -> 30 | F18: =VLOOKUP($B18,'[1]Products by Part Number'!$A:$L,4,0) -> 67.87 | G18: =E18*F18 -> 2036.1 | H18: =VLOOKUP($B18,'[1]Products by Part Number'!$A:$L,6,0) -> 44.12 | I18: =ROUND(E18*H18,2) -> 1323.6
B19: 211-2660 | C19: =VLOOKUP($B19,'[1]Products by Part Number'!$A:$L,2,0) -> CAT 14 (EN4) | D19: =VLOOKUP($B19,'[1]Products by Part Number'!$A:$L,3,0) -> CAB AIR FILTER | E19: =VLOOKUP($B19,'[1]Products by Part Number'!$A:$L,8,0) -> 2 | F19: =VLOOKUP($B19,'[1]Products by Part Number'!$A:$L,4,0) -> 74.81 | G19: =E19*F19 -> 149.62 | H19: =VLOOKUP($B19,'[1]Products by Part Number'!$A:$L,6,0) -> 48.63 | I19: =ROUND(E19*H19,2) -> 97.26
B20: 222-9020 | C20: =VLOOKUP($B20,'[1]Products by Part Number'!$A:$L,2,0) -> CAT TL1055C (KDE) | D20: =VLOOKUP($B20,'[1]Products by Part Number'!$A:$L,3,0) -> PRIMARY AIR FILTER | E20: =VLOOKUP($B20,'[1]Products by Part Number'!$A:$L,8,0) -> 1 | F20: =VLOOKUP($B20,'[1]Products by Part Number'!$A:$L,4,0) -> 100.67 | G20: =E20*F20 -> 100.67 | H20: =VLOOKUP($B20,'[1]Products by Part Number'!$A:$L,6,0) -> 65.44 | I20: =ROUND(E20*H20,2) -> 65.44
B21: 222-9021 | C21: =VLOOKUP($B21,'[1]Products by Part Number'!$A:$L,2,0) -> CAT TL1055C (KDE) | D21: =VLOOKUP($B21,'[1]Products by Part Number'!$A:$L,3,0) -> SECONDARY AIR FILTER | E21: =VLOOKUP($B21,'[1]Products by Part Number'!$A:$L,8,0) -> 1 | F21: =VLOOKUP($B21,'[1]Products by Part Number'!$A:$L,4,0) -> 80.09 | G21: =E21*F21 -> 80.09 | H21: =VLOOKUP($B21,'[1]Products by Part Number'!$A:$L,6,0) -> 52.06 | I21: =ROUND(E21*H21,2) -> 52.06
B22: 2A5-979-1551 | C22: =VLOOKUP($B22,'[1]Products by Part Number'!$A:$L,2,0) -> KOM PC490LC-11 (A42) KOM PC490LC-11 (A42) (2) KOM PC490LC-11 (A42) (3) KOM PC490LC-11 (A42) (4) KOM PC490LC-11 (A42) (5) KOM PC490LC-11 (A43) KOM PC490LC-11 (KMT) (1) KOM PC490LC-11 (KMT) (2) KOM PC490LC-11 (KMT) (3) KOM PC360LC-11 (A37) KOM PC360LC-11 (A39) KOM PC360LC-11 (A39) (2) KOM PC290LC-11 (K73) | D22: =VLOOKUP($B22,'[1]Products by Part Number'!$A:$L,3,0) -> CAB AIR FILTER | E22: =VLOOKUP($B22,'[1]Products by Part Number'!$A:$L,8,0) -> 26 | F22: =VLOOKUP($B22,'[1]Products by Part Number'!$A:$L,4,0) -> 68.78 | G22: =E22*F22 -> 1788.28 | H22: =VLOOKUP($B22,'[1]Products by Part Number'!$A:$L,6,0) -> 44.71 | I22: =ROUND(E22*H22,2) -> 1162.46
B23: 327-6618 | C23: =VLOOKUP($B23,'[1]Products by Part Number'!$A:$L,2,0) -> CAT 329EL (ZCD) | D23: =VLOOKUP($B23,'[1]Products by Part Number'!$A:$L,3,0) -> CAB AIR FILTER | E23: =VLOOKUP($B23,'[1]Products by Part Number'!$A:$L,8,0) -> 2 | F23: =VLOOKUP($B23,'[1]Products by Part Number'!$A:$L,4,0) -> 82.09 | G23: =E23*F23 -> 164.18 | H23: =VLOOKUP($B23,'[1]Products by Part Number'!$A:$L,6,0) -> 53.36 | I23: =ROUND(E23*H23,2) -> 106.72
B24: 331-8108 | C24: =VLOOKUP($B24,'[1]Products by Part Number'!$A:$L,2,0) -> CAT 14 (EN4) | D24: =VLOOKUP($B24,'[1]Products by Part Number'!$A:$L,3,0) -> SECONDARY AIR FILTER | E24: =VLOOKUP($B24,'[1]Products by Part Number'!$A:$L,8,0) -> 1 | F24: =VLOOKUP($B24,'[1]Products by Part Number'!$A:$L,4,0) -> 105.26 | G24: =E24*F24 -> 105.26 | H24: =VLOOKUP($B24,'[1]Products by Part Number'!$A:$L,6,0) -> 68.42 | I24: =ROUND(E24*H24,2) -> 68.42
B25: 421-07-72450 | C25: =VLOOKUP($B25,'[1]Products by Part Number'!$A:$L,2,0) -> KOM WA475-10 (120) | D25: =VLOOKUP($B25,'[1]Products by Part Number'!$A:$L,3,0) -> CAB AIR FILTER | E25: =VLOOKUP($B25,'[1]Products by Part Number'!$A:$L,8,0) -> 1 | F25: =VLOOKUP($B25,'[1]Products by Part Number'!$A:$L,4,0) -> 134.67 | G25: =E25*F25 -> 134.67 | H25: =VLOOKUP($B25,'[1]Products by Part Number'!$A:$L,6,0) -> 87.54 | I25: =ROUND(E25*H25,2) -> 87.54
B26: 423-07-52411 | C26: =VLOOKUP($B26,'[1]Products by Part Number'!$A:$L,2,0) -> KOM WA380-8 (1) KOM WA380-8 (2) KOM WA320-8 (867) KOM WA320PZ-6 (729) | D26: =VLOOKUP($B26,'[1]Products by Part Number'!$A:$L,3,0) -> CAB AIR FILTER | E26: =VLOOKUP($B26,'[1]Products by Part Number'!$A:$L,8,0) -> 6 | F26: =VLOOKUP($B26,'[1]Products by Part Number'!$A:$L,4,0) -> 152.87 | G26: =E26*F26 -> 917.22 | H26: =VLOOKUP($B26,'[1]Products by Part Number'!$A:$L,6,0) -> 99.37 | I26: =ROUND(E26*H26,2) -> 596.22
... B60: TT220747 | C60: =VLOOKUP($B60,'[1]Products by Part Number'!$A:$L,2,0) -> JD 470P (1FF) | D60: =VLOOKUP($B60,'[1]Products by Part Number'!$A:$L,3,0) -> SECONDARY AIR FILTER | E60: =VLOOKUP($B60,'[1]Products by Part Number'!$A:$L,8,0) -> 1 | F60: =VLOOKUP($B60,'[1]Products by Part Number'!$A:$L,4,0) -> 122.9028 | G60: =E60*F60 -> 122.9028 | H60: =VLOOKUP($B60,'[1]Products by Part Number'!$A:$L,6,0) -> 79.89 | I60: =ROUND(E60*H60,2) -> 79.89
B61: 4630525 | C61: =VLOOKUP($B61,'[1]Products by Part Number'!$A:$L,2,0) -> JD 470P (1FF) | D61: =VLOOKUP($B61,'[1]Products by Part Number'!$A:$L,3,0) -> HYDRAULIC FILTER PILOT | E61: =VLOOKUP($B61,'[1]Products by Part Number'!$A:$L,8,0) -> 1 | F61: =VLOOKUP($B61,'[1]Products by Part Number'!$A:$L,4,0) -> 40.641 | G61: =E61*F61 -> 40.641 | H61: =VLOOKUP($B61,'[1]Products by Part Number'!$A:$L,6,0) -> 20.32 | I61: =ROUND(E61*H61,2) -> 20.32
B62: 207-970-5121 | C62: =VLOOKUP($B62,'[1]Products by Part Number'!$A:$L,2,0) -> KOM PC360LC-11 (A37) KOM PC360LC-11 (A39) KOM PC360LC-11 (A39) (2) | D62: =VLOOKUP($B62,'[1]Products by Part Number'!$A:$L,3,0) -> HYDRAULIC FILTER | E62: =VLOOKUP($B62,'[1]Products by Part Number'!$A:$L,8,0) -> 3 | F62: =VLOOKUP($B62,'[1]Products by Part Number'!$A:$L,4,0) -> 198.35 | G62: =E62*F62 -> 595.05 | H62: =VLOOKUP($B62,'[1]Products by Part Number'!$A:$L,6,0) -> 99.18 | I62: =ROUND(E62*H62,2) -> 297.54
B63: 093-7521 | C63: =VLOOKUP($B63,'[1]Products by Part Number'!$A:$L,2,0) -> CAT 329EL (ZCD) | D63: =VLOOKUP($B63,'[1]Products by Part Number'!$A:$L,3,0) -> HYDRAULIC FILTER CASE DRAIN | E63: =VLOOKUP($B63,'[1]Products by Part Number'!$A:$L,8,0) -> 1 | F63: =VLOOKUP($B63,'[1]Products by Part Number'!$A:$L,4,0) -> 98.57 | G63: =E63*F63 -> 98.57 | H63: =VLOOKUP($B63,'[1]Products by Part Number'!$A:$L,6,0) -> 49.29 | I63: =ROUND(E63*H63,2) -> 49.29
B64: 11Y-60-28712 | C64: =VLOOKUP($B64,'[1]Products by Part Number'!$A:$L,2,0) -> KOM D61PX-24 (B60) | D64: =VLOOKUP($B64,'[1]Products by Part Number'!$A:$L,3,0) -> HYDRAULIC FILTER | E64: =VLOOKUP($B64,'[1]Products by Part Number'!$A:$L,8,0) -> 1 | F64: =VLOOKUP($B64,'[1]Products by Part Number'!$A:$L,4,0) -> 370.6 | G64: =E64*F64 -> 370.6 | H64: =VLOOKUP($B64,'[1]Products by Part Number'!$A:$L,6,0) -> 185.3 | I64: =ROUND(E64*H64,2) -> 185.3
B65: 179-9806 | C65: =VLOOKUP($B65,'[1]Products by Part Number'!$A:$L,2,0) -> CAT 329EL (ZCD) | D65: =VLOOKUP($B65,'[1]Products by Part Number'!$A:$L,3,0) -> HYDRAULIC FILTER RETURN | E65: =VLOOKUP($B65,'[1]Products by Part Number'!$A:$L,8,0) -> 1 | F65: =VLOOKUP($B65,'[1]Products by Part Number'!$A:$L,4,0) -> 221.11 | G65: =E65*F65 -> 221.11 | H65: =VLOOKUP($B65,'[1]Products by Part Number'!$A:$L,6,0) -> 110.56 | I65: =ROUND(E65*H65,2) -> 110.56
B66: 207-60-71183 | C66: =VLOOKUP($B66,'[1]Products by Part Number'!$A:$L,2,0) -> KOM HM400-5 (1) KOM HM400-5 (2) KOM HM400-5 (3) KOM HM400-5 (4) KOM HM400-5 (5) KOM HM400-5 (6) KOM HM400-5 (7) KOM HM400-5 (8) KOM HM400-5 (9) KOM HM400-5 (10) KOM HM400 (11) KOM HM400 (12) KOM HM400 (13) KOM HM400-5 (14) KOM PC238USLC-11 (2) KOM PC360LC-11 (A37) KOM PC360LC-11 (A39) KOM PC360LC-11 (A39) (2) KOM WA475-10 (120) KOM PC290LC-11 (K73) | D66: =VLOOKUP($B66,'[1]Products by Part Number'!$A:$L,3,0) -> HYDRAULIC FILTER TANK | E66: =VLOOKUP($B66,'[1]Products by Part Number'!$A:$L,8,0) -> 20 | F66: =VLOOKUP($B66,'[1]Products by Part Number'!$A:$L,4,0) -> 188.98 | G66: =E66*F66 -> 3779.6 | H66: =VLOOKUP($B66,'[1]Products by Part Number'!$A:$L,6,0) -> 94.49 | I66: =ROUND(E66*H66,2) -> 1889.8
B67: 208-60-71124 | C67: =VLOOKUP($B67,'[1]Products by Part Number'!$A:$L,2,0) -> KOM HM400-5 (1) KOM HM400-5 (2) KOM HM400-5 (3) KOM HM400-5 (4) KOM HM400-5 (5) KOM HM400-5 (6) KOM HM400-5 (7) KOM HM400-5 (8) KOM HM400-5 (9) KOM HM400-5 (10) KOM HM400 (11) KOM HM400 (12) KOM HM400 (13) KOM HM400-5 (14) KOM PC490LC-11 (A42) KOM PC490LC-11 (A42) (2) KOM PC490LC-11 (A42) (3) KOM PC490LC-11 (A42) (4) KOM PC490LC-11 (A42) (5) KOM PC490LC-11 (A43) KOM PC490LC-11 (KMT) (1) KOM PC490LC-11 (KMT) (2) KOM PC490LC-11 (KMT) (3) | D67: =VLOOKUP($B67,'[1]Products by Part Number'!$A:$L,3,0) -> HYDRAULIC FILTER ACCUMULATOR | E67: =VLOOKUP($B67,'[1]Products by Part Number'!$A:$L,8,0) -> 23 | F67: =VLOOKUP($B67,'[1]Products by Part Number'!$A:$L,4,0) -> 259.43 | G67: =E67*F67 -> 5966.89 | H67: =VLOOKUP($B67,'[1]Products by Part Number'!$A:$L,6,0) -> 129.72 | I67: =ROUND(E67*H67,2) -> 2983.56
B68: 22P-60-21161 | C68: =VLOOKUP($B68,'[1]Products by Part Number'!$A:$L,2,0) -> KOM D61PX-24 (B60) | D68: =VLOOKUP($B68,'[1]Products by Part Number'!$A:$L,3,0) -> HYDRAULIC FILTER | E68: =VLOOKUP($B68,'[1]Products by Part Number'!$A:$L,8,0) -> 1 | F68: =VLOOKUP($B68,'[1]Products by Part Number'!$A:$L,4,0) -> 220.88 | G68: =E68*F68 -> 220.88 | H68: =VLOOKUP($B68,'[1]Products by Part Number'!$A:$L,6,0) -> 110.44 | I68: =ROUND(E68*H68,2) -> 110.44
B69: 328-3655 | C69: =VLOOKUP($B69,'[1]Products by Part Number'!$A:$L,2,0) -> CAT 14 (EN4) | D69: =VLOOKUP($B69,'[1]Products by Part Number'!$A:$L,3,0) -> HYDRAULIC FILTER | E69: =VLOOKUP($B69,'[1]Products by Part Number'!$A:$L,8,0) -> 1 | F69: =VLOOKUP($B69,'[1]Products by Part Number'!$A:$L,4,0) -> 197.31 | G69: =E69*F69 -> 197.31 | H69: =VLOOKUP($B69,'[1]Products by Part Number'!$A:$L,6,0) -> 98.66 | I69: =ROUND(E69*H69,2) -> 98.66
B70: 389-1076 | C70: =VLOOKUP($B70,'[1]Products by Part Number'!$A:$L,2,0) -> CAT 14 (EN4) | D70: =VLOOKUP($B70,'[1]Products by Part Number'!$A:$L,3,0) -> HYDRAULIC FILTER | E70: =VLOOKUP($B70,'[1]Products by Part Number'!$A:$L,8,0) -> 1 | F70: =VLOOKUP($B70,'[1]Products by Part Number'!$A:$L,4,0) -> 103.37 | G70: =E70*F70 -> 103.37 | H70: =VLOOKUP($B70,'[1]Products by Part Number'!$A:$L,6,0) -> 51.69 | I70: =ROUND(E70*H70,2) -> 51.69
B71: 418-60-55151 | C71: =VLOOKUP($B71,'[1]Products by Part Number'!$A:$L,2,0) -> KOM WA320-8 (867) KOM WA320PZ-6 (729) | D71: =VLOOKUP($B71,'[1]Products by Part Number'!$A:$L,3,0) -> HYDRAULIC FILTER | E71: =VLOOKUP($B71,'[1]Products by Part Number'!$A:$L,8,0) -> 2 | F71: =VLOOKUP($B71,'[1]Products by Part Number'!$A:$L,4,0) -> 197.46 | G71: =E71*F71 -> 394.92 | H71: =VLOOKUP($B71,'[1]Products by Part Number'!$A:$L,6,0) -> 98.73 | I71: =ROUND(E71*H71,2) -> 197.46
B72: 421-5479 | C72: =VLOOKUP($B72,'[1]Products by Part Number'!$A:$L,2,0) -> CAT 255 CAT 255 (2) CAT 255 (FL7) | D72: =VLOOKUP($B72,'[1]Products by Part Number'!$A:$L,3,0) -> HYDRAULIC FILTER | E72: =VLOOKUP($B72,'[1]Products by Part Number'!$A:$L,8,0) -> 3 | F72: =VLOOKUP($B72,'[1]Products by Part Number'!$A:$L,4,0) -> 91.89 | G72: =E72*F72 -> 275.67 | H72: =VLOOKUP($B72,'[1]Products by Part Number'!$A:$L,6,0) -> 45.95 | I72: =ROUND(E72*H72,2) -> 137.85
B73: 423-60-45461 | C73: =VLOOKUP($B73,'[1]Products by Part Number'!$A:$L,2,0) -> KOM D71PX-24 (1) KOM D71PX-24 (2) KOM D71PX-24 (3) KOM D71PX-24 (4) KOM D71PX-24 (5) KOM D71PX-24 (6) KOM D71PX-24 (7) KOM WA380-8 (1) KOM WA380-8 (2) | D73: =VLOOKUP($B73,'[1]Products by Part Number'!$A:$L,3,0) -> HYDRAULIC FILTER TANK | E73: =VLOOKUP($B73,'[1]Products by Part Number'!$A:$L,8,0) -> 16 | F73: =VLOOKUP($B73,'[1]Products by Part Number'!$A:$L,4,0) -> 161.1564 | G73: =E73*F73 -> 2578.5024 | H73: =VLOOKUP($B73,'[1]Products by Part Number'!$A:$L,6,0) -> 80.58 | I73: =ROUND(E73*H73,2) -> 1289.28
... B122: RE572785 | C122: =VLOOKUP($B122,'[1]Products by Part Number'!$A:$L,2,0) -> JD 470P (1FF) | D122: =VLOOKUP($B122,'[1]Products by Part Number'!$A:$L,3,0) -> ENGINE OIL FILTER | E122: =VLOOKUP($B122,'[1]Products by Part Number'!$A:$L,8,0) -> 2 | F122: =VLOOKUP($B122,'[1]Products by Part Number'!$A:$L,4,0) -> 122.9166 | G122: =E122*F122 -> 245.8332 | H122: =VLOOKUP($B122,'[1]Products by Part Number'!$A:$L,6,0) -> 61.46 | I122: =ROUND(E122*H122,2) -> 122.92
I123: =ROUND(E123*H123,2) -> 0
I124: =ROUND(E124*H124,2) -> 0
I125: =ROUND(E125*H125,2) -> 0
I126: =ROUND(E126*H126,2) -> 0
I127: =ROUND(E127*H127,2) -> 0
I128: =ROUND(E128*H128,2) -> 0
I129: =ROUND(E129*H129,2) -> 0
H130: Subtotal | I130: =SUM(I15:I129) -> 48015.48
D131: OEM MSRP : | E131: =SUM(G15:G129) -> 88462.369 | H131: Shipping | I131: 0
D132: GQP : | E132: =SUM(I15:I129) -> 48015.48 | H132: Customs/Broker Fee | I132: 0
D133: GQP SAVINGS : | E133: =E131-E132 -> 40446.889 | H133: Total | I133: =SUM(I130:I132) -> 48015.48
H134: GST | I134: =I133*0.05 -> 2400.774
H135: PST / QST
B136: Quote valid for 14 days, shipping subject to delays in supply chain. | H136: GRAND TOTAL | I136: =SUM(I133:I135) -> 50416.254

Sheet MOQ Filters Q2
E1: MOQ QUOTE | H1: Filters Q2
B7: COMPANY: | C7: GRAHAM | E7: DATE: | F7: 45870 | H7: PO NUMBER:
B8: CONTACT NAME: | C8: 0 | E8: PHONE NUMBER:
B9: BILLING ADDRESS: | C9: 0 | E9: EMAIL ADDRESS:
C10: 0 | E10: SHIPPING ADDRESS:
C11: 0
C12: 0
F13: CAD $
B14: PART NUMBER | C14: Make & Model | D14: DESCRIPTION | E14: QTY | F14: OEM MSRP | H14: GQP PRICE | I14: TOTAL
B15: 12Y-979-1174 | C15: =VLOOKUP($B15,'[1]Products by Part Number'!$A:$L,2,0) -> KOM D71PX-24 (1) KOM D71PX-24 (2) KOM D71PX-24 (3) KOM D71PX-24 (4) KOM D71PX-24 (5) KOM D71PX-24 (6) KOM D71PX-24 (7) KOM D61PX-24 (B60) | D15: =VLOOKUP($B15,'[1]Products by Part Number'!$A:$L,3,0) -> CAB AIR FILTER | E15: =VLOOKUP($B15,'[1]Products by Part Number'!$A:$L,9,0) -> 8 | F15: =VLOOKUP($B15,'[1]Products by Part Number'!$A:$L,4,0) -> 188.7426 | G15: =E15*F15 -> 1509.9408 | H15: =VLOOKUP($B15,'[1]Products by Part Number'!$A:$L,6,0) -> 122.68 | I15: =ROUND(E15*H15,2) -> 981.44
B16: 12Y-979-6180 | C16: =VLOOKUP($B16,'[1]Products by Part Number'!$A:$L,2,0) -> KOM D71PX-24 (1) KOM D71PX-24 (2) KOM D71PX-24 (3) KOM D71PX-24 (4) KOM D71PX-24 (5) KOM D71PX-24 (6) KOM D71PX-24 (7) KOM D61PX-24 (B60) | D16: =VLOOKUP($B16,'[1]Products by Part Number'!$A:$L,3,0) -> CAB AIR FILTER | E16: =VLOOKUP($B16,'[1]Products by Part Number'!$A:$L,9,0) -> 8 | F16: =VLOOKUP($B16,'[1]Products by Part Number'!$A:$L,4,0) -> 164.082 | G16: =E16*F16 -> 1312.656 | H16: =VLOOKUP($B16,'[1]Products by Part Number'!$A:$L,6,0) -> 106.65 | I16: =ROUND(E16*H16,2) -> 853.2
B17: 149-1912 | C17: =VLOOKUP($B17,'[1]Products by Part Number'!$A:$L,2,0) -> CAT 14 (EN4) | D17: =VLOOKUP($B17,'[1]Products by Part Number'!$A:$L,3,0) -> CAB AIR FILTER | E17: =VLOOKUP($B17,'[1]Products by Part Number'!$A:$L,9,0) -> 1 | F17: =VLOOKUP($B17,'[1]Products by Part Number'!$A:$L,4,0) -> 93.03 | G17: =E17*F17 -> 93.03 | H17: =VLOOKUP(B17,'[1]Products by Part Number'!$A:$F,6,0) -> 60.47 | I17: =ROUND(E17*H17,2) -> 60.47
B18: 17M-911-3530 | C18: =VLOOKUP($B18,'[1]Products by Part Number'!$A:$L,2,0) -> KOM PC138USLC-11 KOM PC238USLC-11 (1) KOM PC490LC-11 (A42) KOM PC490LC-11 (A42) (2) KOM PC490LC-11 (A42) (3) KOM PC490LC-11 (A42) (4) KOM PC490LC-11 (A42) (5) KOM PC490LC-11 (A43) KOM PC490LC-11 (KMT) (1) KOM PC490LC-11 (KMT) (2) KOM PC490LC-11 (KMT) (3) KOM PC360LC-11 (A37) KOM PC360LC-11 (A39) KOM PC360LC-11 (A39) (2) KOM PC290LC-11 (K73) | D18: =VLOOKUP($B18,'[1]Products by Part Number'!$A:$L,3,0) -> CAB AIR FILTER | E18: =VLOOKUP($B18,'[1]Products by Part Number'!$A:$L,9,0) -> 15 | F18: =VLOOKUP($B18,'[1]Products by Part Number'!$A:$L,4,0) -> 67.87 | G18: =E18*F18 -> 1018.05 | H18: =VLOOKUP(B18,'[1]Products by Part Number'!$A:$F,6,0) -> 44.12 | I18: =ROUND(E18*H18,2) -> 661.8
B19: 211-2660 | C19: =VLOOKUP($B19,'[1]Products by Part Number'!$A:$L,2,0) -> CAT 14 (EN4) | D19: =VLOOKUP($B19,'[1]Products by Part Number'!$A:$L,3,0) -> CAB AIR FILTER | E19: =VLOOKUP($B19,'[1]Products by Part Number'!$A:$L,9,0) -> 1 | F19: =VLOOKUP($B19,'[1]Products by Part Number'!$A:$L,4,0) -> 74.81 | G19: =E19*F19 -> 74.81 | H19: =VLOOKUP(B19,'[1]Products by Part Number'!$A:$F,6,0) -> 48.63 | I19: =ROUND(E19*H19,2) -> 48.63
B20: 222-9020 | C20: =VLOOKUP($B20,'[1]Products by Part Number'!$A:$L,2,0) -> CAT TL1055C (KDE) | D20: =VLOOKUP($B20,'[1]Products by Part Number'!$A:$L,3,0) -> PRIMARY AIR FILTER | E20: =VLOOKUP($B20,'[1]Products by Part Number'!$A:$L,9,0) -> 1 | F20: =VLOOKUP($B20,'[1]Products by Part Number'!$A:$L,4,0) -> 100.67 | G20: =E20*F20 -> 100.67 | H20: =VLOOKUP(B20,'[1]Products by Part Number'!$A:$F,6,0) -> 65.44 | I20: =ROUND(E20*H20,2) -> 65.44
B21: 222-9021 | C21: =VLOOKUP($B21,'[1]Products by Part Number'!$A:$L,2,0) -> CAT TL1055C (KDE) | D21: =VLOOKUP($B21,'[1]Products by Part Number'!$A:$L,3,0) -> SECONDARY AIR FILTER | E21: =VLOOKUP($B21,'[1]Products by Part Number'!$A:$L,9,0) -> 1 | F21: =VLOOKUP($B21,'[1]Products by Part Number'!$A:$L,4,0) -> 80.09 | G21: =E21*F21 -> 80.09 | H21: =VLOOKUP(B21,'[1]Products by Part Number'!$A:$F,6,0) -> 52.06 | I21: =ROUND(E21*H21,2) -> 52.06
B22: 2A5-979-1551 | C22: =VLOOKUP($B22,'[1]Products by Part Number'!$A:$L,2,0) -> KOM PC490LC-11 (A42) KOM PC490LC-11 (A42) (2) KOM PC490LC-11 (A42) (3) KOM PC490LC-11 (A42) (4) KOM PC490LC-11 (A42) (5) KOM PC490LC-11 (A43) KOM PC490LC-11 (KMT) (1) KOM PC490LC-11 (KMT) (2) KOM PC490LC-11 (KMT) (3) KOM PC360LC-11 (A37) KOM PC360LC-11 (A39) KOM PC360LC-11 (A39) (2) KOM PC290LC-11 (K73) | D22: =VLOOKUP($B22,'[1]Products by Part Number'!$A:$L,3,0) -> CAB AIR FILTER | E22: =VLOOKUP($B22,'[1]Products by Part Number'!$A:$L,9,0) -> 13 | F22: =VLOOKUP($B22,'[1]Products by Part Number'!$A:$L,4,0) -> 68.78 | G22: =E22*F22 -> 894.14 | H22: =VLOOKUP(B22,'[1]Products by Part Number'!$A:$F,6,0) -> 44.71 | I22: =ROUND(E22*H22,2) -> 581.23
B23: 327-6618 | C23: =VLOOKUP($B23,'[1]Products by Part Number'!$A:$L,2,0) -> CAT 329EL (ZCD) | D23: =VLOOKUP($B23,'[1]Products by Part Number'!$A:$L,3,0) -> CAB AIR FILTER | E23: =VLOOKUP($B23,'[1]Products by Part Number'!$A:$L,9,0) -> 1 | F23: =VLOOKUP($B23,'[1]Products by Part Number'!$A:$L,4,0) -> 82.09 | G23: =E23*F23 -> 82.09 | H23: =VLOOKUP(B23,'[1]Products by Part Number'!$A:$F,6,0) -> 53.36 | I23: =ROUND(E23*H23,2) -> 53.36
B24: 331-8108 | C24: =VLOOKUP($B24,'[1]Products by Part Number'!$A:$L,2,0) -> CAT 14 (EN4) | D24: =VLOOKUP($B24,'[1]Products by Part Number'!$A:$L,3,0) -> SECONDARY AIR FILTER | E24: =VLOOKUP($B24,'[1]Products by Part Number'!$A:$L,9,0) -> 1 | F24: =VLOOKUP($B24,'[1]Products by Part Number'!$A:$L,4,0) -> 105.26 | G24: =E24*F24 -> 105.26 | H24: =VLOOKUP(B24,'[1]Products by Part Number'!$A:$F,6,0) -> 68.42 | I24: =ROUND(E24*H24,2) -> 68.42
B25: 421-07-72450 | C25: =VLOOKUP($B25,'[1]Products by Part Number'!$A:$L,2,0) -> KOM WA475-10 (120) | D25: =VLOOKUP($B25,'[1]Products by Part Number'!$A:$L,3,0) -> CAB AIR FILTER | E25: =VLOOKUP($B25,'[1]Products by Part Number'!$A:$L,9,0) -> 1 | F25: =VLOOKUP($B25,'[1]Products by Part Number'!$A:$L,4,0) -> 134.67 | G25: =E25*F25 -> 134.67 | H25: =VLOOKUP(B25,'[1]Products by Part Number'!$A:$F,6,0) -> 87.54 | I25: =ROUND(E25*H25,2) -> 87.54
B26: 423-07-52411 | C26: =VLOOKUP($B26,'[1]Products by Part Number'!$A:$L,2,0) -> KOM WA380-8 (1) KOM WA380-8 (2) KOM WA320-8 (867) KOM WA320PZ-6 (729) | D26: =VLOOKUP($B26,'[1]Products by Part Number'!$A:$L,3,0) -> CAB AIR FILTER | E26: =VLOOKUP($B26,'[1]Products by Part Number'!$A:$L,9,0) -> 6 | F26: =VLOOKUP($B26,'[1]Products by Part Number'!$A:$L,4,0) -> 152.87 | G26: =E26*F26 -> 917.22 | H26: =VLOOKUP(B26,'[1]Products by Part Number'!$A:$F,6,0) -> 99.37 | I26: =ROUND(E26*H26,2) -> 596.22
B27: 426-07-32441 | C27: =VLOOKUP($B27,'[1]Products by Part Number'!$A:$L,2,0) -> KOM HM400-5 (1) KOM HM400-5 (2) KOM HM400-5 (3) KOM HM400-5 (4) KOM HM400-5 (5) KOM HM400-5 (6) KOM HM400-5 (7) KOM HM400-5 (8) KOM HM400-5 (9) KOM HM400-5 (10) KOM HM400 (11) KOM HM400 (12) KOM HM400 (13) KOM HM400-5 (14) | D27: =VLOOKUP($B27,'[1]Products by Part Number'!$A:$L,3,0) -> CAB AIR FILTER | E27: =VLOOKUP($B27,'[1]Products by Part Number'!$A:$L,9,0) -> 14 | F27: =VLOOKUP($B27,'[1]Products by Part Number'!$A:$L,4,0) -> 131.29 | G27: =E27*F27 -> 1838.06 | H27: =VLOOKUP(B27,'[1]Products by Part Number'!$A:$F,6,0) -> 85.34 | I27: =ROUND(E27*H27,2) -> 1194.76
B28: 4S00686R | C28: =VLOOKUP($B28,'[1]Products by Part Number'!$A:$L,2,0) -> JD 470P (1FF) | D28: =VLOOKUP($B28,'[1]Products by Part Number'!$A:$L,3,0) -> CAB AIR FILTER | E28: =VLOOKUP($B28,'[1]Products by Part Number'!$A:$L,9,0) -> 0 | F28: =VLOOKUP($B28,'[1]Products by Part Number'!$A:$L,4,0) -> 103.0722 | G28: =E28*F28 -> 0 | H28: =VLOOKUP(B28,'[1]Products by Part Number'!$A:$F,6,0) -> 67 | I28: =ROUND(E28*H28,2) -> 0
... B60: TT220747 | C60: =VLOOKUP($B60,'[1]Products by Part Number'!$A:$L,2,0) -> JD 470P (1FF) | D60: =VLOOKUP($B60,'[1]Products by Part Number'!$A:$L,3,0) -> SECONDARY AIR FILTER | E60: =VLOOKUP($B60,'[1]Products by Part Number'!$A:$L,9,0) -> 1 | F60: =VLOOKUP($B60,'[1]Products by Part Number'!$A:$L,4,0) -> 122.9028 | G60: =E60*F60 -> 122.9028 | H60: =VLOOKUP(B60,'[1]Products by Part Number'!$A:$F,6,0) -> 79.89 | I60: =ROUND(E60*H60,2) -> 79.89
B61: 4630525 | C61: =VLOOKUP($B61,'[1]Products by Part Number'!$A:$L,2,0) -> JD 470P (1FF) | D61: =VLOOKUP($B61,'[1]Products by Part Number'!$A:$L,3,0) -> HYDRAULIC FILTER PILOT | E61: =VLOOKUP($B61,'[1]Products by Part Number'!$A:$L,9,0) -> 1 | F61: =VLOOKUP($B61,'[1]Products by Part Number'!$A:$L,4,0) -> 40.641 | G61: =E61*F61 -> 40.641 | H61: =VLOOKUP(B61,'[1]Products by Part Number'!$A:$F,6,0) -> 20.32 | I61: =ROUND(E61*H61,2) -> 20.32
B62: 207-970-5121 | C62: =VLOOKUP($B62,'[1]Products by Part Number'!$A:$L,2,0) -> KOM PC360LC-11 (A37) KOM PC360LC-11 (A39) KOM PC360LC-11 (A39) (2) | D62: =VLOOKUP($B62,'[1]Products by Part Number'!$A:$L,3,0) -> HYDRAULIC FILTER | E62: =VLOOKUP($B62,'[1]Products by Part Number'!$A:$L,9,0) -> 3 | F62: =VLOOKUP($B62,'[1]Products by Part Number'!$A:$L,4,0) -> 198.35 | G62: =E62*F62 -> 595.05 | H62: =VLOOKUP(B62,'[1]Products by Part Number'!$A:$F,6,0) -> 99.18 | I62: =ROUND(E62*H62,2) -> 297.54
B63: 093-7521 | C63: =VLOOKUP($B63,'[1]Products by Part Number'!$A:$L,2,0) -> CAT 329EL (ZCD) | D63: =VLOOKUP($B63,'[1]Products by Part Number'!$A:$L,3,0) -> HYDRAULIC FILTER CASE DRAIN | E63: =VLOOKUP($B63,'[1]Products by Part Number'!$A:$L,9,0) -> 1 | F63: =VLOOKUP($B63,'[1]Products by Part Number'!$A:$L,4,0) -> 98.57 | G63: =E63*F63 -> 98.57 | H63: =VLOOKUP(B63,'[1]Products by Part Number'!$A:$F,6,0) -> 49.29 | I63: =ROUND(E63*H63,2) -> 49.29
B64: 11Y-60-28712 | C64: =VLOOKUP($B64,'[1]Products by Part Number'!$A:$L,2,0) -> KOM D61PX-24 (B60) | D64: =VLOOKUP($B64,'[1]Products by Part Number'!$A:$L,3,0) -> HYDRAULIC FILTER | E64: =VLOOKUP($B64,'[1]Products by Part Number'!$A:$L,9,0) -> 0 | F64: =VLOOKUP($B64,'[1]Products by Part Number'!$A:$L,4,0) -> 370.6 | G64: =E64*F64 -> 0 | H64: =VLOOKUP(B64,'[1]Products by Part Number'!$A:$F,6,0) -> 185.3 | I64: =ROUND(E64*H64,2) -> 0
B65: 179-9806 | C65: =VLOOKUP($B65,'[1]Products by Part Number'!$A:$L,2,0) -> CAT 329EL (ZCD) | D65: =VLOOKUP($B65,'[1]Products by Part Number'!$A:$L,3,0) -> HYDRAULIC FILTER RETURN | E65: =VLOOKUP($B65,'[1]Products by Part Number'!$A:$L,9,0) -> 0 | F65: =VLOOKUP($B65,'[1]Products by Part Number'!$A:$L,4,0) -> 221.11 | G65: =E65*F65 -> 0 | H65: =VLOOKUP(B65,'[1]Products by Part Number'!$A:$F,6,0) -> 110.56 | I65: =ROUND(E65*H65,2) -> 0
B66: 207-60-71183 | C66: =VLOOKUP($B66,'[1]Products by Part Number'!$A:$L,2,0) -> KOM HM400-5 (1) KOM HM400-5 (2) KOM HM400-5 (3) KOM HM400-5 (4) KOM HM400-5 (5) KOM HM400-5 (6) KOM HM400-5 (7) KOM HM400-5 (8) KOM HM400-5 (9) KOM HM400-5 (10) KOM HM400 (11) KOM HM400 (12) KOM HM400 (13) KOM HM400-5 (14) KOM PC238USLC-11 (2) KOM PC360LC-11 (A37) KOM PC360LC-11 (A39) KOM PC360LC-11 (A39) (2) KOM WA475-10 (120) KOM PC290LC-11 (K73) | D66: =VLOOKUP($B66,'[1]Products by Part Number'!$A:$L,3,0) -> HYDRAULIC FILTER TANK | E66: =VLOOKUP($B66,'[1]Products by Part Number'!$A:$L,9,0) -> 20 | F66: =VLOOKUP($B66,'[1]Products by Part Number'!$A:$L,4,0) -> 188.98 | G66: =E66*F66 -> 3779.6 | H66: =VLOOKUP(B66,'[1]Products by Part Number'!$A:$F,6,0) -> 94.49 | I66: =ROUND(E66*H66,2) -> 1889.8
B67: 208-60-71124 | C67: =VLOOKUP($B67,'[1]Products by Part Number'!$A:$L,2,0) -> KOM HM400-5 (1) KOM HM400-5 (2) KOM HM400-5 (3) KOM HM400-5 (4) KOM HM400-5 (5) KOM HM400-5 (6) KOM HM400-5 (7) KOM HM400-5 (8) KOM HM400-5 (9) KOM HM400-5 (10) KOM HM400 (11) KOM HM400 (12) KOM HM400 (13) KOM HM400-5 (14) KOM PC490LC-11 (A42) KOM PC490LC-11 (A42) (2) KOM PC490LC-11 (A42) (3) KOM PC490LC-11 (A42) (4) KOM PC490LC-11 (A42) (5) KOM PC490LC-11 (A43) KOM PC490LC-11 (KMT) (1) KOM PC490LC-11 (KMT) (2) KOM PC490LC-11 (KMT) (3) | D67: =VLOOKUP($B67,'[1]Products by Part Number'!$A:$L,3,0) -> HYDRAULIC FILTER ACCUMULATOR | E67: =VLOOKUP($B67,'[1]Products by Part Number'!$A:$L,9,0) -> 23 | F67: =VLOOKUP($B67,'[1]Products by Part Number'!$A:$L,4,0) -> 259.43 | G67: =E67*F67 -> 5966.89 | H67: =VLOOKUP(B67,'[1]Products by Part Number'!$A:$F,6,0) -> 129.72 | I67: =ROUND(E67*H67,2) -> 2983.56
B68: 22P-60-21161 | C68: =VLOOKUP($B68,'[1]Products by Part Number'!$A:$L,2,0) -> KOM D61PX-24 (B60) | D68: =VLOOKUP($B68,'[1]Products by Part Number'!$A:$L,3,0) -> HYDRAULIC FILTER | E68: =VLOOKUP($B68,'[1]Products by Part Number'!$A:$L,9,0) -> 0 | F68: =VLOOKUP($B68,'[1]Products by Part Number'!$A:$L,4,0) -> 220.88 | G68: =E68*F68 -> 0 | H68: =VLOOKUP(B68,'[1]Products by Part Number'!$A:$F,6,0) -> 110.44 | I68: =ROUND(E68*H68,2) -> 0
B69: 328-3655 | C69: =VLOOKUP($B69,'[1]Products by Part Number'!$A:$L,2,0) -> CAT 14 (EN4) | D69: =VLOOKUP($B69,'[1]Products by Part Number'!$A:$L,3,0) -> HYDRAULIC FILTER | E69: =VLOOKUP($B69,'[1]Products by Part Number'!$A:$L,9,0) -> 1 | F69: =VLOOKUP($B69,'[1]Products by Part Number'!$A:$L,4,0) -> 197.31 | G69: =E69*F69 -> 197.31 | H69: =VLOOKUP(B69,'[1]Products by Part Number'!$A:$F,6,0) -> 98.66 | I69: =ROUND(E69*H69,2) -> 98.66
B70: 389-1076 | C70: =VLOOKUP($B70,'[1]Products by Part Number'!$A:$L,2,0) -> CAT 14 (EN4) | D70: =VLOOKUP($B70,'[1]Products by Part Number'!$A:$L,3,0) -> HYDRAULIC FILTER | E70: =VLOOKUP($B70,'[1]Products by Part Number'!$A:$L,9,0) -> 1 | F70: =VLOOKUP($B70,'[1]Products by Part Number'!$A:$L,4,0) -> 103.37 | G70: =E70*F70 -> 103.37 | H70: =VLOOKUP(B70,'[1]Products by Part Number'!$A:$F,6,0) -> 51.69 | I70: =ROUND(E70*H70,2) -> 51.69
B71: 418-60-55151 | C71: =VLOOKUP($B71,'[1]Products by Part Number'!$A:$L,2,0) -> KOM WA320-8 (867) KOM WA320PZ-6 (729) | D71: =VLOOKUP($B71,'[1]Products by Part Number'!$A:$L,3,0) -> HYDRAULIC FILTER | E71: =VLOOKUP($B71,'[1]Products by Part Number'!$A:$L,9,0) -> 2 | F71: =VLOOKUP($B71,'[1]Products by Part Number'!$A:$L,4,0) -> 197.46 | G71: =E71*F71 -> 394.92 | H71: =VLOOKUP(B71,'[1]Products by Part Number'!$A:$F,6,0) -> 98.73 | I71: =ROUND(E71*H71,2) -> 197.46
B72: 421-5479 | C72: =VLOOKUP($B72,'[1]Products by Part Number'!$A:$L,2,0) -> CAT 255 CAT 255 (2) CAT 255 (FL7) | D72: =VLOOKUP($B72,'[1]Products by Part Number'!$A:$L,3,0) -> HYDRAULIC FILTER | E72: =VLOOKUP($B72,'[1]Products by Part Number'!$A:$L,9,0) -> 3 | F72: =VLOOKUP($B72,'[1]Products by Part Number'!$A:$L,4,0) -> 91.89 | G72: =E72*F72 -> 275.67 | H72: =VLOOKUP(B72,'[1]Products by Part Number'!$A:$F,6,0) -> 45.95 | I72: =ROUND(E72*H72,2) -> 137.85
B73: 423-60-45461 | C73: =VLOOKUP($B73,'[1]Products by Part Number'!$A:$L,2,0) -> KOM D71PX-24 (1) KOM D71PX-24 (2) KOM D71PX-24 (3) KOM D71PX-24 (4) KOM D71PX-24 (5) KOM D71PX-24 (6) KOM D71PX-24 (7) KOM WA380-8 (1) KOM WA380-8 (2) | D73: =VLOOKUP($B73,'[1]Products by Part Number'!$A:$L,3,0) -> HYDRAULIC FILTER TANK | E73: =VLOOKUP($B73,'[1]Products by Part Number'!$A:$L,9,0) -> 9 | F73: =VLOOKUP($B73,'[1]Products by Part Number'!$A:$L,4,0) -> 161.1564 | G73: =E73*F73 -> 1450.4076 | H73: =VLOOKUP(B73,'[1]Products by Part Number'!$A:$F,6,0) -> 80.58 | I73: =ROUND(E73*H73,2) -> 725.22
... B122: RE572785 | C122: =VLOOKUP($B122,'[1]Products by Part Number'!$A:$L,2,0) -> JD 470P (1FF) | D122: =VLOOKUP($B122,'[1]Products by Part Number'!$A:$L,3,0) -> ENGINE OIL FILTER | E122: =VLOOKUP($B122,'[1]Products by Part Number'!$A:$L,9,0) -> 1 | F122: =VLOOKUP($B122,'[1]Products by Part Number'!$A:$L,4,0) -> 122.9166 | G122: =E122*F122 -> 122.9166 | H122: =VLOOKUP(B122,'[1]Products by Part Number'!$A:$F,6,0) -> 61.46 | I122: =ROUND(E122*H122,2) -> 61.46
I123: =ROUND(E123*H123,2) -> 0
I124: =ROUND(E124*H124,2) -> 0
I125: =ROUND(E125*H125,2) -> 0
I126: =ROUND(E126*H126,2) -> 0
I127: =ROUND(E127*H127,2) -> 0
I128: =ROUND(E128*H128,2) -> 0
I129: =ROUND(E129*H129,2) -> 0
H130: Subtotal | I130: =SUM(I15:I129) -> 31663.25
D131: OEM MSRP : | E131: =SUM(G15:G129) -> 57562.838 | H131: Shipping | I131: 0
D132: GQP : | E132: =SUM(I15:I129) -> 31663.25 | H132: Customs/Broker Fee | I132: 0
D133: GQP SAVINGS : | E133: =E131-E132 -> 25899.588 | H133: Total | I133: =SUM(I130:I132) -> 31663.25
H134: GST | I134: =I133*0.05 -> 1583.1625
H135: PST / QST
B136: Quote valid for 14 days, shipping subject to delays in supply chain. | H136: GRAND TOTAL | I136: =SUM(I133:I135) -> 33246.413

Sheet MOQ Filters Q3
E1: MOQ QUOTE | H1: Filters Q3
B7: COMPANY: | C7: GRAHAM | E7: DATE: | F7: 45870 | H7: PO NUMBER:
B8: CONTACT NAME: | C8: 0 | E8: PHONE NUMBER:
B9: BILLING ADDRESS: | C9: 0 | E9: EMAIL ADDRESS:
C10: 0 | E10: SHIPPING ADDRESS:
C11: 0
C12: 0
F13: CAD $
B14: PART NUMBER | C14: Make & Model | D14: DESCRIPTION | E14: QTY | F14: OEM MSRP | H14: GQP PRICE | I14: TOTAL
B15: 12Y-979-1174 | C15: =VLOOKUP($B15,'[1]Products by Part Number'!$A:$L,2,0) -> KOM D71PX-24 (1) KOM D71PX-24 (2) KOM D71PX-24 (3) KOM D71PX-24 (4) KOM D71PX-24 (5) KOM D71PX-24 (6) KOM D71PX-24 (7) KOM D61PX-24 (B60) | D15: =VLOOKUP($B15,'[1]Products by Part Number'!$A:$L,3,0) -> CAB AIR FILTER | E15: =VLOOKUP($B15,'[1]Products by Part Number'!$A:$L,10,0) -> 9 | F15: =VLOOKUP($B15,'[1]Products by Part Number'!$A:$L,4,0) -> 188.7426 | G15: =E15*F15 -> 1698.6834 | H15: =VLOOKUP($B15,'[1]Products by Part Number'!$A:$L,6,0) -> 122.68 | I15: =ROUND(E15*H15,2) -> 1104.12
B16: 12Y-979-6180 | C16: =VLOOKUP($B16,'[1]Products by Part Number'!$A:$L,2,0) -> KOM D71PX-24 (1) KOM D71PX-24 (2) KOM D71PX-24 (3) KOM D71PX-24 (4) KOM D71PX-24 (5) KOM D71PX-24 (6) KOM D71PX-24 (7) KOM D61PX-24 (B60) | D16: =VLOOKUP($B16,'[1]Products by Part Number'!$A:$L,3,0) -> CAB AIR FILTER | E16: =VLOOKUP($B16,'[1]Products by Part Number'!$A:$L,10,0) -> 9 | F16: =VLOOKUP($B16,'[1]Products by Part Number'!$A:$L,4,0) -> 164.082 | G16: =E16*F16 -> 1476.738 | H16: =VLOOKUP($B16,'[1]Products by Part Number'!$A:$L,6,0) -> 106.65 | I16: =ROUND(E16*H16,2) -> 959.85
B17: 149-1912 | C17: =VLOOKUP(B17,'[1]Products by Part Number'!$A:$B,2,0) -> CAT 14 (EN4) | D17: =VLOOKUP(B17,'[1]Products by Part Number'!$A:$C,3,0) -> CAB AIR FILTER | E17: =VLOOKUP($B17,'[1]Products by Part Number'!$A:$L,10,0) -> 2 | F17: =VLOOKUP(B17,'[1]Products by Part Number'!$A:$D,4,0) -> 93.03 | G17: =E17*F17 -> 186.06 | H17: =VLOOKUP(B17,'[1]Products by Part Number'!$A:$F,6,0) -> 60.47 | I17: =ROUND(E17*H17,2) -> 120.94
B18: 17M-911-3530 | C18: =VLOOKUP(B18,'[1]Products by Part Number'!$A:$B,2,0) -> KOM PC138USLC-11 KOM PC238USLC-11 (1) KOM PC490LC-11 (A42) KOM PC490LC-11 (A42) (2) KOM PC490LC-11 (A42) (3) KOM PC490LC-11 (A42) (4) KOM PC490LC-11 (A42) (5) KOM PC490LC-11 (A43) KOM PC490LC-11 (KMT) (1) KOM PC490LC-11 (KMT) (2) KOM PC490LC-11 (KMT) (3) KOM PC360LC-11 (A37) KOM PC360LC-11 (A39) KOM PC360LC-11 (A39) (2) KOM PC290LC-11 (K73) | D18: =VLOOKUP(B18,'[1]Products by Part Number'!$A:$C,3,0) -> CAB AIR FILTER | E18: =VLOOKUP($B18,'[1]Products by Part Number'!$A:$L,10,0) -> 30 | F18: =VLOOKUP(B18,'[1]Products by Part Number'!$A:$D,4,0) -> 67.87 | G18: =E18*F18 -> 2036.1 | H18: =VLOOKUP(B18,'[1]Products by Part Number'!$A:$F,6,0) -> 44.12 | I18: =ROUND(E18*H18,2) -> 1323.6
B19: 211-2660 | C19: =VLOOKUP(B19,'[1]Products by Part Number'!$A:$B,2,0) -> CAT 14 (EN4) | D19: =VLOOKUP(B19,'[1]Products by Part Number'!$A:$C,3,0) -> CAB AIR FILTER | E19: =VLOOKUP($B19,'[1]Products by Part Number'!$A:$L,10,0) -> 2 | F19: =VLOOKUP(B19,'[1]Products by Part Number'!$A:$D,4,0) -> 74.81 | G19: =E19*F19 -> 149.62 | H19: =VLOOKUP(B19,'[1]Products by Part Number'!$A:$F,6,0) -> 48.63 | I19: =ROUND(E19*H19,2) -> 97.26
B20: 222-9020 | C20: =VLOOKUP(B20,'[1]Products by Part Number'!$A:$B,2,0) -> CAT TL1055C (KDE) | D20: =VLOOKUP(B20,'[1]Products by Part Number'!$A:$C,3,0) -> PRIMARY AIR FILTER | E20: =VLOOKUP($B20,'[1]Products by Part Number'!$A:$L,10,0) -> 1 | F20: =VLOOKUP(B20,'[1]Products by Part Number'!$A:$D,4,0) -> 100.67 | G20: =E20*F20 -> 100.67 | H20: =VLOOKUP(B20,'[1]Products by Part Number'!$A:$F,6,0) -> 65.44 | I20: =ROUND(E20*H20,2) -> 65.44
B21: 222-9021 | C21: =VLOOKUP(B21,'[1]Products by Part Number'!$A:$B,2,0) -> CAT TL1055C (KDE) | D21: =VLOOKUP(B21,'[1]Products by Part Number'!$A:$C,3,0) -> SECONDARY AIR FILTER | E21: =VLOOKUP($B21,'[1]Products by Part Number'!$A:$L,10,0) -> 1 | F21: =VLOOKUP(B21,'[1]Products by Part Number'!$A:$D,4,0) -> 80.09 | G21: =E21*F21 -> 80.09 | H21: =VLOOKUP(B21,'[1]Products by Part Number'!$A:$F,6,0) -> 52.06 | I21: =ROUND(E21*H21,2) -> 52.06
B22: 2A5-979-1551 | C22: =VLOOKUP(B22,'[1]Products by Part Number'!$A:$B,2,0) -> KOM PC490LC-11 (A42) KOM PC490LC-11 (A42) (2) KOM PC490LC-11 (A42) (3) KOM PC490LC-11 (A42) (4) KOM PC490LC-11 (A42) (5) KOM PC490LC-11 (A43) KOM PC490LC-11 (KMT) (1) KOM PC490LC-11 (KMT) (2) KOM PC490LC-11 (KMT) (3) KOM PC360LC-11 (A37) KOM PC360LC-11 (A39) KOM PC360LC-11 (A39) (2) KOM PC290LC-11 (K73) | D22: =VLOOKUP(B22,'[1]Products by Part Number'!$A:$C,3,0) -> CAB AIR FILTER | E22: =VLOOKUP($B22,'[1]Products by Part Number'!$A:$L,10,0) -> 26 | F22: =VLOOKUP(B22,'[1]Products by Part Number'!$A:$D,4,0) -> 68.78 | G22: =E22*F22 -> 1788.28 | H22: =VLOOKUP(B22,'[1]Products by Part Number'!$A:$F,6,0) -> 44.71 | I22: =ROUND(E22*H22,2) -> 1162.46
B23: 327-6618 | C23: =VLOOKUP(B23,'[1]Products by Part Number'!$A:$B,2,0) -> CAT 329EL (ZCD) | D23: =VLOOKUP(B23,'[1]Products by Part Number'!$A:$C,3,0) -> CAB AIR FILTER | E23: =VLOOKUP($B23,'[1]Products by Part Number'!$A:$L,10,0) -> 2 | F23: =VLOOKUP(B23,'[1]Products by Part Number'!$A:$D,4,0) -> 82.09 | G23: =E23*F23 -> 164.18 | H23: =VLOOKUP(B23,'[1]Products by Part Number'!$A:$F,6,0) -> 53.36 | I23: =ROUND(E23*H23,2) -> 106.72
B24: 331-8108 | C24: =VLOOKUP(B24,'[1]Products by Part Number'!$A:$B,2,0) -> CAT 14 (EN4) | D24: =VLOOKUP(B24,'[1]Products by Part Number'!$A:$C,3,0) -> SECONDARY AIR FILTER | E24: =VLOOKUP($B24,'[1]Products by Part Number'!$A:$L,10,0) -> 1 | F24: =VLOOKUP(B24,'[1]Products by Part Number'!$A:$D,4,0) -> 105.26 | G24: =E24*F24 -> 105.26 | H24: =VLOOKUP(B24,'[1]Products by Part Number'!$A:$F,6,0) -> 68.42 | I24: =ROUND(E24*H24,2) -> 68.42
B25: 421-07-72450 | C25: =VLOOKUP(B25,'[1]Products by Part Number'!$A:$B,2,0) -> KOM WA475-10 (120) | D25: =VLOOKUP(B25,'[1]Products by Part Number'!$A:$C,3,0) -> CAB AIR FILTER | E25: =VLOOKUP($B25,'[1]Products by Part Number'!$A:$L,10,0) -> 1 | F25: =VLOOKUP(B25,'[1]Products by Part Number'!$A:$D,4,0) -> 134.67 | G25: =E25*F25 -> 134.67 | H25: =VLOOKUP(B25,'[1]Products by Part Number'!$A:$F,6,0) -> 87.54 | I25: =ROUND(E25*H25,2) -> 87.54
B26: 423-07-52411 | C26: =VLOOKUP(B26,'[1]Products by Part Number'!$A:$B,2,0) -> KOM WA380-8 (1) KOM WA380-8 (2) KOM WA320-8 (867) KOM WA320PZ-6 (729) | D26: =VLOOKUP(B26,'[1]Products by Part Number'!$A:$C,3,0) -> CAB AIR FILTER | E26: =VLOOKUP($B26,'[1]Products by Part Number'!$A:$L,10,0) -> 6 | F26: =VLOOKUP(B26,'[1]Products by Part Number'!$A:$D,4,0) -> 152.87 | G26: =E26*F26 -> 917.22 | H26: =VLOOKUP(B26,'[1]Products by Part Number'!$A:$F,6,0) -> 99.37 | I26: =ROUND(E26*H26,2) -> 596.22
B27: 426-07-32441 | C27: =VLOOKUP(B27,'[1]Products by Part Number'!$A:$B,2,0) -> KOM HM400-5 (1) KOM HM400-5 (2) KOM HM400-5 (3) KOM HM400-5 (4) KOM HM400-5 (5) KOM HM400-5 (6) KOM HM400-5 (7) KOM HM400-5 (8) KOM HM400-5 (9) KOM HM400-5 (10) KOM HM400 (11) KOM HM400 (12) KOM HM400 (13) KOM HM400-5 (14) | D27: =VLOOKUP(B27,'[1]Products by Part Number'!$A:$C,3,0) -> CAB AIR FILTER | E27: =VLOOKUP($B27,'[1]Products by Part Number'!$A:$L,10,0) -> 14 | F27: =VLOOKUP(B27,'[1]Products by Part Number'!$A:$D,4,0) -> 131.29 | G27: =E27*F27 -> 1838.06 | H27: =VLOOKUP(B27,'[1]Products by Part Number'!$A:$F,6,0) -> 85.34 | I27: =ROUND(E27*H27,2) -> 1194.76
B28: 4S00686R | C28: =VLOOKUP(B28,'[1]Products by Part Number'!$A:$B,2,0) -> JD 470P (1FF) | D28: =VLOOKUP(B28,'[1]Products by Part Number'!$A:$C,3,0) -> CAB AIR FILTER | E28: =VLOOKUP($B28,'[1]Products by Part Number'!$A:$L,10,0) -> 0 | F28: =VLOOKUP(B28,'[1]Products by Part Number'!$A:$D,4,0) -> 103.0722 | G28: =E28*F28 -> 0 | H28: =VLOOKUP(B28,'[1]Products by Part Number'!$A:$F,6,0) -> 67 | I28: =ROUND(E28*H28,2) -> 0
... B60: TT220747 | C60: =VLOOKUP(B60,'[1]Products by Part Number'!$A:$B,2,0) -> JD 470P (1FF) | D60: =VLOOKUP(B60,'[1]Products by Part Number'!$A:$C,3,0) -> SECONDARY AIR FILTER | E60: =VLOOKUP($B60,'[1]Products by Part Number'!$A:$L,10,0) -> 1 | F60: =VLOOKUP(B60,'[1]Products by Part Number'!$A:$D,4,0) -> 122.9028 | G60: =E60*F60 -> 122.9028 | H60: =VLOOKUP(B60,'[1]Products by Part Number'!$A:$F,6,0) -> 79.89 | I60: =ROUND(E60*H60,2) -> 79.89
B61: 4630525 | C61: =VLOOKUP(B61,'[1]Products by Part Number'!$A:$B,2,0) -> JD 470P (1FF) | D61: =VLOOKUP(B61,'[1]Products by Part Number'!$A:$C,3,0) -> HYDRAULIC FILTER PILOT | E61: =VLOOKUP($B61,'[1]Products by Part Number'!$A:$L,10,0) -> 1 | F61: =VLOOKUP(B61,'[1]Products by Part Number'!$A:$D,4,0) -> 40.641 | G61: =E61*F61 -> 40.641 | H61: =VLOOKUP(B61,'[1]Products by Part Number'!$A:$F,6,0) -> 20.32 | I61: =ROUND(E61*H61,2) -> 20.32
B62: 207-970-5121 | C62: =VLOOKUP(B62,'[1]Products by Part Number'!$A:$B,2,0) -> KOM PC360LC-11 (A37) KOM PC360LC-11 (A39) KOM PC360LC-11 (A39) (2) | D62: =VLOOKUP(B62,'[1]Products by Part Number'!$A:$C,3,0) -> HYDRAULIC FILTER | E62: =VLOOKUP($B62,'[1]Products by Part Number'!$A:$L,10,0) -> 3 | F62: =VLOOKUP(B62,'[1]Products by Part Number'!$A:$D,4,0) -> 198.35 | G62: =E62*F62 -> 595.05 | H62: =VLOOKUP(B62,'[1]Products by Part Number'!$A:$F,6,0) -> 99.18 | I62: =ROUND(E62*H62,2) -> 297.54
B63: 093-7521 | C63: =VLOOKUP(B63,'[1]Products by Part Number'!$A:$B,2,0) -> CAT 329EL (ZCD) | D63: =VLOOKUP(B63,'[1]Products by Part Number'!$A:$C,3,0) -> HYDRAULIC FILTER CASE DRAIN | E63: =VLOOKUP($B63,'[1]Products by Part Number'!$A:$L,10,0) -> 1 | F63: =VLOOKUP(B63,'[1]Products by Part Number'!$A:$D,4,0) -> 98.57 | G63: =E63*F63 -> 98.57 | H63: =VLOOKUP(B63,'[1]Products by Part Number'!$A:$F,6,0) -> 49.29 | I63: =ROUND(E63*H63,2) -> 49.29
B64: 11Y-60-28712 | C64: =VLOOKUP(B64,'[1]Products by Part Number'!$A:$B,2,0) -> KOM D61PX-24 (B60) | D64: =VLOOKUP(B64,'[1]Products by Part Number'!$A:$C,3,0) -> HYDRAULIC FILTER | E64: =VLOOKUP($B64,'[1]Products by Part Number'!$A:$L,10,0) -> 1 | F64: =VLOOKUP(B64,'[1]Products by Part Number'!$A:$D,4,0) -> 370.6 | G64: =E64*F64 -> 370.6 | H64: =VLOOKUP(B64,'[1]Products by Part Number'!$A:$F,6,0) -> 185.3 | I64: =ROUND(E64*H64,2) -> 185.3
B65: 179-9806 | C65: =VLOOKUP(B65,'[1]Products by Part Number'!$A:$B,2,0) -> CAT 329EL (ZCD) | D65: =VLOOKUP(B65,'[1]Products by Part Number'!$A:$C,3,0) -> HYDRAULIC FILTER RETURN | E65: =VLOOKUP($B65,'[1]Products by Part Number'!$A:$L,10,0) -> 1 | F65: =VLOOKUP(B65,'[1]Products by Part Number'!$A:$D,4,0) -> 221.11 | G65: =E65*F65 -> 221.11 | H65: =VLOOKUP(B65,'[1]Products by Part Number'!$A:$F,6,0) -> 110.56 | I65: =ROUND(E65*H65,2) -> 110.56
B66: 207-60-71183 | C66: =VLOOKUP(B66,'[1]Products by Part Number'!$A:$B,2,0) -> KOM HM400-5 (1) KOM HM400-5 (2) KOM HM400-5 (3) KOM HM400-5 (4) KOM HM400-5 (5) KOM HM400-5 (6) KOM HM400-5 (7) KOM HM400-5 (8) KOM HM400-5 (9) KOM HM400-5 (10) KOM HM400 (11) KOM HM400 (12) KOM HM400 (13) KOM HM400-5 (14) KOM PC238USLC-11 (2) KOM PC360LC-11 (A37) KOM PC360LC-11 (A39) KOM PC360LC-11 (A39) (2) KOM WA475-10 (120) KOM PC290LC-11 (K73) | D66: =VLOOKUP(B66,'[1]Products by Part Number'!$A:$C,3,0) -> HYDRAULIC FILTER TANK | E66: =VLOOKUP($B66,'[1]Products by Part Number'!$A:$L,10,0) -> 20 | F66: =VLOOKUP(B66,'[1]Products by Part Number'!$A:$D,4,0) -> 188.98 | G66: =E66*F66 -> 3779.6 | H66: =VLOOKUP(B66,'[1]Products by Part Number'!$A:$F,6,0) -> 94.49 | I66: =ROUND(E66*H66,2) -> 1889.8
B67: 208-60-71124 | C67: =VLOOKUP(B67,'[1]Products by Part Number'!$A:$B,2,0) -> KOM HM400-5 (1) KOM HM400-5 (2) KOM HM400-5 (3) KOM HM400-5 (4) KOM HM400-5 (5) KOM HM400-5 (6) KOM HM400-5 (7) KOM HM400-5 (8) KOM HM400-5 (9) KOM HM400-5 (10) KOM HM400 (11) KOM HM400 (12) KOM HM400 (13) KOM HM400-5 (14) KOM PC490LC-11 (A42) KOM PC490LC-11 (A42) (2) KOM PC490LC-11 (A42) (3) KOM PC490LC-11 (A42) (4) KOM PC490LC-11 (A42) (5) KOM PC490LC-11 (A43) KOM PC490LC-11 (KMT) (1) KOM PC490LC-11 (KMT) (2) KOM PC490LC-11 (KMT) (3) | D67: =VLOOKUP(B67,'[1]Products by Part Number'!$A:$C,3,0) -> HYDRAULIC FILTER ACCUMULATOR | E67: =VLOOKUP($B67,'[1]Products by Part Number'!$A:$L,10,0) -> 23 | F67: =VLOOKUP(B67,'[1]Products by Part Number'!$A:$D,4,0) -> 259.43 | G67: =E67*F67 -> 5966.89 | H67: =VLOOKUP(B67,'[1]Products by Part Number'!$A:$F,6,0) -> 129.72 | I67: =ROUND(E67*H67,2) -> 2983.56
B68: 22P-60-21161 | C68: =VLOOKUP(B68,'[1]Products by Part Number'!$A:$B,2,0) -> KOM D61PX-24 (B60) | D68: =VLOOKUP(B68,'[1]Products by Part Number'!$A:$C,3,0) -> HYDRAULIC FILTER | E68: =VLOOKUP($B68,'[1]Products by Part Number'!$A:$L,10,0) -> 1 | F68: =VLOOKUP(B68,'[1]Products by Part Number'!$A:$D,4,0) -> 220.88 | G68: =E68*F68 -> 220.88 | H68: =VLOOKUP(B68,'[1]Products by Part Number'!$A:$F,6,0) -> 110.44 | I68: =ROUND(E68*H68,2) -> 110.44
B69: 328-3655 | C69: =VLOOKUP(B69,'[1]Products by Part Number'!$A:$B,2,0) -> CAT 14 (EN4) | D69: =VLOOKUP(B69,'[1]Products by Part Number'!$A:$C,3,0) -> HYDRAULIC FILTER | E69: =VLOOKUP($B69,'[1]Products by Part Number'!$A:$L,10,0) -> 1 | F69: =VLOOKUP(B69,'[1]Products by Part Number'!$A:$D,4,0) -> 197.31 | G69: =E69*F69 -> 197.31 | H69: =VLOOKUP(B69,'[1]Products by Part Number'!$A:$F,6,0) -> 98.66 | I69: =ROUND(E69*H69,2) -> 98.66
B70: 389-1076 | C70: =VLOOKUP(B70,'[1]Products by Part Number'!$A:$B,2,0) -> CAT 14 (EN4) | D70: =VLOOKUP(B70,'[1]Products by Part Number'!$A:$C,3,0) -> HYDRAULIC FILTER | E70: =VLOOKUP($B70,'[1]Products by Part Number'!$A:$L,10,0) -> 1 | F70: =VLOOKUP(B70,'[1]Products by Part Number'!$A:$D,4,0) -> 103.37 | G70: =E70*F70 -> 103.37 | H70: =VLOOKUP(B70,'[1]Products by Part Number'!$A:$F,6,0) -> 51.69 | I70: =ROUND(E70*H70,2) -> 51.69
B71: 418-60-55151 | C71: =VLOOKUP(B71,'[1]Products by Part Number'!$A:$B,2,0) -> KOM WA320-8 (867) KOM WA320PZ-6 (729) | D71: =VLOOKUP(B71,'[1]Products by Part Number'!$A:$C,3,0) -> HYDRAULIC FILTER | E71: =VLOOKUP($B71,'[1]Products by Part Number'!$A:$L,10,0) -> 2 | F71: =VLOOKUP(B71,'[1]Products by Part Number'!$A:$D,4,0) -> 197.46 | G71: =E71*F71 -> 394.92 | H71: =VLOOKUP(B71,'[1]Products by Part Number'!$A:$F,6,0) -> 98.73 | I71: =ROUND(E71*H71,2) -> 197.46
B72: 421-5479 | C72: =VLOOKUP(B72,'[1]Products by Part Number'!$A:$B,2,0) -> CAT 255 CAT 255 (2) CAT 255 (FL7) | D72: =VLOOKUP(B72,'[1]Products by Part Number'!$A:$C,3,0) -> HYDRAULIC FILTER | E72: =VLOOKUP($B72,'[1]Products by Part Number'!$A:$L,10,0) -> 3 | F72: =VLOOKUP(B72,'[1]Products by Part Number'!$A:$D,4,0) -> 91.89 | G72: =E72*F72 -> 275.67 | H72: =VLOOKUP(B72,'[1]Products by Part Number'!$A:$F,6,0) -> 45.95 | I72: =ROUND(E72*H72,2) -> 137.85
B73: 423-60-45461 | C73: =VLOOKUP(B73,'[1]Products by Part Number'!$A:$B,2,0) -> KOM D71PX-24 (1) KOM D71PX-24 (2) KOM D71PX-24 (3) KOM D71PX-24 (4) KOM D71PX-24 (5) KOM D71PX-24 (6) KOM D71PX-24 (7) KOM WA380-8 (1) KOM WA380-8 (2) | D73: =VLOOKUP(B73,'[1]Products by Part Number'!$A:$C,3,0) -> HYDRAULIC FILTER TANK | E73: =VLOOKUP($B73,'[1]Products by Part Number'!$A:$L,10,0) -> 16 | F73: =VLOOKUP(B73,'[1]Products by Part Number'!$A:$D,4,0) -> 161.1564 | G73: =E73*F73 -> 2578.5024 | H73: =VLOOKUP(B73,'[1]Products by Part Number'!$A:$F,6,0) -> 80.58 | I73: =ROUND(E73*H73,2) -> 1289.28
... B122: RE572785 | C122: =VLOOKUP(B122,'[1]Products by Part Number'!$A:$B,2,0) -> JD 470P (1FF) | D122: =VLOOKUP(B122,'[1]Products by Part Number'!$A:$C,3,0) -> ENGINE OIL FILTER | E122: =VLOOKUP($B122,'[1]Products by Part Number'!$A:$L,10,0) -> 2 | F122: =VLOOKUP(B122,'[1]Products by Part Number'!$A:$D,4,0) -> 122.9166 | G122: =E122*F122 -> 245.8332 | H122: =VLOOKUP(B122,'[1]Products by Part Number'!$A:$F,6,0) -> 61.46 | I122: =ROUND(E122*H122,2) -> 122.92
I123: =ROUND(E123*H123,2) -> 0
I124: =ROUND(E124*H124,2) -> 0
I125: =ROUND(E125*H125,2) -> 0
I126: =ROUND(E126*H126,2) -> 0
I127: =ROUND(E127*H127,2) -> 0
I128: =ROUND(E128*H128,2) -> 0
I129: =ROUND(E129*H129,2) -> 0
H130: Subtotal | I130: =SUM(I15:I129) -> 47870.62
D131: OEM MSRP : | E131: =SUM(G15:G129) -> 88239.513 | H131: Shipping | I131: 0
D132: GQP : | E132: =SUM(I15:I129) -> 47870.62 | H132: Customs/Broker Fee | I132: 0
D133: GQP SAVINGS : | E133: =E131-E132 -> 40368.893 | H133: Total | I133: =SUM(I130:I132) -> 47870.62
H134: GST | I134: =I133*0.05 -> 2393.531
H135: PST / QST
B136: Quote valid for 14 days, shipping subject to delays in supply chain. | H136: GRAND TOTAL | I136: =SUM(I133:I135) -> 50264.151

Sheet MOQ Filters Q4
E1: MOQ QUOTE | H1: Filters Q4
B7: COMPANY: | C7: GRAHAM | E7: DATE: | F7: 45870 | H7: PO NUMBER:
B8: CONTACT NAME: | C8: 0 | E8: PHONE NUMBER:
B9: BILLING ADDRESS: | C9: 0 | E9: EMAIL ADDRESS:
C10: 0 | E10: SHIPPING ADDRESS:
C11: 0
C12: 0
F13: CAD $
B14: PART NUMBER | C14: Make & Model | D14: DESCRIPTION | E14: QTY | F14: OEM MSRP | H14: GQP PRICE | I14: TOTAL
B15: 12Y-979-1174 | C15: =VLOOKUP($B15,'[1]Products by Part Number'!$A:$L,2,0) -> KOM D71PX-24 (1) KOM D71PX-24 (2) KOM D71PX-24 (3) KOM D71PX-24 (4) KOM D71PX-24 (5) KOM D71PX-24 (6) KOM D71PX-24 (7) KOM D61PX-24 (B60) | D15: =VLOOKUP($B15,'[1]Products by Part Number'!$A:$L,3,0) -> CAB AIR FILTER | E15: =VLOOKUP($B15,'[1]Products by Part Number'!$A:$L,11,0) -> 1 | F15: =VLOOKUP($B15,'[1]Products by Part Number'!$A:$L,4,0) -> 188.7426 | G15: =E15*F15 -> 188.7426 | H15: =VLOOKUP($B15,'[1]Products by Part Number'!$A:$L,6,0) -> 122.68 | I15: =ROUND(E15*H15,2) -> 122.68
B16: 12Y-979-6180 | C16: =VLOOKUP($B16,'[1]Products by Part Number'!$A:$L,2,0) -> KOM D71PX-24 (1) KOM D71PX-24 (2) KOM D71PX-24 (3) KOM D71PX-24 (4) KOM D71PX-24 (5) KOM D71PX-24 (6) KOM D71PX-24 (7) KOM D61PX-24 (B60) | D16: =VLOOKUP($B16,'[1]Products by Part Number'!$A:$L,3,0) -> CAB AIR FILTER | E16: =VLOOKUP($B16,'[1]Products by Part Number'!$A:$L,11,0) -> 1 | F16: =VLOOKUP($B16,'[1]Products by Part Number'!$A:$L,4,0) -> 164.082 | G16: =E16*F16 -> 164.082 | H16: =VLOOKUP($B16,'[1]Products by Part Number'!$A:$L,6,0) -> 106.65 | I16: =ROUND(E16*H16,2) -> 106.65
B17: 149-1912 | C17: =VLOOKUP(B17,'[1]Products by Part Number'!$A:$B,2,0) -> CAT 14 (EN4) | D17: =VLOOKUP(B17,'[1]Products by Part Number'!$A:$C,3,0) -> CAB AIR FILTER | E17: =VLOOKUP($B17,'[1]Products by Part Number'!$A:$L,11,0) -> 1 | F17: =VLOOKUP(B17,'[1]Products by Part Number'!$A:$D,4,0) -> 93.03 | G17: =E17*F17 -> 93.03 | H17: =VLOOKUP(B17,'[1]Products by Part Number'!$A:$F,6,0) -> 60.47 | I17: =ROUND(E17*H17,2) -> 60.47
B18: 17M-911-3530 | C18: =VLOOKUP(B18,'[1]Products by Part Number'!$A:$B,2,0) -> KOM PC138USLC-11 KOM PC238USLC-11 (1) KOM PC490LC-11 (A42) KOM PC490LC-11 (A42) (2) KOM PC490LC-11 (A42) (3) KOM PC490LC-11 (A42) (4) KOM PC490LC-11 (A42) (5) KOM PC490LC-11 (A43) KOM PC490LC-11 (KMT) (1) KOM PC490LC-11 (KMT) (2) KOM PC490LC-11 (KMT) (3) KOM PC360LC-11 (A37) KOM PC360LC-11 (A39) KOM PC360LC-11 (A39) (2) KOM PC290LC-11 (K73) | D18: =VLOOKUP(B18,'[1]Products by Part Number'!$A:$C,3,0) -> CAB AIR FILTER | E18: =VLOOKUP($B18,'[1]Products by Part Number'!$A:$L,11,0) -> 15 | F18: =VLOOKUP(B18,'[1]Products by Part Number'!$A:$D,4,0) -> 67.87 | G18: =E18*F18 -> 1018.05 | H18: =VLOOKUP(B18,'[1]Products by Part Number'!$A:$F,6,0) -> 44.12 | I18: =ROUND(E18*H18,2) -> 661.8
B19: 211-2660 | C19: =VLOOKUP(B19,'[1]Products by Part Number'!$A:$B,2,0) -> CAT 14 (EN4) | D19: =VLOOKUP(B19,'[1]Products by Part Number'!$A:$C,3,0) -> CAB AIR FILTER | E19: =VLOOKUP($B19,'[1]Products by Part Number'!$A:$L,11,0) -> 1 | F19: =VLOOKUP(B19,'[1]Products by Part Number'!$A:$D,4,0) -> 74.81 | G19: =E19*F19 -> 74.81 | H19: =VLOOKUP(B19,'[1]Products by Part Number'!$A:$F,6,0) -> 48.63 | I19: =ROUND(E19*H19,2) -> 48.63
B20: 222-9020 | C20: =VLOOKUP(B20,'[1]Products by Part Number'!$A:$B,2,0) -> CAT TL1055C (KDE) | D20: =VLOOKUP(B20,'[1]Products by Part Number'!$A:$C,3,0) -> PRIMARY AIR FILTER | E20: =VLOOKUP($B20,'[1]Products by Part Number'!$A:$L,11,0) -> 0 | F20: =VLOOKUP(B20,'[1]Products by Part Number'!$A:$D,4,0) -> 100.67 | G20: =E20*F20 -> 0 | H20: =VLOOKUP(B20,'[1]Products by Part Number'!$A:$F,6,0) -> 65.44 | I20: =ROUND(E20*H20,2) -> 0
B21: 222-9021 | C21: =VLOOKUP(B21,'[1]Products by Part Number'!$A:$B,2,0) -> CAT TL1055C (KDE) | D21: =VLOOKUP(B21,'[1]Products by Part Number'!$A:$C,3,0) -> SECONDARY AIR FILTER | E21: =VLOOKUP($B21,'[1]Products by Part Number'!$A:$L,11,0) -> 0 | F21: =VLOOKUP(B21,'[1]Products by Part Number'!$A:$D,4,0) -> 80.09 | G21: =E21*F21 -> 0 | H21: =VLOOKUP(B21,'[1]Products by Part Number'!$A:$F,6,0) -> 52.06 | I21: =ROUND(E21*H21,2) -> 0
B22: 2A5-979-1551 | C22: =VLOOKUP(B22,'[1]Products by Part Number'!$A:$B,2,0) -> KOM PC490LC-11 (A42) KOM PC490LC-11 (A42) (2) KOM PC490LC-11 (A42) (3) KOM PC490LC-11 (A42) (4) KOM PC490LC-11 (A42) (5) KOM PC490LC-11 (A43) KOM PC490LC-11 (KMT) (1) KOM PC490LC-11 (KMT) (2) KOM PC490LC-11 (KMT) (3) KOM PC360LC-11 (A37) KOM PC360LC-11 (A39) KOM PC360LC-11 (A39) (2) KOM PC290LC-11 (K73) | D22: =VLOOKUP(B22,'[1]Products by Part Number'!$A:$C,3,0) -> CAB AIR FILTER | E22: =VLOOKUP($B22,'[1]Products by Part Number'!$A:$L,11,0) -> 13 | F22: =VLOOKUP(B22,'[1]Products by Part Number'!$A:$D,4,0) -> 68.78 | G22: =E22*F22 -> 894.14 | H22: =VLOOKUP(B22,'[1]Products by Part Number'!$A:$F,6,0) -> 44.71 | I22: =ROUND(E22*H22,2) -> 581.23
B23: 327-6618 | C23: =VLOOKUP(B23,'[1]Products by Part Number'!$A:$B,2,0) -> CAT 329EL (ZCD) | D23: =VLOOKUP(B23,'[1]Products by Part Number'!$A:$C,3,0) -> CAB AIR FILTER | E23: =VLOOKUP($B23,'[1]Products by Part Number'!$A:$L,11,0) -> 1 | F23: =VLOOKUP(B23,'[1]Products by Part Number'!$A:$D,4,0) -> 82.09 | G23: =E23*F23 -> 82.09 | H23: =VLOOKUP(B23,'[1]Products by Part Number'!$A:$F,6,0) -> 53.36 | I23: =ROUND(E23*H23,2) -> 53.36
B24: 331-8108 | C24: =VLOOKUP(B24,'[1]Products by Part Number'!$A:$B,2,0) -> CAT 14 (EN4) | D24: =VLOOKUP(B24,'[1]Products by Part Number'!$A:$C,3,0) -> SECONDARY AIR FILTER | E24: =VLOOKUP($B24,'[1]Products by Part Number'!$A:$L,11,0) -> 0 | F24: =VLOOKUP(B24,'[1]Products by Part Number'!$A:$D,4,0) -> 105.26 | G24: =E24*F24 -> 0 | H24: =VLOOKUP(B24,'[1]Products by Part Number'!$A:$F,6,0) -> 68.42 | I24: =ROUND(E24*H24,2) -> 0
B25: 421-07-72450 | C25: =VLOOKUP(B25,'[1]Products by Part Number'!$A:$B,2,0) -> KOM WA475-10 (120) | D25: =VLOOKUP(B25,'[1]Products by Part Number'!$A:$C,3,0) -> CAB AIR FILTER | E25: =VLOOKUP($B25,'[1]Products by Part Number'!$A:$L,11,0) -> 0 | F25: =VLOOKUP(B25,'[1]Products by Part Number'!$A:$D,4,0) -> 134.67 | G25: =E25*F25 -> 0 | H25: =VLOOKUP(B25,'[1]Products by Part Number'!$A:$F,6,0) -> 87.54 | I25: =ROUND(E25*H25,2) -> 0
B26: 423-07-52411 | C26: =VLOOKUP(B26,'[1]Products by Part Number'!$A:$B,2,0) -> KOM WA380-8 (1) KOM WA380-8 (2) KOM WA320-8 (867) KOM WA320PZ-6 (729) | D26: =VLOOKUP(B26,'[1]Products by Part Number'!$A:$C,3,0) -> CAB AIR FILTER | E26: =VLOOKUP($B26,'[1]Products by Part Number'!$A:$L,11,0) -> 0 | F26: =VLOOKUP(B26,'[1]Products by Part Number'!$A:$D,4,0) -> 152.87 | G26: =E26*F26 -> 0 | H26: =VLOOKUP(B26,'[1]Products by Part Number'!$A:$F,6,0) -> 99.37 | I26: =ROUND(E26*H26,2) -> 0
B27: 426-07-32441 | C27: =VLOOKUP(B27,'[1]Products by Part Number'!$A:$B,2,0) -> KOM HM400-5 (1) KOM HM400-5 (2) KOM HM400-5 (3) KOM HM400-5 (4) KOM HM400-5 (5) KOM HM400-5 (6) KOM HM400-5 (7) KOM HM400-5 (8) KOM HM400-5 (9) KOM HM400-5 (10) KOM HM400 (11) KOM HM400 (12) KOM HM400 (13) KOM HM400-5 (14) | D27: =VLOOKUP(B27,'[1]Products by Part Number'!$A:$C,3,0) -> CAB AIR FILTER | E27: =VLOOKUP($B27,'[1]Products by Part Number'!$A:$L,11,0) -> 0 | F27: =VLOOKUP(B27,'[1]Products by Part Number'!$A:$D,4,0) -> 131.29 | G27: =E27*F27 -> 0 | H27: =VLOOKUP(B27,'[1]Products by Part Number'!$A:$F,6,0) -> 85.34 | I27: =ROUND(E27*H27,2) -> 0
B28: 4S00686R | C28: =VLOOKUP(B28,'[1]Products by Part Number'!$A:$B,2,0) -> JD 470P (1FF) | D28: =VLOOKUP(B28,'[1]Products by Part Number'!$A:$C,3,0) -> CAB AIR FILTER | E28: =VLOOKUP($B28,'[1]Products by Part Number'!$A:$L,11,0) -> 0 | F28: =VLOOKUP(B28,'[1]Products by Part Number'!$A:$D,4,0) -> 103.0722 | G28: =E28*F28 -> 0 | H28: =VLOOKUP(B28,'[1]Products by Part Number'!$A:$F,6,0) -> 67 | I28: =ROUND(E28*H28,2) -> 0
... B60: TT220747 | C60: =VLOOKUP(B60,'[1]Products by Part Number'!$A:$B,2,0) -> JD 470P (1FF) | D60: =VLOOKUP(B60,'[1]Products by Part Number'!$A:$C,3,0) -> SECONDARY AIR FILTER | E60: =VLOOKUP($B60,'[1]Products by Part Number'!$A:$L,11,0) -> 0 | F60: =VLOOKUP(B60,'[1]Products by Part Number'!$A:$D,4,0) -> 122.9028 | G60: =E60*F60 -> 0 | H60: =VLOOKUP(B60,'[1]Products by Part Number'!$A:$F,6,0) -> 79.89 | I60: =ROUND(E60*H60,2) -> 0
B61: 4630525 | C61: =VLOOKUP(B61,'[1]Products by Part Number'!$A:$B,2,0) -> JD 470P (1FF) | D61: =VLOOKUP(B61,'[1]Products by Part Number'!$A:$C,3,0) -> HYDRAULIC FILTER PILOT | E61: =VLOOKUP($B61,'[1]Products by Part Number'!$A:$L,11,0) -> 0 | F61: =VLOOKUP(B61,'[1]Products by Part Number'!$A:$D,4,0) -> 40.641 | G61: =E61*F61 -> 0 | H61: =VLOOKUP(B61,'[1]Products by Part Number'!$A:$F,6,0) -> 20.32 | I61: =ROUND(E61*H61,2) -> 0
B62: 207-970-5121 | C62: =VLOOKUP(B62,'[1]Products by Part Number'!$A:$B,2,0) -> KOM PC360LC-11 (A37) KOM PC360LC-11 (A39) KOM PC360LC-11 (A39) (2) | D62: =VLOOKUP(B62,'[1]Products by Part Number'!$A:$C,3,0) -> HYDRAULIC FILTER | E62: =VLOOKUP($B62,'[1]Products by Part Number'!$A:$L,11,0) -> 0 | F62: =VLOOKUP(B62,'[1]Products by Part Number'!$A:$D,4,0) -> 198.35 | G62: =E62*F62 -> 0 | H62: =VLOOKUP(B62,'[1]Products by Part Number'!$A:$F,6,0) -> 99.18 | I62: =ROUND(E62*H62,2) -> 0
B63: 093-7521 | C63: =VLOOKUP(B63,'[1]Products by Part Number'!$A:$B,2,0) -> CAT 329EL (ZCD) | D63: =VLOOKUP(B63,'[1]Products by Part Number'!$A:$C,3,0) -> HYDRAULIC FILTER CASE DRAIN | E63: =VLOOKUP($B63,'[1]Products by Part Number'!$A:$L,11,0) -> 0 | F63: =VLOOKUP(B63,'[1]Products by Part Number'!$A:$D,4,0) -> 98.57 | G63: =E63*F63 -> 0 | H63: =VLOOKUP(B63,'[1]Products by Part Number'!$A:$F,6,0) -> 49.29 | I63: =ROUND(E63*H63,2) -> 0
B64: 11Y-60-28712 | C64: =VLOOKUP(B64,'[1]Products by Part Number'!$A:$B,2,0) -> KOM D61PX-24 (B60) | D64: =VLOOKUP(B64,'[1]Products by Part Number'!$A:$C,3,0) -> HYDRAULIC FILTER | E64: =VLOOKUP($B64,'[1]Products by Part Number'!$A:$L,11,0) -> 0 | F64: =VLOOKUP(B64,'[1]Products by Part Number'!$A:$D,4,0) -> 370.6 | G64: =E64*F64 -> 0 | H64: =VLOOKUP(B64,'[1]Products by Part Number'!$A:$F,6,0) -> 185.3 | I64: =ROUND(E64*H64,2) -> 0
B65: 179-9806 | C65: =VLOOKUP(B65,'[1]Products by Part Number'!$A:$B,2,0) -> CAT 329EL (ZCD) | D65: =VLOOKUP(B65,'[1]Products by Part Number'!$A:$C,3,0) -> HYDRAULIC FILTER RETURN | E65: =VLOOKUP($B65,'[1]Products by Part Number'!$A:$L,11,0) -> 0 | F65: =VLOOKUP(B65,'[1]Products by Part Number'!$A:$D,4,0) -> 221.11 | G65: =E65*F65 -> 0 | H65: =VLOOKUP(B65,'[1]Products by Part Number'!$A:$F,6,0) -> 110.56 | I65: =ROUND(E65*H65,2) -> 0
B66: 207-60-71183 | C66: =VLOOKUP(B66,'[1]Products by Part Number'!$A:$B,2,0) -> KOM HM400-5 (1) KOM HM400-5 (2) KOM HM400-5 (3) KOM HM400-5 (4) KOM HM400-5 (5) KOM HM400-5 (6) KOM HM400-5 (7) KOM HM400-5 (8) KOM HM400-5 (9) KOM HM400-5 (10) KOM HM400 (11) KOM HM400 (12) KOM HM400 (13) KOM HM400-5 (14) KOM PC238USLC-11 (2) KOM PC360LC-11 (A37) KOM PC360LC-11 (A39) KOM PC360LC-11 (A39) (2) KOM WA475-10 (120) KOM PC290LC-11 (K73) | D66: =VLOOKUP(B66,'[1]Products by Part Number'!$A:$C,3,0) -> HYDRAULIC FILTER TANK | E66: =VLOOKUP($B66,'[1]Products by Part Number'!$A:$L,11,0) -> 0 | F66: =VLOOKUP(B66,'[1]Products by Part Number'!$A:$D,4,0) -> 188.98 | G66: =E66*F66 -> 0 | H66: =VLOOKUP(B66,'[1]Products by Part Number'!$A:$F,6,0) -> 94.49 | I66: =ROUND(E66*H66,2) -> 0
B67: 208-60-71124 | C67: =VLOOKUP(B67,'[1]Products by Part Number'!$A:$B,2,0) -> KOM HM400-5 (1) KOM HM400-5 (2) KOM HM400-5 (3) KOM HM400-5 (4) KOM HM400-5 (5) KOM HM400-5 (6) KOM HM400-5 (7) KOM HM400-5 (8) KOM HM400-5 (9) KOM HM400-5 (10) KOM HM400 (11) KOM HM400 (12) KOM HM400 (13) KOM HM400-5 (14) KOM PC490LC-11 (A42) KOM PC490LC-11 (A42) (2) KOM PC490LC-11 (A42) (3) KOM PC490LC-11 (A42) (4) KOM PC490LC-11 (A42) (5) KOM PC490LC-11 (A43) KOM PC490LC-11 (KMT) (1) KOM PC490LC-11 (KMT) (2) KOM PC490LC-11 (KMT) (3) | D67: =VLOOKUP(B67,'[1]Products by Part Number'!$A:$C,3,0) -> HYDRAULIC FILTER ACCUMULATOR | E67: =VLOOKUP($B67,'[1]Products by Part Number'!$A:$L,11,0) -> 0 | F67: =VLOOKUP(B67,'[1]Products by Part Number'!$A:$D,4,0) -> 259.43 | G67: =E67*F67 -> 0 | H67: =VLOOKUP(B67,'[1]Products by Part Number'!$A:$F,6,0) -> 129.72 | I67: =ROUND(E67*H67,2) -> 0
B68: 22P-60-21161 | C68: =VLOOKUP(B68,'[1]Products by Part Number'!$A:$B,2,0) -> KOM D61PX-24 (B60) | D68: =VLOOKUP(B68,'[1]Products by Part Number'!$A:$C,3,0) -> HYDRAULIC FILTER | E68: =VLOOKUP($B68,'[1]Products by Part Number'!$A:$L,11,0) -> 0 | F68: =VLOOKUP(B68,'[1]Products by Part Number'!$A:$D,4,0) -> 220.88 | G68: =E68*F68 -> 0 | H68: =VLOOKUP(B68,'[1]Products by Part Number'!$A:$F,6,0) -> 110.44 | I68: =ROUND(E68*H68,2) -> 0
B69: 328-3655 | C69: =VLOOKUP(B69,'[1]Products by Part Number'!$A:$B,2,0) -> CAT 14 (EN4) | D69: =VLOOKUP(B69,'[1]Products by Part Number'!$A:$C,3,0) -> HYDRAULIC FILTER | E69: =VLOOKUP($B69,'[1]Products by Part Number'!$A:$L,11,0) -> 0 | F69: =VLOOKUP(B69,'[1]Products by Part Number'!$A:$D,4,0) -> 197.31 | G69: =E69*F69 -> 0 | H69: =VLOOKUP(B69,'[1]Products by Part Number'!$A:$F,6,0) -> 98.66 | I69: =ROUND(E69*H69,2) -> 0
B70: 389-1076 | C70: =VLOOKUP(B70,'[1]Products by Part Number'!$A:$B,2,0) -> CAT 14 (EN4) | D70: =VLOOKUP(B70,'[1]Products by Part Number'!$A:$C,3,0) -> HYDRAULIC FILTER | E70: =VLOOKUP($B70,'[1]Products by Part Number'!$A:$L,11,0) -> 0 | F70: =VLOOKUP(B70,'[1]Products by Part Number'!$A:$D,4,0) -> 103.37 | G70: =E70*F70 -> 0 | H70: =VLOOKUP(B70,'[1]Products by Part Number'!$A:$F,6,0) -> 51.69 | I70: =ROUND(E70*H70,2) -> 0
B71: 418-60-55151 | C71: =VLOOKUP(B71,'[1]Products by Part Number'!$A:$B,2,0) -> KOM WA320-8 (867) KOM WA320PZ-6 (729) | D71: =VLOOKUP(B71,'[1]Products by Part Number'!$A:$C,3,0) -> HYDRAULIC FILTER | E71: =VLOOKUP($B71,'[1]Products by Part Number'!$A:$L,11,0) -> 0 | F71: =VLOOKUP(B71,'[1]Products by Part Number'!$A:$D,4,0) -> 197.46 | G71: =E71*F71 -> 0 | H71: =VLOOKUP(B71,'[1]Products by Part Number'!$A:$F,6,0) -> 98.73 | I71: =ROUND(E71*H71,2) -> 0
B72: 421-5479 | C72: =VLOOKUP(B72,'[1]Products by Part Number'!$A:$B,2,0) -> CAT 255 CAT 255 (2) CAT 255 (FL7) | D72: =VLOOKUP(B72,'[1]Products by Part Number'!$A:$C,3,0) -> HYDRAULIC FILTER | E72: =VLOOKUP($B72,'[1]Products by Part Number'!$A:$L,11,0) -> 0 | F72: =VLOOKUP(B72,'[1]Products by Part Number'!$A:$D,4,0) -> 91.89 | G72: =E72*F72 -> 0 | H72: =VLOOKUP(B72,'[1]Products by Part Number'!$A:$F,6,0) -> 45.95 | I72: =ROUND(E72*H72,2) -> 0
B73: 423-60-45461 | C73: =VLOOKUP(B73,'[1]Products by Part Number'!$A:$B,2,0) -> KOM D71PX-24 (1) KOM D71PX-24 (2) KOM D71PX-24 (3) KOM D71PX-24 (4) KOM D71PX-24 (5) KOM D71PX-24 (6) KOM D71PX-24 (7) KOM WA380-8 (1) KOM WA380-8 (2) | D73: =VLOOKUP(B73,'[1]Products by Part Number'!$A:$C,3,0) -> HYDRAULIC FILTER TANK | E73: =VLOOKUP($B73,'[1]Products by Part Number'!$A:$L,11,0) -> 7 | F73: =VLOOKUP(B73,'[1]Products by Part Number'!$A:$D,4,0) -> 161.1564 | G73: =E73*F73 -> 1128.0948 | H73: =VLOOKUP(B73,'[1]Products by Part Number'!$A:$F,6,0) -> 80.58 | I73: =ROUND(E73*H73,2) -> 564.06
... B122: RE572785 | C122: =VLOOKUP(B122,'[1]Products by Part Number'!$A:$B,2,0) -> JD 470P (1FF) | D122: =VLOOKUP(B122,'[1]Products by Part Number'!$A:$C,3,0) -> ENGINE OIL FILTER | E122: =VLOOKUP($B122,'[1]Products by Part Number'!$A:$L,11,0) -> 1 | F122: =VLOOKUP(B122,'[1]Products by Part Number'!$A:$D,4,0) -> 122.9166 | G122: =E122*F122 -> 122.9166 | H122: =VLOOKUP(B122,'[1]Products by Part Number'!$A:$F,6,0) -> 61.46 | I122: =ROUND(E122*H122,2) -> 61.46
I123: =ROUND(E123*H123,2) -> 0
I124: =ROUND(E124*H124,2) -> 0
I125: =ROUND(E125*H125,2) -> 0
I126: =ROUND(E126*H126,2) -> 0
I127: =ROUND(E127*H127,2) -> 0
I128: =ROUND(E128*H128,2) -> 0
I129: =ROUND(E129*H129,2) -> 0
H130: Subtotal | I130: =SUM(I15:I129) -> 14751.2
D131: OEM MSRP : | E131: =SUM(G15:G129) -> 27764.476 | H131: Shipping | I131: 0
D132: GQP : | E132: =SUM(I15:I129) -> 14751.2 | H132: Customs/Broker Fee | I132: 0
D133: GQP SAVINGS : | E133: =E131-E132 -> 13013.276 | H133: Total | I133: =SUM(I130:I132) -> 14751.2
H134: GST | I134: =I133*0.05 -> 737.56
H135: PST / QST
B136: Quote valid for 14 days, shipping subject to delays in supply chain. | H136: GRAND TOTAL | I136: =SUM(I133:I135) -> 15488.76

Sheet MOQ GET Parts
E1: MOQ QUOTE | H1: GET
B7: COMPANY: | C7: GRAHAM | E7: DATE: | F7: 45870 | H7: PO NUMBER:
B8: CONTACT NAME: | C8: 0 | E8: PHONE NUMBER:
B9: BILLING ADDRESS: | C9: 0 | E9: EMAIL ADDRESS:
C10: 0 | E10: SHIPPING ADDRESS:
C11: 0
C12: 0
F13: CAD $
B14: PART NUMBER | C14: Make & Model | D14: DESCRIPTION | E14: QTY | F14: OEM MSRP | H14: GQP PRICE | I14: TOTAL
B15: 01643-22460 | C15: =VLOOKUP($B15,'[1]Products by Part Number'!$A:$L,2,0) -> KOM WA320-8 (867) KOM WA320PZ-6 (729) | D15: =VLOOKUP($B15,'[1]Products by Part Number'!$A:$L,3,0) -> WASHER CUTTING EDGE | E15: =VLOOKUP($B15,'[1]Products by Part Number'!$A:$L,12,0) -> 32 | F15: =VLOOKUP($B15,'[1]Products by Part Number'!$A:$L,4,0) -> 8.27 | G15: =E15*F15 -> 264.64 | H15: =VLOOKUP($B15,'[1]Products by Part Number'!$A:$L,6,0) -> 4.55 | I15: =ROUND(E15*H15,2) -> 145.6
B16: 01643-32260 | C16: =VLOOKUP($B16,'[1]Products by Part Number'!$A:$L,2,0) -> KOM WA380-8 (1) KOM WA380-8 (2) KOM WA475-10 (120) | D16: =VLOOKUP($B16,'[1]Products by Part Number'!$A:$L,3,0) -> WASHER CUTTING EDGE | E16: =VLOOKUP($B16,'[1]Products by Part Number'!$A:$L,12,0) -> 92 | F16: =VLOOKUP($B16,'[1]Products by Part Number'!$A:$L,4,0) -> 5.84 | G16: =E16*F16 -> 537.28 | H16: =VLOOKUP($B16,'[1]Products by Part Number'!$A:$L,6,0) -> 3.21 | I16: =ROUND(E16*H16,2) -> 295.32
B17: 02090-11265 | C17: =VLOOKUP($B17,'[1]Products by Part Number'!$A:$L,2,0) -> KOM D61PX-24 (B60) | D17: =VLOOKUP($B17,'[1]Products by Part Number'!$A:$L,3,0) -> BOLT CUTTING EDGE | E17: =VLOOKUP($B17,'[1]Products by Part Number'!$A:$L,12,0) -> 130 | F17: =VLOOKUP($B17,'[1]Products by Part Number'!$A:$L,4,0) -> 4.37 | G17: =E17*F17 -> 568.1 | H17: =VLOOKUP($B17,'[1]Products by Part Number'!$A:$L,6,0) -> 2.4 | I17: =ROUND(E17*H17,2) -> 312
B18: 02090-11270 | C18: =VLOOKUP($B18,'[1]Products by Part Number'!$A:$L,2,0) -> KOM D71PX-24 (1) KOM D71PX-24 (2) KOM D71PX-24 (3) KOM D71PX-24 (4) KOM D71PX-24 (5) KOM D71PX-24 (6) KOM D71PX-24 (7) | D18: =VLOOKUP($B18,'[1]Products by Part Number'!$A:$L,3,0) -> BOLT BIT END | E18: =VLOOKUP($B18,'[1]Products by Part Number'!$A:$L,12,0) -> 1155 | F18: =VLOOKUP($B18,'[1]Products by Part Number'!$A:$L,4,0) -> 1.87 | G18: =E18*F18 -> 2159.85 | H18: =VLOOKUP($B18,'[1]Products by Part Number'!$A:$L,6,0) -> 1.03 | I18: =ROUND(E18*H18,2) -> 1189.65
B19: 02090-11485 | C19: =VLOOKUP($B19,'[1]Products by Part Number'!$A:$L,2,0) -> KOM WA380-8 (1) KOM WA380-8 (2) KOM WA475-10 (120) | D19: =VLOOKUP($B19,'[1]Products by Part Number'!$A:$L,3,0) -> BOLT CUTTING EDGE | E19: =VLOOKUP($B19,'[1]Products by Part Number'!$A:$L,12,0) -> 92 | F19: =VLOOKUP($B19,'[1]Products by Part Number'!$A:$L,4,0) -> 6.1 | G19: =E19*F19 -> 561.2 | H19: =VLOOKUP($B19,'[1]Products by Part Number'!$A:$L,6,0) -> 3.36 | I19: =ROUND(E19*H19,2) -> 309.12
B20: 02090-11685 | C20: =VLOOKUP($B20,'[1]Products by Part Number'!$A:$L,2,0) -> KOM WA320-8 (867) KOM WA320PZ-6 (729) | D20: =VLOOKUP($B20,'[1]Products by Part Number'!$A:$L,3,0) -> BOLT CUTTING EDGE | E20: =VLOOKUP($B20,'[1]Products by Part Number'!$A:$L,12,0) -> 32 | F20: =VLOOKUP($B20,'[1]Products by Part Number'!$A:$L,4,0) -> 8.81 | G20: =E20*F20 -> 281.92 | H20: =VLOOKUP($B20,'[1]Products by Part Number'!$A:$L,6,0) -> 4.85 | I20: =ROUND(E20*H20,2) -> 155.2
B21: 02290-11219 | C21: =VLOOKUP($B21,'[1]Products by Part Number'!$A:$L,2,0) -> KOM D71PX-24 (1) KOM D71PX-24 (2) KOM D71PX-24 (3) KOM D71PX-24 (4) KOM D71PX-24 (5) KOM D71PX-24 (6) KOM D71PX-24 (7) | D21: =VLOOKUP($B21,'[1]Products by Part Number'!$A:$L,3,0) -> NUT CUTTING EDGE/BIT END | E21: =VLOOKUP($B21,'[1]Products by Part Number'!$A:$L,12,0) -> 1155 | F21: =VLOOKUP($B21,'[1]Products by Part Number'!$A:$L,4,0) -> 0.57 | G21: =E21*F21 -> 658.35 | H21: =VLOOKUP($B21,'[1]Products by Part Number'!$A:$L,6,0) -> 0.31 | I21: =ROUND(E21*H21,2) -> 358.05
B22: 09244-02508 | C22: =VLOOKUP($B22,'[1]Products by Part Number'!$A:$L,2,0) -> KOM D71PX-24 (1) KOM D71PX-24 (2) KOM D71PX-24 (3) KOM D71PX-24 (4) KOM D71PX-24 (5) KOM D71PX-24 (6) KOM D71PX-24 (7) | D22: =VLOOKUP($B22,'[1]Products by Part Number'!$A:$L,3,0) -> TOOTH PIN | E22: =VLOOKUP($B22,'[1]Products by Part Number'!$A:$L,12,0) -> 105 | F22: =VLOOKUP($B22,'[1]Products by Part Number'!$A:$L,4,0) -> 32.15 | G22: =E22*F22 -> 3375.75 | H22: =VLOOKUP($B22,'[1]Products by Part Number'!$A:$L,6,0) -> 17.68 | I22: =ROUND(E22*H22,2) -> 1856.4
B23: 10H1047 | C23: =VLOOKUP($B23,'[1]Products by Part Number'!$A:$L,2,0) -> JD 333G (1T0) | D23: =VLOOKUP($B23,'[1]Products by Part Number'!$A:$L,3,0) -> BOLT CUTTING EDGE | E23: =VLOOKUP($B23,'[1]Products by Part Number'!$A:$L,12,0) -> 14 | F23: =VLOOKUP($B23,'[1]Products by Part Number'!$A:$L,4,0) -> 6.8586 | G23: =E23*F23 -> 96.0204 | H23: =VLOOKUP($B23,'[1]Products by Part Number'!$A:$L,6,0) -> 3.77 | I23: =ROUND(E23*H23,2) -> 52.78
B24: 135-9394 | C24: =VLOOKUP($B24,'[1]Products by Part Number'!$A:$L,2,0) -> CAT 255 CAT 255 (2) CAT 255 (FL7) | D24: =VLOOKUP($B24,'[1]Products by Part Number'!$A:$L,3,0) -> CUTTING EDGE | E24: =VLOOKUP($B24,'[1]Products by Part Number'!$A:$L,12,0) -> 6 | F24: =VLOOKUP($B24,'[1]Products by Part Number'!$A:$L,4,0) -> 308.64 | G24: =E24*F24 -> 1851.84 | H24: =VLOOKUP($B24,'[1]Products by Part Number'!$A:$L,6,0) -> 169.75 | I24: =ROUND(E24*H24,2) -> 1018.5
B25: 13G-72-61410 | C25: =VLOOKUP($B25,'[1]Products by Part Number'!$A:$L,2,0) -> KOM D61PX-24 (B60) | D25: =VLOOKUP($B25,'[1]Products by Part Number'!$A:$L,3,0) -> CUTTING EDGE | E25: =VLOOKUP($B25,'[1]Products by Part Number'!$A:$L,12,0) -> 5 | F25: =VLOOKUP($B25,'[1]Products by Part Number'!$A:$L,4,0) -> 344.77 | G25: =E25*F25 -> 1723.85 | H25: =VLOOKUP($B25,'[1]Products by Part Number'!$A:$L,6,0) -> 189.62 | I25: =ROUND(E25*H25,2) -> 948.1
B26: 13G-72-61420 | C26: =VLOOKUP($B26,'[1]Products by Part Number'!$A:$L,2,0) -> KOM D71PX-24 (1) KOM D71PX-24 (2) KOM D71PX-24 (3) KOM D71PX-24 (4) KOM D71PX-24 (5) KOM D71PX-24 (6) KOM D71PX-24 (7) | D26: =VLOOKUP($B26,'[1]Products by Part Number'!$A:$L,3,0) -> CUTTING EDGE | E26: =VLOOKUP($B26,'[1]Products by Part Number'!$A:$L,12,0) -> 70 | F26: =VLOOKUP($B26,'[1]Products by Part Number'!$A:$L,4,0) -> 234.92 | G26: =E26*F26 -> 16444.4 | H26: =VLOOKUP($B26,'[1]Products by Part Number'!$A:$L,6,0) -> 129.21 | I26: =ROUND(E26*H26,2) -> 9044.7
... B69: TK550FD | C69: =VLOOKUP($B69,'[1]Products by Part Number'!$A:$L,2,0) -> JD 470P (1FF) | D69: =VLOOKUP($B69,'[1]Products by Part Number'!$A:$L,3,0) -> BUCKET TOOTH | E69: =VLOOKUP($B69,'[1]Products by Part Number'!$A:$L,12,0) -> 32 | F69: =VLOOKUP($B69,'[1]Products by Part Number'!$A:$L,4,0) -> 275.91 | G69: =E69*F69 -> 8829.12 | H69: =VLOOKUP($B69,'[1]Products by Part Number'!$A:$L,6,0) -> 151.75 | I69: =ROUND(E69*H69,2) -> 4856
I70: =ROUND(E70*H70,2) -> 0
I71: =ROUND(E71*H71,2) -> 0
I72: =ROUND(E72*H72,2) -> 0
I73: =ROUND(E73*H73,2) -> 0
I74: =ROUND(E74*H74,2) -> 0
I75: =ROUND(E75*H75,2) -> 0
I76: =ROUND(E76*H76,2) -> 0
H77: Subtotal | I77: =SUM(I15:I76) -> 187612.72
D78: OEM MSRP : | E78: =SUM(G15:G76) -> 341116.14 | H78: Shipping | I78: 0
D79: GQP : | E79: =SUM(I15:I76) -> 187612.72 | H79: Customs/Broker Fee | I79: 0
D80: GQP SAVINGS : | E80: =E78-E79 -> 153503.42 | H80: Total | I80: =SUM(I77:I79) -> 187612.72
H81: GST | I81: =I80*0.05 -> 9380.636
H82: PST / QST
B83: Quote valid for 14 days, shipping subject to delays in supply chain. | H83: GRAND TOTAL | I83: =SUM(I80:I82) -> 196993.36

Sheet MOQ Injectors
E1: MOQ QUOTE | H1: Injectors
B7: COMPANY: | C7: GRAHAM | E7: DATE: | F7: 45870 | H7: PO NUMBER:
B8: CONTACT NAME: | C8: 0 | E8: PHONE NUMBER:
B9: BILLING ADDRESS: | C9: 0 | E9: EMAIL ADDRESS:
C10: 0 | E10: SHIPPING ADDRESS:
C11: 0
C12: 0
F13: CAD $
B14: PART NUMBER | C14: Make & Model | D14: DESCRIPTION | E14: QTY | F14: OEM MSRP | H14: GQP PRICE | I14: TOTAL
B15: 370-7280 | C15: =VLOOKUP($B15,'[1]Products by Part Number'!$A:$L,2,0) -> CAT 329EL (ZCD) | D15: =VLOOKUP($B15,'[1]Products by Part Number'!$A:$L,3,0) -> INJECTOR | E15: =VLOOKUP($B15,'[1]Products by Part Number'!$A:$L,12,0) -> 6 | F15: =VLOOKUP($B15,'[1]Products by Part Number'!$A:$L,4,0) -> 1423.26 | G15: 1.77 | H15: =VLOOKUP($B15,'[1]Products by Part Number'!$A:$L,6,0) -> 996.28 | I15: =ROUND(E15*H15,2) -> 5977.68
B16: 370-7286 | C16: =VLOOKUP($B16,'[1]Products by Part Number'!$A:$L,2,0) -> CAT TL1055C (KDE) | D16: =VLOOKUP($B16,'[1]Products by Part Number'!$A:$L,3,0) -> INJECTOR | E16: =VLOOKUP($B16,'[1]Products by Part Number'!$A:$L,12,0) -> 4 | F16: =VLOOKUP($B16,'[1]Products by Part Number'!$A:$L,4,0) -> 1093.86 | G16: =E16*F16 -> 4375.44 | H16: =VLOOKUP($B16,'[1]Products by Part Number'!$A:$L,6,0) -> 765.7 | I16: =ROUND(E16*H16,2) -> 3062.8
B17: 378-4609 | C17: =VLOOKUP($B17,'[1]Products by Part Number'!$A:$L,2,0) -> CAT 14 (EN4) | D17: =VLOOKUP($B17,'[1]Products by Part Number'!$A:$L,3,0) -> INJECTOR | E17: =VLOOKUP($B17,'[1]Products by Part Number'!$A:$L,12,0) -> 6 | F17: =VLOOKUP($B17,'[1]Products by Part Number'!$A:$L,4,0) -> 2080.54 | G17: =E17*F17 -> 12483.24 | H17: =VLOOKUP($B17,'[1]Products by Part Number'!$A:$L,6,0) -> 1456.38 | I17: =ROUND(E17*H17,2) -> 8738.28
B18: 563-7897 | C18: =VLOOKUP($B18,'[1]Products by Part Number'!$A:$L,2,0) -> CAT 255 CAT 255 (2) CAT 255 (FL7) | D18: =VLOOKUP($B18,'[1]Products by Part Number'!$A:$L,3,0) -> INJECTOR | E18: =VLOOKUP($B18,'[1]Products by Part Number'!$A:$L,12,0) -> 12 | F18: =VLOOKUP($B18,'[1]Products by Part Number'!$A:$L,4,0) -> 1093.82 | G18: =E18*F18 -> 13125.84 | H18: =VLOOKUP($B18,'[1]Products by Part Number'!$A:$L,6,0) -> 765.67 | I18: =ROUND(E18*H18,2) -> 9188.04
B19: 6252-11-3100 | C19: =VLOOKUP($B19,'[1]Products by Part Number'!$A:$L,2,0) -> KOM PC490LC-11 (A42) KOM PC490LC-11 (A42) (2) KOM PC490LC-11 (A42) (3) KOM PC490LC-11 (A42) (4) KOM PC490LC-11 (A42) (5) KOM PC490LC-11 (A43) KOM PC490LC-11 (KMT) (1) KOM PC490LC-11 (KMT) (2) KOM PC490LC-11 (KMT) (3) KOM WA475-10 (120) | D19: =VLOOKUP($B19,'[1]Products by Part Number'!$A:$L,3,0) -> INJECTOR | E19: =VLOOKUP($B19,'[1]Products by Part Number'!$A:$L,12,0) -> 60 | F19: =VLOOKUP($B19,'[1]Products by Part Number'!$A:$L,4,0) -> 901.07 | H19: =VLOOKUP($B19,'[1]Products by Part Number'!$A:$L,6,0) -> 630.75 | I19: =ROUND(E19*H19,2) -> 37845
B20: 6262-11-3200 | C20: =VLOOKUP($B20,'[1]Products by Part Number'!$A:$L,2,0) -> KOM HM400-5 (1) KOM HM400-5 (2) KOM HM400-5 (3) KOM HM400-5 (4) KOM HM400-5 (5) KOM HM400-5 (6) KOM HM400-5 (7) KOM HM400-5 (8) KOM HM400-5 (9) KOM HM400-5 (10) KOM HM400 (11) KOM HM400 (12) KOM HM400 (13) KOM HM400-5 (14) | D20: =VLOOKUP($B20,'[1]Products by Part Number'!$A:$L,3,0) -> INJECTOR | E20: =VLOOKUP($B20,'[1]Products by Part Number'!$A:$L,12,0) -> 84 | F20: =VLOOKUP($B20,'[1]Products by Part Number'!$A:$L,4,0) -> 1189.99 | H20: =VLOOKUP($B20,'[1]Products by Part Number'!$A:$L,6,0) -> 832.99 | I20: =ROUND(E20*H20,2) -> 69971.16
B21: 6276-11-3100 | C21: =VLOOKUP($B21,'[1]Products by Part Number'!$A:$L,2,0) -> KOM PC138USLC-11 KOM PC238USLC-11 (1) | D21: =VLOOKUP($B21,'[1]Products by Part Number'!$A:$L,3,0) -> INJECTOR | E21: =VLOOKUP($B21,'[1]Products by Part Number'!$A:$L,12,0) -> 8 | F21: =VLOOKUP($B21,'[1]Products by Part Number'!$A:$L,4,0) -> 1218.3 | H21: =VLOOKUP($B21,'[1]Products by Part Number'!$A:$L,6,0) -> 852.81 | I21: =ROUND(E21*H21,2) -> 6822.48
B22: 6746-11-3100 | C22: =VLOOKUP($B22,'[1]Products by Part Number'!$A:$L,2,0) -> KOM D71PX-24 (1) KOM D71PX-24 (2) KOM D71PX-24 (3) KOM D71PX-24 (4) KOM D71PX-24 (5) KOM D71PX-24 (6) KOM D71PX-24 (7) KOM PC360LC-11 (A37) KOM PC360LC-11 (A39) KOM PC360LC-11 (A39) (2) | D22: =VLOOKUP($B22,'[1]Products by Part Number'!$A:$L,3,0) -> INJECTOR | E22: =VLOOKUP($B22,'[1]Products by Part Number'!$A:$L,12,0) -> 60 | F22: =VLOOKUP($B22,'[1]Products by Part Number'!$A:$L,4,0) -> 993.24 | H22: =VLOOKUP($B22,'[1]Products by Part Number'!$A:$L,6,0) -> 695.27 | I22: =ROUND(E22*H22,2) -> 41716.2
B23: 6755-11-3100 | C23: =VLOOKUP($B23,'[1]Products by Part Number'!$A:$L,2,0) -> KOM PC238USLC-11 (2) KOM WA380-8 (1) KOM WA380-8 (2) KOM WA320-8 (867) KOM WA320PZ-6 (729) KOM PC290LC-11 (K73) KOM D61PX-24 (B60) | D23: =VLOOKUP($B23,'[1]Products by Part Number'!$A:$L,3,0) -> INJECTOR | E23: =VLOOKUP($B23,'[1]Products by Part Number'!$A:$L,12,0) -> 42 | F23: =VLOOKUP($B23,'[1]Products by Part Number'!$A:$L,4,0) -> 866.09 | H23: =VLOOKUP($B23,'[1]Products by Part Number'!$A:$L,6,0) -> 606.26 | I23: =ROUND(E23*H23,2) -> 25462.92
B24: DZ100217 | C24: =VLOOKUP($B24,'[1]Products by Part Number'!$A:$L,2,0) -> JD 624K (DW6) JD 764 (100) | D24: =VLOOKUP($B24,'[1]Products by Part Number'!$A:$L,3,0) -> INJECTOR | E24: =VLOOKUP($B24,'[1]Products by Part Number'!$A:$L,12,0) -> 12 | F24: =VLOOKUP($B24,'[1]Products by Part Number'!$A:$L,4,0) -> 896.8206 | H24: =VLOOKUP($B24,'[1]Products by Part Number'!$A:$L,6,0) -> 627.77 | I24: =ROUND(E24*H24,2) -> 7533.24
B25: MIU804361 | C25: =VLOOKUP($B25,'[1]Products by Part Number'!$A:$L,2,0) -> JD 333G (1T0) | D25: =VLOOKUP($B25,'[1]Products by Part Number'!$A:$L,3,0) -> INJECTOR | E25: =VLOOKUP($B25,'[1]Products by Part Number'!$A:$L,12,0) -> 4 | F25: =VLOOKUP($B25,'[1]Products by Part Number'!$A:$L,4,0) -> 1719.0522 | H25: =VLOOKUP($B25,'[1]Products by Part Number'!$A:$L,6,0) -> 1203.34 | I25: =ROUND(E25*H25,2) -> 4813.36
B26: RE560656 | C26: =VLOOKUP($B26,'[1]Products by Part Number'!$A:$L,2,0) -> JD 470P (1FF) | D26: =VLOOKUP($B26,'[1]Products by Part Number'!$A:$L,3,0) -> INJECTOR | E26: =VLOOKUP($B26,'[1]Products by Part Number'!$A:$L,12,0) -> 6 | F26: =VLOOKUP($B26,'[1]Products by Part Number'!$A:$L,4,0) -> 2136.9576 | H26: =VLOOKUP($B26,'[1]Products by Part Number'!$A:$L,6,0) -> 1495.87 | I26: =ROUND(E26*H26,2) -> 8975.22
I27: =ROUND(E27*H27,2) -> 0
G28: =E28*F28 -> 0 | I28: =ROUND(E28*H28,2) -> 0
I29: =ROUND(E29*H29,2) -> 0
I30: =ROUND(E30*H30,2) -> 0
I31: =ROUND(E31*H31,2) -> 0
I32: =ROUND(E32*H32,2) -> 0
I33: =ROUND(E33*H33,2) -> 0
I34: =ROUND(E34*H34,2) -> 0
I35: =ROUND(E35*H35,2) -> 0
I36: =ROUND(E36*H36,2) -> 0
I37: =ROUND(E37*H37,2) -> 0
I38: =ROUND(E38*H38,2) -> 0
I39: =ROUND(E39*H39,2) -> 0
I40: =ROUND(E40*H40,2) -> 0
... I66: =ROUND(E66*H66,2) -> 0
H67: Subtotal | I67: =SUM(I15:I66) -> 230106.38
D68: OEM MSRP : | E68: =SUM(G15:G66) -> 29986.29 | H68: Shipping | I68: 0
D69: GQP : | E69: =SUM(I15:I66) -> 230106.38 | H69: Customs/Broker Fee | I69: 0
D70: GQP SAVINGS : | E70: =E68-E69 -> -200120.09 | H70: Total | I70: =SUM(I67:I69) -> 230106.38
H71: GST | I71: =I70*0.05 -> 11505.319
H72: PST / QST
B73: Quote valid for 14 days, shipping subject to delays in supply chain. | H73: GRAND TOTAL | I73: =SUM(I70:I72) -> 241611.7

Sheet MOQ Seats
E1: MOQ QUOTE | H1: Seats
B7: COMPANY: | C7: Enoch | E7: DATE: | F7: 45444 | H7: PO NUMBER:
B8: CONTACT NAME: | C8: 0 | E8: PHONE NUMBER:
B9: BILLING ADDRESS: | C9: 0 | E9: EMAIL ADDRESS:
C10: 0 | E10: SHIPPING ADDRESS:
C11: 0
C12: 0
F13: CAD $
B14: PART NUMBER | C14: Make & Model | D14: DESCRIPTION | E14: QTY | F14: OEM MSRP | H14: GQP PRICE | I14: TOTAL
B15: 577-8381 | C15: CAT D7 | D15: Seat Group | E15: 1 | F15: 4801.95 | G15: =E15*F15 -> 4801.95 | H15: 2400.98 | I15: =ROUND(E15*H15,2) -> 2400.98
B16: 6W-9744 | C16: CAT D7 | D16: Seat Group | E16: 1 | F16: 3996.4 | G16: =E16*F16 -> 3996.4 | H16: 1998.2 | I16: =ROUND(E16*H16,2) -> 1998.2
B17: AT527707 | C17: JD 624K, JD 624KXDW | D17: Seat | E17: 3 | F17: 4614.62 | G17: =E17*F17 -> 13843.86 | H17: 2307.31 | I17: =ROUND(E17*H17,2) -> 6921.93
B18: AT522591 | C18: JD 650K | D18: Seat Group | E18: 1 | F18: 5739.32 | G18: =E18*F18 -> 5739.32 | H18: 2869.66 | I18: =ROUND(E18*H18,2) -> 2869.66
B19: AT522601 | C19: JD 770G, JD 772G | D19: Seat Group | E19: 2 | F19: 12791.1 | G19: =E19*F19 -> 25582.2 | H19: 6395.55 | I19: =ROUND(E19*H19,2) -> 12791.1
G20: =E20*F20 -> 0 | I20: =ROUND(E20*H20,2) -> 0
G21: =E21*F21 -> 0 | I21: =ROUND(E21*H21,2) -> 0
G22: =E22*F22 -> 0 | I22: =ROUND(E22*H22,2) -> 0
I23: =ROUND(E23*H23,2) -> 0
I24: =ROUND(E24*H24,2) -> 0
I25: =ROUND(E25*H25,2) -> 0
I26: =ROUND(E26*H26,2) -> 0
I27: =ROUND(E27*H27,2) -> 0
I28: =ROUND(E28*H28,2) -> 0
I29: =ROUND(E29*H29,2) -> 0
I30: =ROUND(E30*H30,2) -> 0
I31: =ROUND(E31*H31,2) -> 0
I32: =ROUND(E32*H32,2) -> 0
I33: =ROUND(E33*H33,2) -> 0
I34: =ROUND(E34*H34,2) -> 0
... I56: =ROUND(E56*H56,2) -> 0
H57: Subtotal | I57: =SUM(I15:I56) -> 26981.87
D58: OEM MSRP : | E58: =SUM(G15:G56) -> 53963.73 | H58: Shipping | I58: 0
D59: GQP : | E59: =SUM(I15:I56) -> 26981.87 | H59: Customs/Broker Fee | I59: 0
D60: GQP SAVINGS : | E60: =E58-E59 -> 26981.86 | H60: Total | I60: =SUM(I57:I59) -> 26981.87
H61: GST | I61: =I60*0.05 -> 1349.0935
H62: PST / QST
B63: Quote valid for 14 days, shipping subject to delays in supply chain. | H63: GRAND TOTAL | I63: =SUM(I60:I62) -> 28330.964

Sheet MOQ Tires
E1: MOQ QUOTE | H1: Tire
B7: COMPANY: | C7: GRAHAM | E7: DATE: | F7: 45870 | H7: PO NUMBER:
B8: CONTACT NAME: | C8: 0 | E8: PHONE NUMBER:
B9: BILLING ADDRESS: | C9: 0 | E9: EMAIL ADDRESS:
C10: 0 | E10: SHIPPING ADDRESS:
C11: 0
C12: 0
F13: CAD $
B14: PART NUMBER | C14: Make & Model | D14: DESCRIPTION | E14: QTY | F14: OEM MSRP | H14: GQP PRICE | I14: TOTAL
B15: 419-30-11600 | C15: =VLOOKUP($B15,'[1]Products by Part Number'!$A:$L,2,0) -> KOM WA320-8 (867) KOM WA320PZ-6 (729) | D15: =VLOOKUP($B15,'[1]Products by Part Number'!$A:$L,3,0) -> TIRE 20.5R25 | E15: =VLOOKUP($B15,'[1]Products by Part Number'!$A:$L,12,0) -> 8 | F15: =VLOOKUP($B15,'[1]Products by Part Number'!$A:$L,4,0) -> 3694.17 | G15: 1.77 | H15: =VLOOKUP($B15,'[1]Products by Part Number'!$A:$L,6,0) -> 2031.79 | I15: =ROUND(E15*H15,2) -> 16254.32
B16: 56B-30-13140 | C16: =VLOOKUP($B16,'[1]Products by Part Number'!$A:$L,2,0) -> KOM HM400-5 (1) KOM HM400-5 (2) KOM HM400-5 (3) KOM HM400-5 (4) KOM HM400-5 (5) KOM HM400-5 (6) KOM HM400-5 (7) KOM HM400-5 (8) KOM HM400-5 (9) KOM HM400-5 (10) KOM HM400 (11) KOM HM400 (12) KOM HM400 (13) KOM HM400-5 (14) | D16: =VLOOKUP($B16,'[1]Products by Part Number'!$A:$L,3,0) -> TIRE 29.5-R25 | E16: =VLOOKUP($B16,'[1]Products by Part Number'!$A:$L,12,0) -> 84 | F16: =VLOOKUP($B16,'[1]Products by Part Number'!$A:$L,4,0) -> 9401.44 | G16: =E16*F16 -> 789720.96 | H16: =VLOOKUP($B16,'[1]Products by Part Number'!$A:$L,6,0) -> 4700.72 | I16: =ROUND(E16*H16,2) -> 394860.48
I17: =ROUND(E17*H17,2) -> 0
G18: =E18*F18 -> 0 | I18: =ROUND(E18*H18,2) -> 0
I19: =ROUND(E19*H19,2) -> 0
I20: =ROUND(E20*H20,2) -> 0
I21: =ROUND(E21*H21,2) -> 0
I22: =ROUND(E22*H22,2) -> 0
I23: =ROUND(E23*H23,2) -> 0
I24: =ROUND(E24*H24,2) -> 0
I25: =ROUND(E25*H25,2) -> 0
I26: =ROUND(E26*H26,2) -> 0
I27: =ROUND(E27*H27,2) -> 0
I28: =ROUND(E28*H28,2) -> 0
I29: =ROUND(E29*H29,2) -> 0
I30: =ROUND(E30*H30,2) -> 0
... I56: =ROUND(E56*H56,2) -> 0
H57: Subtotal | I57: =SUM(I15:I56) -> 411114.8
D58: OEM MSRP : | E58: =SUM(G15:G56) -> 789722.73 | H58: Shipping | I58: 0
D59: GQP : | E59: =SUM(I15:I56) -> 411114.8 | H59: Customs/Broker Fee | I59: 0
D60: GQP SAVINGS : | E60: =E58-E59 -> 378607.93 | H60: Total | I60: =SUM(I57:I59) -> 411114.8
H61: GST | I61: =I60*0.05 -> 20555.74
H62: PST / QST
B63: Quote valid for 14 days, shipping subject to delays in supply chain. | H63: GRAND TOTAL | I63: =SUM(I60:I62) -> 431670.54

Sheet MOQ Turbos
E1: MOQ QUOTE | H1: Turbos
B7: COMPANY: | C7: GRAHAM | E7: DATE: | F7: ='MOQ Grand Total'!F7 -> 45870 | H7: PO NUMBER: | I7: ='MOQ Grand Total'!I7
B8: CONTACT NAME: | C8: ='MOQ Grand Total'!C8 -> 0 | E8: PHONE NUMBER: | H8: ='MOQ Grand Total'!H8
B9: BILLING ADDRESS: | C9: ='MOQ Grand Total'!C9 -> 0 | E9: EMAIL ADDRESS: | H9: ='MOQ Grand Total'!H9
C10: ='MOQ Grand Total'!C10 -> 0 | E10: SHIPPING ADDRESS: | H10: ='MOQ Grand Total'!H10
C11: ='MOQ Grand Total'!C11 -> 0 | H11: ='MOQ Grand Total'!H11
C12: ='MOQ Grand Total'!C12 -> 0 | H12: ='MOQ Grand Total'!H12
F13: CAD $
B14: PART NUMBER | C14: Make & Model | D14: DESCRIPTION | E14: QTY | F14: OEM MSRP | H14: GQP PRICE | I14: TOTAL
B15: 424-3445 | C15: =VLOOKUP($B15,'[1]Products by Part Number'!$A:$L,2,0) -> CAT 14 (EN4) | D15: =VLOOKUP($B15,'[1]Products by Part Number'!$A:$L,3,0) -> TURBOCHARGER | E15: =VLOOKUP($B15,'[1]Products by Part Number'!$A:$L,12,0) -> 1 | F15: =VLOOKUP($B15,'[1]Products by Part Number'!$A:$L,4,0) -> 6480.33 | G15: =E15*F15 -> 6480.33 | H15: =VLOOKUP($B15,'[1]Products by Part Number'!$A:$L,6,0) -> 3240.17 | I15: =ROUND(E15*H15,2) -> 3240.17
B16: 443-0318 | C16: =VLOOKUP($B16,'[1]Products by Part Number'!$A:$L,2,0) -> CAT 329EL (ZCD) | D16: =VLOOKUP($B16,'[1]Products by Part Number'!$A:$L,3,0) -> TURBOCHARGER | E16: =VLOOKUP($B16,'[1]Products by Part Number'!$A:$L,12,0) -> 1 | F16: =VLOOKUP($B16,'[1]Products by Part Number'!$A:$L,4,0) -> 3792.29 | G16: =E16*F16 -> 3792.29 | H16: =VLOOKUP($B16,'[1]Products by Part Number'!$A:$L,6,0) -> 1896.15 | I16: =ROUND(E16*H16,2) -> 1896.15
B17: 479-5810 | C17: =VLOOKUP($B17,'[1]Products by Part Number'!$A:$L,2,0) -> CAT TL1055C (KDE) | D17: =VLOOKUP($B17,'[1]Products by Part Number'!$A:$L,3,0) -> TURBOCHARGER | E17: =VLOOKUP($B17,'[1]Products by Part Number'!$A:$L,12,0) -> 1 | F17: =VLOOKUP($B17,'[1]Products by Part Number'!$A:$L,4,0) -> 3328.65 | G17: =E17*F17 -> 3328.65 | H17: =VLOOKUP($B17,'[1]Products by Part Number'!$A:$L,6,0) -> 1664.33 | I17: =ROUND(E17*H17,2) -> 1664.33
B18: 588-1477 | C18: =VLOOKUP($B18,'[1]Products by Part Number'!$A:$L,2,0) -> CAT 255 CAT 255 (2) CAT 255 (FL7) | D18: =VLOOKUP($B18,'[1]Products by Part Number'!$A:$L,3,0) -> TURBOCHARGER | E18: =VLOOKUP($B18,'[1]Products by Part Number'!$A:$L,12,0) -> 3 | F18: =VLOOKUP($B18,'[1]Products by Part Number'!$A:$L,4,0) -> 2773.6 | H18: =VLOOKUP($B18,'[1]Products by Part Number'!$A:$L,6,0) -> 1386.8 | I18: =ROUND(E18*H18,2) -> 4160.4
B19: 6276-81-8100 | C19: =VLOOKUP($B19,'[1]Products by Part Number'!$A:$L,2,0) -> KOM PC138USLC-11 KOM PC238USLC-11 (1) | D19: =VLOOKUP($B19,'[1]Products by Part Number'!$A:$L,3,0) -> TURBOCHARGER | E19: =VLOOKUP($B19,'[1]Products by Part Number'!$A:$L,12,0) -> 2 | F19: =VLOOKUP($B19,'[1]Products by Part Number'!$A:$L,4,0) -> 6007.95 | H19: =VLOOKUP($B19,'[1]Products by Part Number'!$A:$L,6,0) -> 3003.98 | I19: =ROUND(E19*H19,2) -> 6007.96
B20: 6507-12-5010 | C20: =VLOOKUP($B20,'[1]Products by Part Number'!$A:$L,2,0) -> KOM PC490LC-11 (A42) KOM PC490LC-11 (A42) (2) KOM PC490LC-11 (A42) (3) KOM PC490LC-11 (A42) (4) KOM PC490LC-11 (A42) (5) KOM PC490LC-11 (A43) KOM PC490LC-11 (KMT) (1) KOM PC490LC-11 (KMT) (2) KOM PC490LC-11 (KMT) (3) | D20: =VLOOKUP($B20,'[1]Products by Part Number'!$A:$L,3,0) -> TURBOCHARGER | E20: =VLOOKUP($B20,'[1]Products by Part Number'!$A:$L,12,0) -> 9 | F20: =VLOOKUP($B20,'[1]Products by Part Number'!$A:$L,4,0) -> 15534.64 | H20: =VLOOKUP($B20,'[1]Products by Part Number'!$A:$L,6,0) -> 7767.32 | I20: =ROUND(E20*H20,2) -> 69905.88
B21: 6507-21-5010 | C21: =VLOOKUP($B21,'[1]Products by Part Number'!$A:$L,2,0) -> KOM WA475-10 (120) | D21: =VLOOKUP($B21,'[1]Products by Part Number'!$A:$L,3,0) -> TURBOCHARGER | E21: =VLOOKUP($B21,'[1]Products by Part Number'!$A:$L,12,0) -> 1 | F21: =VLOOKUP($B21,'[1]Products by Part Number'!$A:$L,4,0) -> 18281.09 | H21: =VLOOKUP($B21,'[1]Products by Part Number'!$A:$L,6,0) -> 9140.55 | I21: =ROUND(E21*H21,2) -> 9140.55
B22: 6508-12-5010 | C22: =VLOOKUP($B22,'[1]Products by Part Number'!$A:$L,2,0) -> KOM HM400-5 (1) KOM HM400-5 (2) KOM HM400-5 (3) KOM HM400-5 (4) KOM HM400-5 (5) KOM HM400-5 (6) KOM HM400-5 (7) KOM HM400-5 (8) KOM HM400-5 (9) KOM HM400-5 (10) KOM HM400 (11) KOM HM400 (12) KOM HM400 (13) KOM HM400-5 (14) | D22: =VLOOKUP($B22,'[1]Products by Part Number'!$A:$L,3,0) -> TURBOCHARGER | E22: =VLOOKUP($B22,'[1]Products by Part Number'!$A:$L,12,0) -> 14 | F22: =VLOOKUP($B22,'[1]Products by Part Number'!$A:$L,4,0) -> 18264.49 | H22: =VLOOKUP($B22,'[1]Products by Part Number'!$A:$L,6,0) -> 9132.25 | I22: =ROUND(E22*H22,2) -> 127851.5
B23: 6747-81-8011 | C23: =VLOOKUP($B23,'[1]Products by Part Number'!$A:$L,2,0) -> KOM PC360LC-11 (A37) KOM PC360LC-11 (A39) KOM PC360LC-11 (A39) (2) | D23: =VLOOKUP($B23,'[1]Products by Part Number'!$A:$L,3,0) -> TURBOCHARGER | E23: =VLOOKUP($B23,'[1]Products by Part Number'!$A:$L,12,0) -> 3 | F23: =VLOOKUP($B23,'[1]Products by Part Number'!$A:$L,4,0) -> 12799.25 | H23: =VLOOKUP($B23,'[1]Products by Part Number'!$A:$L,6,0) -> 6399.63 | I23: =ROUND(E23*H23,2) -> 19198.89
B24: 6747-81-8020 | C24: =VLOOKUP($B24,'[1]Products by Part Number'!$A:$L,2,0) -> KOM D71PX-24 (1) KOM D71PX-24 (2) KOM D71PX-24 (3) KOM D71PX-24 (4) KOM D71PX-24 (5) KOM D71PX-24 (6) KOM D71PX-24 (7) | D24: =VLOOKUP($B24,'[1]Products by Part Number'!$A:$L,3,0) -> TURBOCHARGER | E24: =VLOOKUP($B24,'[1]Products by Part Number'!$A:$L,12,0) -> 7 | F24: =VLOOKUP($B24,'[1]Products by Part Number'!$A:$L,4,0) -> 12782.78 | H24: =VLOOKUP($B24,'[1]Products by Part Number'!$A:$L,6,0) -> 6391.39 | I24: =ROUND(E24*H24,2) -> 44739.73
B25: 6756-81-8130 | C25: =VLOOKUP($B25,'[1]Products by Part Number'!$A:$L,2,0) -> KOM PC238USLC-11 (2) KOM PC290LC-11 (K73) | D25: =VLOOKUP($B25,'[1]Products by Part Number'!$A:$L,3,0) -> TURBOCHARGER | E25: =VLOOKUP($B25,'[1]Products by Part Number'!$A:$L,12,0) -> 2 | F25: =VLOOKUP($B25,'[1]Products by Part Number'!$A:$L,4,0) -> 9876.78 | H25: =VLOOKUP($B25,'[1]Products by Part Number'!$A:$L,6,0) -> 4938.39 | I25: =ROUND(E25*H25,2) -> 9876.78
B26: 6756-81-8140 | C26: =VLOOKUP($B26,'[1]Products by Part Number'!$A:$L,2,0) -> KOM WA380-8 (1) KOM WA380-8 (2) KOM WA320-8 (867) KOM WA320PZ-6 (729) | D26: =VLOOKUP($B26,'[1]Products by Part Number'!$A:$L,3,0) -> TURBOCHARGER | E26: =VLOOKUP($B26,'[1]Products by Part Number'!$A:$L,12,0) -> 4 | F26: =VLOOKUP($B26,'[1]Products by Part Number'!$A:$L,4,0) -> 8656.94 | H26: =VLOOKUP($B26,'[1]Products by Part Number'!$A:$L,6,0) -> 4328.47 | I26: =ROUND(E26*H26,2) -> 17313.88
B27: 6756-81-8330 | C27: =VLOOKUP($B27,'[1]Products by Part Number'!$A:$L,2,0) -> KOM D61PX-24 (B60) | D27: =VLOOKUP($B27,'[1]Products by Part Number'!$A:$L,3,0) -> TURBOCHARGER | E27: =VLOOKUP($B27,'[1]Products by Part Number'!$A:$L,12,0) -> 1 | F27: =VLOOKUP($B27,'[1]Products by Part Number'!$A:$L,4,0) -> 9117.02 | H27: =VLOOKUP($B27,'[1]Products by Part Number'!$A:$L,6,0) -> 4558.51 | I27: =ROUND(E27*H27,2) -> 4558.51
B28: DZ102306 | C28: =VLOOKUP($B28,'[1]Products by Part Number'!$A:$L,2,0) -> JD 470P (1FF) | D28: =VLOOKUP($B28,'[1]Products by Part Number'!$A:$L,3,0) -> TURBOCHARGER | E28: =VLOOKUP($B28,'[1]Products by Part Number'!$A:$L,12,0) -> 1 | F28: =VLOOKUP($B28,'[1]Products by Part Number'!$A:$L,4,0) -> 6077.9754 | H28: =VLOOKUP($B28,'[1]Products by Part Number'!$A:$L,6,0) -> 3038.99 | I28: =ROUND(E28*H28,2) -> 3038.99
B29: DZ108149 | C29: =VLOOKUP($B29,'[1]Products by Part Number'!$A:$L,2,0) -> JD 624K (DW6) | D29: =VLOOKUP($B29,'[1]Products by Part Number'!$A:$L,3,0) -> TURBOCHARGER | E29: =VLOOKUP($B29,'[1]Products by Part Number'!$A:$L,12,0) -> 1 | F29: =VLOOKUP($B29,'[1]Products by Part Number'!$A:$L,4,0) -> 4795.707 | H29: =VLOOKUP($B29,'[1]Products by Part Number'!$A:$L,6,0) -> 2397.85 | I29: =ROUND(E29*H29,2) -> 2397.85
... B32: MIA884648 | C32: =VLOOKUP($B32,'[1]Products by Part Number'!$A:$L,2,0) -> JD 333G (1T0) | D32: =VLOOKUP($B32,'[1]Products by Part Number'!$A:$L,3,0) -> TURBOCHARGER | E32: =VLOOKUP($B32,'[1]Products by Part Number'!$A:$L,12,0) -> 1 | F32: =VLOOKUP($B32,'[1]Products by Part Number'!$A:$L,4,0) -> 3111.8724 | H32: =VLOOKUP($B32,'[1]Products by Part Number'!$A:$L,6,0) -> 1555.94 | I32: =ROUND(E32*H32,2) -> 1555.94
I33: =ROUND(E33*H33,2) -> 0
I34: =ROUND(E34*H34,2) -> 0
I35: =ROUND(E35*H35,2) -> 0
I36: =ROUND(E36*H36,2) -> 0
I37: =ROUND(E37*H37,2) -> 0
I38: =ROUND(E38*H38,2) -> 0
I39: =ROUND(E39*H39,2) -> 0
I40: =ROUND(E40*H40,2) -> 0
I41: =ROUND(E41*H41,2) -> 0
I42: =ROUND(E42*H42,2) -> 0
I43: =ROUND(E43*H43,2) -> 0
I44: =ROUND(E44*H44,2) -> 0
... I70: =ROUND(E70*H70,2) -> 0
H71: Subtotal | I71: =SUM(I15:I70) -> 330151.11
D72: OEM MSRP : | E72: =SUM(G15:G70) -> 13601.27 | H72: Shipping | I72: 0
D73: GQP : | E73: =SUM(I15:I70) -> 330151.11 | H73: Customs/Broker Fee | I73: 0
D74: GQP SAVINGS : | E74: =E72-E73 -> -316549.84 | H74: Total | I74: =SUM(I71:I73) -> 330151.11
H75: GST | I75: =I74*0.05 -> 16507.556
H76: PST / QST
B77: Quote valid for 14 days, shipping subject to delays in supply chain. | H77: GRAND TOTAL | I77: =SUM(I74:I76) -> 346658.67

Sheet MOQ Undercarriages
E1: MOQ QUOTE | H1: UC
B7: COMPANY: | C7: GRAHAM | E7: DATE: | F7: ='MOQ Grand Total'!F7 -> 45870 | H7: PO NUMBER: | I7: ='MOQ Grand Total'!I7
B8: CONTACT NAME: | C8: ='MOQ Grand Total'!C8 -> 0 | E8: PHONE NUMBER: | H8: ='MOQ Grand Total'!H8
B9: BILLING ADDRESS: | C9: ='MOQ Grand Total'!C9 -> 0 | E9: EMAIL ADDRESS: | H9: ='MOQ Grand Total'!H9
C10: ='MOQ Grand Total'!C10 -> 0 | E10: SHIPPING ADDRESS: | H10: ='MOQ Grand Total'!H10
C11: ='MOQ Grand Total'!C11 -> 0 | H11: ='MOQ Grand Total'!H11
C12: ='MOQ Grand Total'!C12 -> 0 | H12: ='MOQ Grand Total'!H12
F13: CAD $
B14: PART NUMBER | C14: Make & Model | D14: DESCRIPTION | E14: QTY | F14: OEM MSRP | H14: GQP PRICE | I14: TOTAL
B15: 255_RT_MTO_400x86x52_GP | C15: =VLOOKUP($B15,'[1]Products by Part Number'!$A:$L,2,0) -> CAT 255 CAT 255 (2) CAT 255 (FL7) | D15: =VLOOKUP($B15,'[1]Products by Part Number'!$A:$L,3,0) -> GQP CAT255 COMPLETE UC KIT | E15: =VLOOKUP($B15,'[1]Products by Part Number'!$A:$L,12,0) -> 3 | F15: =VLOOKUP($B15,'[1]Products by Part Number'!$A:$L,4,0) -> 22584.78 | G15: =E15*F15 -> 67754.34 | H15: =VLOOKUP($B15,'[1]Products by Part Number'!$A:$L,6,0) -> 12421.63 | I15: =ROUND(E15*H15,2) -> 37264.89
B16: 329E_MS_MTO_31.5"_50LINK | C16: =VLOOKUP($B16,'[1]Products by Part Number'!$A:$L,2,0) -> CAT 329EL (ZCD) | D16: =VLOOKUP($B16,'[1]Products by Part Number'!$A:$L,3,0) -> GQP CAT329E COMPLETE UC KIT | E16: =VLOOKUP($B16,'[1]Products by Part Number'!$A:$L,12,0) -> 1 | F16: =VLOOKUP($B16,'[1]Products by Part Number'!$A:$L,4,0) -> 72253.5 | G16: =E16*F16 -> 72253.5 | H16: =VLOOKUP($B16,'[1]Products by Part Number'!$A:$L,6,0) -> 39739.43 | I16: =ROUND(E16*H16,2) -> 39739.43
B17: 333G_RT__MTO_450x86x58_GP | C17: =VLOOKUP($B17,'[1]Products by Part Number'!$A:$L,2,0) -> JD 333G (1T0) | D17: =VLOOKUP($B17,'[1]Products by Part Number'!$A:$L,3,0) -> GQP JD333G COMPLETE UC KIT | E17: =VLOOKUP($B17,'[1]Products by Part Number'!$A:$L,12,0) -> 1 | F17: =VLOOKUP($B17,'[1]Products by Part Number'!$A:$L,4,0) -> 18575.82 | G17: =E17*F17 -> 18575.82 | H17: =VLOOKUP($B17,'[1]Products by Part Number'!$A:$L,6,0) -> 10216.7 | I17: =ROUND(E17*H17,2) -> 10216.7
B18: 470_MS_MTO_29.5"_53LINK | C18: =VLOOKUP($B18,'[1]Products by Part Number'!$A:$L,2,0) -> JD 470P (1FF) | D18: =VLOOKUP($B18,'[1]Products by Part Number'!$A:$L,3,0) -> GQP JD470 COMPLETE UC KIT | E18: =VLOOKUP($B18,'[1]Products by Part Number'!$A:$L,12,0) -> 1 | F18: =VLOOKUP($B18,'[1]Products by Part Number'!$A:$L,4,0) -> 118254.44 | H18: =VLOOKUP($B18,'[1]Products by Part Number'!$A:$L,6,0) -> 65039.94 | I18: =ROUND(E18*H18,2) -> 65039.94
B19: 764_RT__MTO_70"x70"x6.5"_GP | C19: =VLOOKUP($B19,'[1]Products by Part Number'!$A:$L,2,0) -> JD 764 (100) | D19: =VLOOKUP($B19,'[1]Products by Part Number'!$A:$L,3,0) -> GQP CAT764 COMPLETE UC KIT | E19: =VLOOKUP($B19,'[1]Products by Part Number'!$A:$L,12,0) -> 1 | F19: =VLOOKUP($B19,'[1]Products by Part Number'!$A:$L,4,0) -> 187453.69 | H19: =VLOOKUP($B19,'[1]Products by Part Number'!$A:$L,6,0) -> 103099.53 | I19: =ROUND(E19*H19,2) -> 103099.53
B20: D61PX_MS_MTO_33.9"_46LINK | C20: =VLOOKUP($B20,'[1]Products by Part Number'!$A:$L,2,0) -> KOM D61PX-24 (B60) | D20: =VLOOKUP($B20,'[1]Products by Part Number'!$A:$L,3,0) -> GQP KOMATSU D61PX-24 COMPLETE UC KIT | E20: =VLOOKUP($B20,'[1]Products by Part Number'!$A:$L,12,0) -> 1 | F20: =VLOOKUP($B20,'[1]Products by Part Number'!$A:$L,4,0) -> 68101.38 | H20: =VLOOKUP($B20,'[1]Products by Part Number'!$A:$L,6,0) -> 37455.76 | I20: =ROUND(E20*H20,2) -> 37455.76
B21: D71PX-24_MS_MTO_36"_45LINK | C21: =VLOOKUP($B21,'[1]Products by Part Number'!$A:$L,2,0) -> KOM D71PX-24 (1) KOM D71PX-24 (2) KOM D71PX-24 (3) KOM D71PX-24 (4) KOM D71PX-24 (5) KOM D71PX-24 (6) KOM D71PX-24 (7) | D21: =VLOOKUP($B21,'[1]Products by Part Number'!$A:$L,3,0) -> GQP KOMATSU D71PX-24 COMPLETE UC KIT | E21: =VLOOKUP($B21,'[1]Products by Part Number'!$A:$L,12,0) -> 7 | F21: =VLOOKUP($B21,'[1]Products by Part Number'!$A:$L,4,0) -> 94078.76 | H21: =VLOOKUP($B21,'[1]Products by Part Number'!$A:$L,6,0) -> 51743.32 | I21: =ROUND(E21*H21,2) -> 362203.24
B22: GB01N (20.5R25) | C22: =VLOOKUP($B22,'[1]Products by Part Number'!$A:$L,2,0) -> CAT 14 (EN4) JD 624K (DW6) | D22: =VLOOKUP($B22,'[1]Products by Part Number'!$A:$L,3,0) -> TIRES 20.5R25 | E22: =VLOOKUP($B22,'[1]Products by Part Number'!$A:$L,12,0) -> 10 | F22: =VLOOKUP($B22,'[1]Products by Part Number'!$A:$L,4,0) -> 2250 | H22: =VLOOKUP($B22,'[1]Products by Part Number'!$A:$L,6,0) -> 1125 | I22: =ROUND(E22*H22,2) -> 11250
B23: GLC8S (26.5R25) | C23: =VLOOKUP($B23,'[1]Products by Part Number'!$A:$L,2,0) -> KOM WA475-10 (120) | D23: =VLOOKUP($B23,'[1]Products by Part Number'!$A:$L,3,0) -> TIRE 26.5-R25 | E23: =VLOOKUP($B23,'[1]Products by Part Number'!$A:$L,12,0) -> 4 | F23: =VLOOKUP($B23,'[1]Products by Part Number'!$A:$L,4,0) -> 3250 | H23: =VLOOKUP($B23,'[1]Products by Part Number'!$A:$L,6,0) -> 1625 | I23: =ROUND(E23*H23,2) -> 6500
B24: GR-4 (13.00R24) | C24: =VLOOKUP($B24,'[1]Products by Part Number'!$A:$L,2,0) -> CAT TL1055C (KDE) | D24: =VLOOKUP($B24,'[1]Products by Part Number'!$A:$L,3,0) -> TIRE 13.00-24 | E24: =VLOOKUP($B24,'[1]Products by Part Number'!$A:$L,12,0) -> 4 | F24: =VLOOKUP($B24,'[1]Products by Part Number'!$A:$L,4,0) -> 4204.91 | H24: =VLOOKUP($B24,'[1]Products by Part Number'!$A:$L,6,0) -> 2102.46 | I24: =ROUND(E24*H24,2) -> 8409.84
B25: PC138USLC_MS_MTO_23.6"_46LINK | C25: =VLOOKUP($B25,'[1]Products by Part Number'!$A:$L,2,0) -> KOM PC138USLC-11 KOM PC238USLC-11 (1) | D25: =VLOOKUP($B25,'[1]Products by Part Number'!$A:$L,3,0) -> GQP KOMATSU PC138USLC-11 COMPLETE UC KIT | E25: =VLOOKUP($B25,'[1]Products by Part Number'!$A:$L,12,0) -> 1 | F25: =VLOOKUP($B25,'[1]Products by Part Number'!$A:$L,4,0) -> 48983.26 | H25: =VLOOKUP($B25,'[1]Products by Part Number'!$A:$L,6,0) -> 26940.79 | I25: =ROUND(E25*H25,2) -> 26940.79
B26: PC238USLC_MS_MTO_27.6"_50LINK | C26: =VLOOKUP($B26,'[1]Products by Part Number'!$A:$L,2,0) -> KOM PC238USLC-11 (2) | D26: =VLOOKUP($B26,'[1]Products by Part Number'!$A:$L,3,0) -> GQP KOMATSU PC238USLC-11 COMPLETE UC KIT | E26: =VLOOKUP($B26,'[1]Products by Part Number'!$A:$L,12,0) -> 2 | F26: =VLOOKUP($B26,'[1]Products by Part Number'!$A:$L,4,0) -> 41236.9 | H26: =VLOOKUP($B26,'[1]Products by Part Number'!$A:$L,6,0) -> 22680.3 | I26: =ROUND(E26*H26,2) -> 45360.6
B27: PC290LC_MS_MTO_31.5_48LINK | C27: =VLOOKUP($B27,'[1]Products by Part Number'!$A:$L,2,0) -> KOM PC290LC-11 (K73) | D27: =VLOOKUP($B27,'[1]Products by Part Number'!$A:$L,3,0) -> GQP KOMATSU PC290LC-11 COMPLETE UC KIT | E27: =VLOOKUP($B27,'[1]Products by Part Number'!$A:$L,12,0) -> 1 | F27: =VLOOKUP($B27,'[1]Products by Part Number'!$A:$L,4,0) -> 47683.52 | H27: =VLOOKUP($B27,'[1]Products by Part Number'!$A:$L,6,0) -> 26225.94 | I27: =ROUND(E27*H27,2) -> 26225.94
B28: PC360LC_MS_MTO_27.6_48LINK | C28: =VLOOKUP($B28,'[1]Products by Part Number'!$A:$L,2,0) -> KOM PC360LC-11 (A37) KOM PC360LC-11 (A39) KOM PC360LC-11 (A39) (2) | D28: =VLOOKUP($B28,'[1]Products by Part Number'!$A:$L,3,0) -> GQP KOMATSU PC360LC-11 COMPLETE UC KIT | E28: =VLOOKUP($B28,'[1]Products by Part Number'!$A:$L,12,0) -> 3 | F28: =VLOOKUP($B28,'[1]Products by Part Number'!$A:$L,4,0) -> 52916.74 | H28: =VLOOKUP($B28,'[1]Products by Part Number'!$A:$L,6,0) -> 29104.21 | I28: =ROUND(E28*H28,2) -> 87312.63
B29: PC490LC_MS_MT_31.5"_49LINK | C29: =VLOOKUP($B29,'[1]Products by Part Number'!$A:$L,2,0) -> KOM PC490LC-11 (A42) KOM PC490LC-11 (A42) (2) KOM PC490LC-11 (A42) (3) KOM PC490LC-11 (A42) (4) KOM PC490LC-11 (A42) (5) KOM PC490LC-11 (A43) KOM PC490LC-11 (KMT) (1) KOM PC490LC-11 (KMT) (2) KOM PC490LC-11 (KMT) (3) | D29: =VLOOKUP($B29,'[1]Products by Part Number'!$A:$L,3,0) -> GQP KOMATSU PC490LC-11 COMPLETE UC KIT | E29: =VLOOKUP($B29,'[1]Products by Part Number'!$A:$L,12,0) -> 9 | F29: =VLOOKUP($B29,'[1]Products by Part Number'!$A:$L,4,0) -> 105500.36 | H29: =VLOOKUP($B29,'[1]Products by Part Number'!$A:$L,6,0) -> 58025.2 | I29: =ROUND(E29*H29,2) -> 522226.8
I30: =ROUND(E30*H30,2) -> 0
I31: =ROUND(E31*H31,2) -> 0
I32: =ROUND(E32*H32,2) -> 0
I33: =ROUND(E33*H33,2) -> 0
I34: =ROUND(E34*H34,2) -> 0
I35: =ROUND(E35*H35,2) -> 0
I36: =ROUND(E36*H36,2) -> 0
I37: =ROUND(E37*H37,2) -> 0
I38: =ROUND(E38*H38,2) -> 0
I39: =ROUND(E39*H39,2) -> 0
I40: =ROUND(E40*H40,2) -> 0
I41: =ROUND(E41*H41,2) -> 0
... I68: =ROUND(E68*H68,2) -> 0
H69: Subtotal | I69: =SUM(I15:I68) -> 1389246.1
D70: OEM MSRP : | E70: =SUM(G15:G68) -> 158583.66 | H70: Shipping | I70: 0
D71: GQP : | E71: =SUM(I15:I68) -> 1389246.1 | H71: Customs/Broker Fee | I71: 0
D72: GQP SAVINGS : | E72: =E70-E71 -> -1230662.4 | H72: Total | I72: =SUM(I69:I71) -> 1389246.1
H73: GST | I73: =I72*0.05 -> 69462.304
H74: PST / QST
B75: Quote valid for 14 days, shipping subject to delays in supply chain. | H75: GRAND TOTAL | I75: =SUM(I72:I74) -> 1458708.4

Sheet MOQ Grand Total
E1: MOQ QUOTE | H1: Grand Total
B7: COMPANY: | C7: GRAHAM | E7: DATE: | F7: 45870 | H7: PO NUMBER:
B8: CONTACT NAME: | C8: 0 | E8: PHONE NUMBER:
B9: BILLING ADDRESS: | C9: 0 | E9: EMAIL ADDRESS:
C10: 0 | E10: SHIPPING ADDRESS:
C11: 0
C12: 0
F13: CAD $
B14: PART NUMBER | C14: Make & Model | D14: DESCRIPTION | E14: QTY | F14: OEM MSRP | H14: GQP PRICE | I14: TOTAL
B15: 08000-D2213 | C15: =VLOOKUP($B15,'[1]Products by Part Number'!$A:$L,2,0) -> KOM WA320-8 (867) KOM WA320PZ-6 (729) | D15: =VLOOKUP($B15,'[1]Products by Part Number'!$A:$L,3,0) -> BATTERY | E15: =VLOOKUP($B15,'[1]Products by Part Number'!$A:$L,12,0) -> 4 | F15: =VLOOKUP($B15,'[1]Products by Part Number'!$A:$L,4,0) -> 600.03 | H15: =VLOOKUP($B15,'[1]Products by Part Number'!$A:$L,6,0) -> 300.02 | I15: =ROUND(E15*H15,2) -> 1200.08
B16: 08003-3190H | C16: =VLOOKUP($B16,'[1]Products by Part Number'!$A:$L,2,0) -> KOM HM400-5 (1) KOM HM400-5 (2) KOM HM400-5 (3) KOM HM400-5 (4) KOM HM400-5 (5) KOM HM400-5 (6) KOM HM400-5 (7) KOM HM400-5 (8) KOM HM400-5 (9) KOM HM400-5 (10) KOM HM400 (11) KOM HM400 (12) KOM HM400 (13) KOM HM400-5 (14) | D16: =VLOOKUP($B16,'[1]Products by Part Number'!$A:$L,3,0) -> BATTERY | E16: =VLOOKUP($B16,'[1]Products by Part Number'!$A:$L,12,0) -> 28 | F16: =VLOOKUP($B16,'[1]Products by Part Number'!$A:$L,4,0) -> 583.87 | H16: =VLOOKUP($B16,'[1]Products by Part Number'!$A:$L,6,0) -> 291.94 | I16: =ROUND(E16*H16,2) -> 8174.32
B17: 08003-C145F | C17: =VLOOKUP($B17,'[1]Products by Part Number'!$A:$L,2,0) -> KOM PC238USLC-11 (2) | D17: =VLOOKUP($B17,'[1]Products by Part Number'!$A:$L,3,0) -> BATTERY | E17: =VLOOKUP($B17,'[1]Products by Part Number'!$A:$L,12,0) -> 2 | F17: =VLOOKUP($B17,'[1]Products by Part Number'!$A:$L,4,0) -> 444.7 | H17: =VLOOKUP($B17,'[1]Products by Part Number'!$A:$L,6,0) -> 222.35 | I17: =ROUND(E17*H17,2) -> 444.7
B18: 08003-C165G | C18: =VLOOKUP($B18,'[1]Products by Part Number'!$A:$L,2,0) -> KOM WA380-8 (1) KOM WA380-8 (2) KOM WA475-10 (120) KOM PC290LC-11 (K73) | D18: =VLOOKUP($B18,'[1]Products by Part Number'!$A:$L,3,0) -> BATTERY | E18: =VLOOKUP($B18,'[1]Products by Part Number'!$A:$L,12,0) -> 8 | F18: =VLOOKUP($B18,'[1]Products by Part Number'!$A:$L,4,0) -> 483.17 | H18: =VLOOKUP($B18,'[1]Products by Part Number'!$A:$L,6,0) -> 241.59 | I18: =ROUND(E18*H18,2) -> 1932.72
B19: 115-2422 | C19: =VLOOKUP($B19,'[1]Products by Part Number'!$A:$L,2,0) -> CAT 255 CAT 255 (2) CAT 255 (FL7) | D19: =VLOOKUP($B19,'[1]Products by Part Number'!$A:$L,3,0) -> BATTERY 12 V 1000 CCA | E19: =VLOOKUP($B19,'[1]Products by Part Number'!$A:$L,12,0) -> 3 | F19: =VLOOKUP($B19,'[1]Products by Part Number'!$A:$L,4,0) -> 505.03 | H19: =VLOOKUP($B19,'[1]Products by Part Number'!$A:$L,6,0) -> 252.52 | I19: =ROUND(E19*H19,2) -> 757.56
B20: 134-06-61540 | C20: =VLOOKUP($B20,'[1]Products by Part Number'!$A:$L,2,0) -> KOM D61PX-24 (B60) | D20: =VLOOKUP($B20,'[1]Products by Part Number'!$A:$L,3,0) -> BATTERY | E20: =VLOOKUP($B20,'[1]Products by Part Number'!$A:$L,12,0) -> 2 | F20: =VLOOKUP($B20,'[1]Products by Part Number'!$A:$L,4,0) -> 631.66 | H20: =VLOOKUP($B20,'[1]Products by Part Number'!$A:$L,6,0) -> 315.83 | I20: =ROUND(E20*H20,2) -> 631.66
B21: 153-5710 | C21: =VLOOKUP($B21,'[1]Products by Part Number'!$A:$L,2,0) -> CAT 14 (EN4) | D21: =VLOOKUP($B21,'[1]Products by Part Number'!$A:$L,3,0) -> BATTERY 12V 1400 CCA | E21: =VLOOKUP($B21,'[1]Products by Part Number'!$A:$L,12,0) -> 2 | F21: =VLOOKUP($B21,'[1]Products by Part Number'!$A:$L,4,0) -> 783.62 | H21: =VLOOKUP($B21,'[1]Products by Part Number'!$A:$L,6,0) -> 391.81 | I21: =ROUND(E21*H21,2) -> 783.62
B22: 175-4390 | C22: =VLOOKUP($B22,'[1]Products by Part Number'!$A:$L,2,0) -> CAT TL1055C (KDE) | D22: =VLOOKUP($B22,'[1]Products by Part Number'!$A:$L,3,0) -> BATTERY 12V 1000CCA | E22: =VLOOKUP($B22,'[1]Products by Part Number'!$A:$L,12,0) -> 1 | F22: =VLOOKUP($B22,'[1]Products by Part Number'!$A:$L,4,0) -> 372.62 | H22: =VLOOKUP($B22,'[1]Products by Part Number'!$A:$L,6,0) -> 186.31 | I22: =ROUND(E22*H22,2) -> 186.31
B23: 22B-06-22311 | C23: =VLOOKUP($B23,'[1]Products by Part Number'!$A:$L,2,0) -> KOM PC138USLC-11 KOM PC238USLC-11 (1) | D23: =VLOOKUP($B23,'[1]Products by Part Number'!$A:$L,3,0) -> BATTERY | E23: =VLOOKUP($B23,'[1]Products by Part Number'!$A:$L,12,0) -> 4 | F23: =VLOOKUP($B23,'[1]Products by Part Number'!$A:$L,4,0) -> 532.45 | H23: =VLOOKUP($B23,'[1]Products by Part Number'!$A:$L,6,0) -> 266.23 | I23: =ROUND(E23*H23,2) -> 1064.92
B24: 2A5-06-A1010 | C24: =VLOOKUP($B24,'[1]Products by Part Number'!$A:$L,2,0) -> KOM PC490LC-11 (A42) KOM PC490LC-11 (A42) (2) KOM PC490LC-11 (A42) (3) KOM PC490LC-11 (A42) (4) KOM PC490LC-11 (A42) (5) KOM PC490LC-11 (A43) KOM PC490LC-11 (KMT) (1) KOM PC490LC-11 (KMT) (2) KOM PC490LC-11 (KMT) (3) KOM PC360LC-11 (A37) KOM PC360LC-11 (A39) KOM PC360LC-11 (A39) (2) | D24: =VLOOKUP($B24,'[1]Products by Part Number'!$A:$L,3,0) -> BATTERY | E24: =VLOOKUP($B24,'[1]Products by Part Number'!$A:$L,12,0) -> 24 | F24: =VLOOKUP($B24,'[1]Products by Part Number'!$A:$L,4,0) -> 632.66 | H24: =VLOOKUP($B24,'[1]Products by Part Number'!$A:$L,6,0) -> 316.33 | I24: =ROUND(E24*H24,2) -> 7591.92
B25: 9X-3404 | C25: =VLOOKUP($B25,'[1]Products by Part Number'!$A:$L,2,0) -> CAT 329EL (ZCD) | D25: =VLOOKUP($B25,'[1]Products by Part Number'!$A:$L,3,0) -> BATTERY 12V 900 CCA | E25: =VLOOKUP($B25,'[1]Products by Part Number'!$A:$L,12,0) -> 2 | F25: =VLOOKUP($B25,'[1]Products by Part Number'!$A:$L,4,0) -> 486.48 | H25: =VLOOKUP($B25,'[1]Products by Part Number'!$A:$L,6,0) -> 243.24 | I25: =ROUND(E25*H25,2) -> 486.48
B26: TY23020B | C26: =VLOOKUP($B26,'[1]Products by Part Number'!$A:$L,2,0) -> JD 470P (1FF) | D26: =VLOOKUP($B26,'[1]Products by Part Number'!$A:$L,3,0) -> BATTERY | E26: =VLOOKUP($B26,'[1]Products by Part Number'!$A:$L,12,0) -> 2 | F26: =VLOOKUP($B26,'[1]Products by Part Number'!$A:$L,4,0) -> 575.4186 | H26: =VLOOKUP($B26,'[1]Products by Part Number'!$A:$L,6,0) -> 287.71 | I26: =ROUND(E26*H26,2) -> 575.42
... B98: TT220747 | C98: =VLOOKUP($B98,'[1]Products by Part Number'!$A:$L,2,0) -> JD 470P (1FF) | D98: =VLOOKUP($B98,'[1]Products by Part Number'!$A:$L,3,0) -> SECONDARY AIR FILTER | E98: =VLOOKUP($B98,'[1]Products by Part Number'!$A:$L,12,0) -> 3 | F98: =VLOOKUP($B98,'[1]Products by Part Number'!$A:$L,4,0) -> 122.9028 | H98: =VLOOKUP($B98,'[1]Products by Part Number'!$A:$L,6,0) -> 79.89 | I98: =ROUND(E98*H98,2) -> 239.67
B99: 4630525 | C99: =VLOOKUP($B99,'[1]Products by Part Number'!$A:$L,2,0) -> JD 470P (1FF) | D99: =VLOOKUP($B99,'[1]Products by Part Number'!$A:$L,3,0) -> HYDRAULIC FILTER PILOT | E99: =VLOOKUP($B99,'[1]Products by Part Number'!$A:$L,12,0) -> 3 | F99: =VLOOKUP($B99,'[1]Products by Part Number'!$A:$L,4,0) -> 40.641 | H99: =VLOOKUP($B99,'[1]Products by Part Number'!$A:$L,6,0) -> 20.32 | I99: =ROUND(E99*H99,2) -> 60.96
B100: 207-970-5121 | C100: =VLOOKUP($B100,'[1]Products by Part Number'!$A:$L,2,0) -> KOM PC360LC-11 (A37) KOM PC360LC-11 (A39) KOM PC360LC-11 (A39) (2) | D100: =VLOOKUP($B100,'[1]Products by Part Number'!$A:$L,3,0) -> HYDRAULIC FILTER | E100: =VLOOKUP($B100,'[1]Products by Part Number'!$A:$L,12,0) -> 9 | F100: =VLOOKUP($B100,'[1]Products by Part Number'!$A:$L,4,0) -> 198.35 | H100: =VLOOKUP($B100,'[1]Products by Part Number'!$A:$L,6,0) -> 99.18 | I100: =ROUND(E100*H100,2) -> 892.62
B101: 093-7521 | C101: =VLOOKUP($B101,'[1]Products by Part Number'!$A:$L,2,0) -> CAT 329EL (ZCD) | D101: =VLOOKUP($B101,'[1]Products by Part Number'!$A:$L,3,0) -> HYDRAULIC FILTER CASE DRAIN | E101: =VLOOKUP($B101,'[1]Products by Part Number'!$A:$L,12,0) -> 3 | F101: =VLOOKUP($B101,'[1]Products by Part Number'!$A:$L,4,0) -> 98.57 | H101: =VLOOKUP($B101,'[1]Products by Part Number'!$A:$L,6,0) -> 49.29 | I101: =ROUND(E101*H101,2) -> 147.87
B102: 11Y-60-28712 | C102: =VLOOKUP($B102,'[1]Products by Part Number'!$A:$L,2,0) -> KOM D61PX-24 (B60) | D102: =VLOOKUP($B102,'[1]Products by Part Number'!$A:$L,3,0) -> HYDRAULIC FILTER | E102: =VLOOKUP($B102,'[1]Products by Part Number'!$A:$L,12,0) -> 2 | F102: =VLOOKUP($B102,'[1]Products by Part Number'!$A:$L,4,0) -> 370.6 | H102: =VLOOKUP($B102,'[1]Products by Part Number'!$A:$L,6,0) -> 185.3 | I102: =ROUND(E102*H102,2) -> 370.6
B103: 179-9806 | C103: =VLOOKUP($B103,'[1]Products by Part Number'!$A:$L,2,0) -> CAT 329EL (ZCD) | D103: =VLOOKUP($B103,'[1]Products by Part Number'!$A:$L,3,0) -> HYDRAULIC FILTER RETURN | E103: =VLOOKUP($B103,'[1]Products by Part Number'!$A:$L,12,0) -> 2 | F103: =VLOOKUP($B103,'[1]Products by Part Number'!$A:$L,4,0) -> 221.11 | H103: =VLOOKUP($B103,'[1]Products by Part Number'!$A:$L,6,0) -> 110.56 | I103: =ROUND(E103*H103,2) -> 221.12
B104: 207-60-71183 | C104: =VLOOKUP($B104,'[1]Products by Part Number'!$A:$L,2,0) -> KOM HM400-5 (1) KOM HM400-5 (2) KOM HM400-5 (3) KOM HM400-5 (4) KOM HM400-5 (5) KOM HM400-5 (6) KOM HM400-5 (7) KOM HM400-5 (8) KOM HM400-5 (9) KOM HM400-5 (10) KOM HM400 (11) KOM HM400 (12) KOM HM400 (13) KOM HM400-5 (14) KOM PC238USLC-11 (2) KOM PC360LC-11 (A37) KOM PC360LC-11 (A39) KOM PC360LC-11 (A39) (2) KOM WA475-10 (120) KOM PC290LC-11 (K73) | D104: =VLOOKUP($B104,'[1]Products by Part Number'!$A:$L,3,0) -> HYDRAULIC FILTER TANK | E104: =VLOOKUP($B104,'[1]Products by Part Number'!$A:$L,12,0) -> 60 | F104: =VLOOKUP($B104,'[1]Products by Part Number'!$A:$L,4,0) -> 188.98 | H104: =VLOOKUP($B104,'[1]Products by Part Number'!$A:$L,6,0) -> 94.49 | I104: =ROUND(E104*H104,2) -> 5669.4
B105: 208-60-71124 | C105: =VLOOKUP($B105,'[1]Products by Part Number'!$A:$L,2,0) -> KOM HM400-5 (1) KOM HM400-5 (2) KOM HM400-5 (3) KOM HM400-5 (4) KOM HM400-5 (5) KOM HM400-5 (6) KOM HM400-5 (7) KOM HM400-5 (8) KOM HM400-5 (9) KOM HM400-5 (10) KOM HM400 (11) KOM HM400 (12) KOM HM400 (13) KOM HM400-5 (14) KOM PC490LC-11 (A42) KOM PC490LC-11 (A42) (2) KOM PC490LC-11 (A42) (3) KOM PC490LC-11 (A42) (4) KOM PC490LC-11 (A42) (5) KOM PC490LC-11 (A43) KOM PC490LC-11 (KMT) (1) KOM PC490LC-11 (KMT) (2) KOM PC490LC-11 (KMT) (3) | D105: =VLOOKUP($B105,'[1]Products by Part Number'!$A:$L,3,0) -> HYDRAULIC FILTER ACCUMULATOR | E105: =VLOOKUP($B105,'[1]Products by Part Number'!$A:$L,12,0) -> 69 | F105: =VLOOKUP($B105,'[1]Products by Part Number'!$A:$L,4,0) -> 259.43 | H105: =VLOOKUP($B105,'[1]Products by Part Number'!$A:$L,6,0) -> 129.72 | I105: =ROUND(E105*H105,2) -> 8950.68
B106: 22P-60-21161 | C106: =VLOOKUP($B106,'[1]Products by Part Number'!$A:$L,2,0) -> KOM D61PX-24 (B60) | D106: =VLOOKUP($B106,'[1]Products by Part Number'!$A:$L,3,0) -> HYDRAULIC FILTER | E106: =VLOOKUP($B106,'[1]Products by Part Number'!$A:$L,12,0) -> 2 | F106: =VLOOKUP($B106,'[1]Products by Part Number'!$A:$L,4,0) -> 220.88 | H106: =VLOOKUP($B106,'[1]Products by Part Number'!$A:$L,6,0) -> 110.44 | I106: =ROUND(E106*H106,2) -> 220.88
B107: 328-3655 | C107: =VLOOKUP($B107,'[1]Products by Part Number'!$A:$L,2,0) -> CAT 14 (EN4) | D107: =VLOOKUP($B107,'[1]Products by Part Number'!$A:$L,3,0) -> HYDRAULIC FILTER | E107: =VLOOKUP($B107,'[1]Products by Part Number'!$A:$L,12,0) -> 3 | F107: =VLOOKUP($B107,'[1]Products by Part Number'!$A:$L,4,0) -> 197.31 | H107: =VLOOKUP($B107,'[1]Products by Part Number'!$A:$L,6,0) -> 98.66 | I107: =ROUND(E107*H107,2) -> 295.98
B108: 389-1076 | C108: =VLOOKUP($B108,'[1]Products by Part Number'!$A:$L,2,0) -> CAT 14 (EN4) | D108: =VLOOKUP($B108,'[1]Products by Part Number'!$A:$L,3,0) -> HYDRAULIC FILTER | E108: =VLOOKUP($B108,'[1]Products by Part Number'!$A:$L,12,0) -> 3 | F108: =VLOOKUP($B108,'[1]Products by Part Number'!$A:$L,4,0) -> 103.37 | H108: =VLOOKUP($B108,'[1]Products by Part Number'!$A:$L,6,0) -> 51.69 | I108: =ROUND(E108*H108,2) -> 155.07
B109: 418-60-55151 | C109: =VLOOKUP($B109,'[1]Products by Part Number'!$A:$L,2,0) -> KOM WA320-8 (867) KOM WA320PZ-6 (729) | D109: =VLOOKUP($B109,'[1]Products by Part Number'!$A:$L,3,0) -> HYDRAULIC FILTER | E109: =VLOOKUP($B109,'[1]Products by Part Number'!$A:$L,12,0) -> 6 | F109: =VLOOKUP($B109,'[1]Products by Part Number'!$A:$L,4,0) -> 197.46 | H109: =VLOOKUP($B109,'[1]Products by Part Number'!$A:$L,6,0) -> 98.73 | I109: =ROUND(E109*H109,2) -> 592.38
B110: 421-5479 | C110: =VLOOKUP($B110,'[1]Products by Part Number'!$A:$L,2,0) -> CAT 255 CAT 255 (2) CAT 255 (FL7) | D110: =VLOOKUP($B110,'[1]Products by Part Number'!$A:$L,3,0) -> HYDRAULIC FILTER | E110: =VLOOKUP($B110,'[1]Products by Part Number'!$A:$L,12,0) -> 9 | F110: =VLOOKUP($B110,'[1]Products by Part Number'!$A:$L,4,0) -> 91.89 | H110: =VLOOKUP($B110,'[1]Products by Part Number'!$A:$L,6,0) -> 45.95 | I110: =ROUND(E110*H110,2) -> 413.55
B111: 423-60-45461 | C111: =VLOOKUP($B111,'[1]Products by Part Number'!$A:$L,2,0) -> KOM D71PX-24 (1) KOM D71PX-24 (2) KOM D71PX-24 (3) KOM D71PX-24 (4) KOM D71PX-24 (5) KOM D71PX-24 (6) KOM D71PX-24 (7) KOM WA380-8 (1) KOM WA380-8 (2) | D111: =VLOOKUP($B111,'[1]Products by Part Number'!$A:$L,3,0) -> HYDRAULIC FILTER TANK | E111: =VLOOKUP($B111,'[1]Products by Part Number'!$A:$L,12,0) -> 48 | F111: =VLOOKUP($B111,'[1]Products by Part Number'!$A:$L,4,0) -> 161.1564 | H111: =VLOOKUP($B111,'[1]Products by Part Number'!$A:$L,6,0) -> 80.58 | I111: =ROUND(E111*H111,2) -> 3867.84
... B262: PC490LC_MS_MT_31.5"_49LINK | C262: =VLOOKUP($B262,'[1]Products by Part Number'!$A:$L,2,0) -> KOM PC490LC-11 (A42) KOM PC490LC-11 (A42) (2) KOM PC490LC-11 (A42) (3) KOM PC490LC-11 (A42) (4) KOM PC490LC-11 (A42) (5) KOM PC490LC-11 (A43) KOM PC490LC-11 (KMT) (1) KOM PC490LC-11 (KMT) (2) KOM PC490LC-11 (KMT) (3) | D262: =VLOOKUP($B262,'[1]Products by Part Number'!$A:$L,3,0) -> GQP KOMATSU PC490LC-11 COMPLETE UC KIT | E262: =VLOOKUP($B262,'[1]Products by Part Number'!$A:$L,12,0) -> 9 | F262: =VLOOKUP($B262,'[1]Products by Part Number'!$A:$L,4,0) -> 105500.36 | H262: =VLOOKUP($B262,'[1]Products by Part Number'!$A:$L,6,0) -> 58025.2 | I262: =ROUND(E262*H262,2) -> 522226.8
I263: =ROUND(E263*H263,2) -> 0
I264: =ROUND(E264*H264,2) -> 0
I265: =ROUND(E265*H265,2) -> 0
H266: Subtotal | I266: =SUM(I15:I265) -> 3034353.7
D267: OEM MSRP : | E267: =SUM(G185:G265) -> 0 | H267: Shipping | I267: 0
D268: GQP : | E268: =SUM(I185:I265) -> 2477417 | H268: Customs/Broker Fee | I268: 0
D269: GQP SAVINGS : | E269: =E267-E268 -> -2477417 | H269: Total | I269: =SUM(I266:I268) -> 3034353.7
H270: GST | I270: =I269*0.05 -> 151717.69
H271: PST / QST
B272: Quote valid for 14 days, shipping subject to delays in supply chain. | H272: GRAND TOTAL | I272: =SUM(I269:I271) -> 3186071.4
