Workbook

Sheet MOQ Batteries
E1: MOQ QUOTE | H1: Batteries
B7: COMPANY: | C7: Lincoln County | E7: DATE: | F7: 45870 | H7: PO NUMBER:
B8: CONTACT NAME: | C8: 0 | E8: PHONE NUMBER:
B9: BILLING ADDRESS: | C9: 0 | E9: EMAIL ADDRESS:
C10: 0 | E10: SHIPPING ADDRESS:
C11: 0
C12: 0
F13: CAD $
B14: PART NUMBER | C14: Make & Model | D14: DESCRIPTION | E14: QTY | F14: OEM MSRP | H14: GQP PRICE | I14: TOTAL
B15: 7312553 | C15: =VLOOKUP(B15,'[1]Product by Part Number'!$A:$B,2,0) -> BOBCAT T750 (ANK) BOBCAT T750 (ATF) BOBCAT S650 (A3N) BOBCAT T770 (AT6) BOBCAT T770 (AT6) (2) | D15: =VLOOKUP(B15,'[1]Product by Part Number'!$A:$C,3,0) -> Battery GP | E15: =VLOOKUP(B15,'[1]Product by Part Number'!$A:$K,11,0) -> 5 | F15: =VLOOKUP(B15,'[1]Product by Part Number'!$A:$D,4,0) -> 415.79 | G15: =E15*F15 -> 2078.95 | H15: =VLOOKUP(B15,'[1]Product by Part Number'!$A:$E,5,0) -> 207.9 | I15: =ROUND(E15*H15,2) -> 1039.5
B16: 115-2422 | C16: =VLOOKUP(B16,'[1]Product by Part Number'!$A:$B,2,0) -> CAT 320E L (WBK) CAT 320E L (WBK) (2) CAT 320 (HEX) CAT 320 (MYK) CAT 320 (MYK) (2) CAT 329E L (ZCD) CAT 329F L (ERL) CAT 329F L (ERL) (2) CAT 330F L (MBX) CAT 330F L (HCK) CAT 330F L (HCK) (2) CAT 299D (DX2) | D16: =VLOOKUP(B16,'[1]Product by Part Number'!$A:$C,3,0) -> 12V BATTERY 1000CCA | E16: =VLOOKUP(B16,'[1]Product by Part Number'!$A:$K,11,0) -> 27 | F16: =VLOOKUP(B16,'[1]Product by Part Number'!$A:$D,4,0) -> 523.07 | G16: =E16*F16 -> 14122.89 | H16: =VLOOKUP(B16,'[1]Product by Part Number'!$A:$E,5,0) -> 132.13 | I16: =ROUND(E16*H16,2) -> 3567.51
B17: 153-5656 | C17: =VLOOKUP(B17,'[1]Product by Part Number'!$A:$B,2,0) -> CAT 303.5E | D17: =VLOOKUP(B17,'[1]Product by Part Number'!$A:$C,3,0) -> 12V BATTERY - 650CCA | E17: =VLOOKUP(B17,'[1]Product by Part Number'!$A:$K,11,0) -> 1 | F17: =VLOOKUP(B17,'[1]Product by Part Number'!$A:$D,4,0) -> 356.29 | G17: =E17*F17 -> 356.29 | H17: =VLOOKUP(B17,'[1]Product by Part Number'!$A:$E,5,0) -> 160.67 | I17: =ROUND(E17*H17,2) -> 160.67
B18: 153-5700 | C18: =VLOOKUP(B18,'[1]Product by Part Number'!$A:$B,2,0) -> CAT D3 (1PJ) CAT D7G (92V) CAT D7G (3ZD) CAT D7G (3ZD) (2) CAT 561 (85H) CAT 561 (92J) CAT 561 (92J) (2) | D18: =VLOOKUP(B18,'[1]Product by Part Number'!$A:$C,3,0) -> 12V BATTERY - 1125CCA | E18: =VLOOKUP(B18,'[1]Product by Part Number'!$A:$K,11,0) -> 10 | F18: =VLOOKUP(B18,'[1]Product by Part Number'!$A:$D,4,0) -> 726.37 | G18: =E18*F18 -> 7263.7 | H18: =VLOOKUP(B18,'[1]Product by Part Number'!$A:$E,5,0) -> 292.44 | I18: =ROUND(E18*H18,2) -> 2924.4
B19: 9X-3404 | C19: =VLOOKUP(B19,'[1]Product by Part Number'!$A:$B,2,0) -> CAT 320F L (YBM) CAT 330 (LHW) CAT 330 (LHW) (2) CAT 330 (LHW) (3) CAT 330 (LHW) (4) CAT 330 (WCH) CAT 330 (WCH) (2) CAT 330 (WCH) (3) CAT 330 (WCH) (4) CAT 330 (WCH) (5) CAT 330 (WCH) (6) CAT 561M (1KW) CAT 561N (CPH) CAT 561N (CPH) (2) CAT 561N (CPH) (3) CAT 561N (CPH) (4) CAT 561N (CPH) (5) | D19: =VLOOKUP(B19,'[1]Product by Part Number'!$A:$C,3,0) -> 12V BATTERY - 900CCA | E19: =VLOOKUP(B19,'[1]Product by Part Number'!$A:$K,11,0) -> 54 | F19: =VLOOKUP(B19,'[1]Product by Part Number'!$A:$D,4,0) -> 503.86 | G19: =E19*F19 -> 27208.44 | H19: =VLOOKUP(B19,'[1]Product by Part Number'!$A:$E,5,0) -> 120.88 | I19: =ROUND(E19*H19,2) -> 6527.52
I20: =ROUND(E20*H20,2) -> 0
I21: =ROUND(E21*H21,2) -> 0
I22: =ROUND(E22*H22,2) -> 0
I23: =ROUND(E23*H23,2) -> 0
I24: =ROUND(E24*H24,2) -> 0
I25: =ROUND(E25*H25,2) -> 0
I26: =ROUND(E26*H26,2) -> 0
I27: =ROUND(E27*H27,2) -> 0
I28: =ROUND(E28*H28,2) -> 0
I29: =ROUND(E29*H29,2) -> 0
I30: =ROUND(E30*H30,2) -> 0
I31: =ROUND(E31*H31,2) -> 0
... I57: =ROUND(E57*H57,2) -> 0
H58: Subtotal | I58: =SUM(I15:I57) -> 14219.6
D59: OEM MSRP : | E59: =SUM(G15:G57) -> 51030.27 | H59: Shipping | I59: 0
D60: GQP : | E60: =SUM(I15:I57) -> 14219.6 | H60: Customs/Broker Fee | I60: 0
D61: GQP SAVINGS : | E61: =E59-E60 -> 36810.67 | H61: Total | I61: =SUM(I58:I60) -> 14219.6
H62: GST | I62: =I61*0.05 -> 710.98
H63: PST / QST
B64: Quote valid for 14 days, shipping subject to delays in supply chain. | H64: GRAND TOTAL | I64: =SUM(I61:I63) -> 14930.58

Sheet MOQ Engine
E1: MOQ QUOTE | H1: ENGINE
B7: COMPANY: | C7: Lincoln County | E7: DATE: | F7: 45870 | H7: PO NUMBER:
B8: CONTACT NAME: | C8: 0 | E8: PHONE NUMBER:
B9: BILLING ADDRESS: | C9: 0 | E9: EMAIL ADDRESS:
C10: 0 | E10: SHIPPING ADDRESS:
C11: 0
C12: 0
F13: CAD $
B14: PART NUMBER | C14: Make & Model | D14: DESCRIPTION | E14: QTY | F14: OEM MSRP | H14: GQP PRICE | I14: TOTAL
B15: 6689756 | C15: =VLOOKUP(B15,'[1]Product by Part Number'!$A:$B,2,0) -> BOBCAT T750 (ANK) | D15: =VLOOKUP(B15,'[1]Product by Part Number'!$A:$C,3,0) -> Upper Gasket Kit | E15: =VLOOKUP(B15,'[1]Product by Part Number'!$A:$K,11,0) -> 1 | F15: =VLOOKUP(B15,'[1]Product by Part Number'!$A:$D,4,0) -> 361.99 | G15: =E15*F15 -> 361.99 | H15: =VLOOKUP(B15,'[1]Product by Part Number'!$A:$E,5,0) -> 181 | I15: =ROUND(E15*H15,2) -> 181
B16: 6698579 | C16: =VLOOKUP(B16,'[1]Product by Part Number'!$A:$B,2,0) -> BOBCAT T750 (ANK) | D16: =VLOOKUP(B16,'[1]Product by Part Number'!$A:$C,3,0) -> Lower Gasket Kit | E16: =VLOOKUP(B16,'[1]Product by Part Number'!$A:$K,11,0) -> 1 | F16: =VLOOKUP(B16,'[1]Product by Part Number'!$A:$D,4,0) -> 417.49 | G16: =E16*F16 -> 417.49 | H16: =VLOOKUP(B16,'[1]Product by Part Number'!$A:$E,5,0) -> 208.75 | I16: =ROUND(E16*H16,2) -> 208.75
B17: 7008510 | C17: =VLOOKUP(B17,'[1]Product by Part Number'!$A:$B,2,0) -> BOBCAT S650 (A3N) | D17: =VLOOKUP(B17,'[1]Product by Part Number'!$A:$C,3,0) -> Upper Gasket Kit | E17: =VLOOKUP(B17,'[1]Product by Part Number'!$A:$K,11,0) -> 1 | F17: =VLOOKUP(B17,'[1]Product by Part Number'!$A:$D,4,0) -> 470.49 | G17: =E17*F17 -> 470.49 | H17: =VLOOKUP(B17,'[1]Product by Part Number'!$A:$E,5,0) -> 235.25 | I17: =ROUND(E17*H17,2) -> 235.25
B18: 7008511 | C18: =VLOOKUP(B18,'[1]Product by Part Number'!$A:$B,2,0) -> BOBCAT S650 (A3N) | D18: =VLOOKUP(B18,'[1]Product by Part Number'!$A:$C,3,0) -> Lower Gasket Kit | E18: =VLOOKUP(B18,'[1]Product by Part Number'!$A:$K,11,0) -> 1 | F18: =VLOOKUP(B18,'[1]Product by Part Number'!$A:$D,4,0) -> 482.99 | G18: =E18*F18 -> 482.99 | H18: =VLOOKUP(B18,'[1]Product by Part Number'!$A:$E,5,0) -> 241.5 | I18: =ROUND(E18*H18,2) -> 241.5
B19: 7020950 | C19: =VLOOKUP(B19,'[1]Product by Part Number'!$A:$B,2,0) -> BOBCAT T750 (ANK) | D19: =VLOOKUP(B19,'[1]Product by Part Number'!$A:$C,3,0) -> CYLINDER HEAD | E19: =VLOOKUP(B19,'[1]Product by Part Number'!$A:$K,11,0) -> 1 | F19: =VLOOKUP(B19,'[1]Product by Part Number'!$A:$D,4,0) -> 4359.99 | G19: =E19*F19 -> 4359.99 | H19: =VLOOKUP(B19,'[1]Product by Part Number'!$A:$E,5,0) -> 2180 | I19: =ROUND(E19*H19,2) -> 2180
B20: 7024264 | C20: =VLOOKUP(B20,'[1]Product by Part Number'!$A:$B,2,0) -> BOBCAT T750 (ATF) | D20: =VLOOKUP(B20,'[1]Product by Part Number'!$A:$C,3,0) -> CRANKSHAFT | E20: =VLOOKUP(B20,'[1]Product by Part Number'!$A:$K,11,0) -> 1 | F20: =VLOOKUP(B20,'[1]Product by Part Number'!$A:$D,4,0) -> 6916.49 | G20: =E20*F20 -> 6916.49 | H20: =VLOOKUP(B20,'[1]Product by Part Number'!$A:$E,5,0) -> 3458.25 | I20: =ROUND(E20*H20,2) -> 3458.25
B21: 7024384 | C21: =VLOOKUP(B21,'[1]Product by Part Number'!$A:$B,2,0) -> BOBCAT T750 (ATF) | D21: =VLOOKUP(B21,'[1]Product by Part Number'!$A:$C,3,0) -> CYLINDER HEAD | E21: =VLOOKUP(B21,'[1]Product by Part Number'!$A:$K,11,0) -> 1 | F21: =VLOOKUP(B21,'[1]Product by Part Number'!$A:$D,4,0) -> 2400.49 | G21: =E21*F21 -> 2400.49 | H21: =VLOOKUP(B21,'[1]Product by Part Number'!$A:$E,5,0) -> 1200.25 | I21: =ROUND(E21*H21,2) -> 1200.25
B22: 7024930 | C22: =VLOOKUP(B22,'[1]Product by Part Number'!$A:$B,2,0) -> BOBCAT T750 (ATF) | D22: =VLOOKUP(B22,'[1]Product by Part Number'!$A:$C,3,0) -> Upper Gasket Kit | E22: =VLOOKUP(B22,'[1]Product by Part Number'!$A:$K,11,0) -> 1 | F22: =VLOOKUP(B22,'[1]Product by Part Number'!$A:$D,4,0) -> 587.99 | G22: =E22*F22 -> 587.99 | H22: =VLOOKUP(B22,'[1]Product by Part Number'!$A:$E,5,0) -> 294 | I22: =ROUND(E22*H22,2) -> 294
B23: 7024931 | C23: =VLOOKUP(B23,'[1]Product by Part Number'!$A:$B,2,0) -> BOBCAT T750 (ATF) | D23: =VLOOKUP(B23,'[1]Product by Part Number'!$A:$C,3,0) -> Lower Gasket Kit | E23: =VLOOKUP(B23,'[1]Product by Part Number'!$A:$K,11,0) -> 1 | F23: =VLOOKUP(B23,'[1]Product by Part Number'!$A:$D,4,0) -> 445.99 | G23: =E23*F23 -> 445.99 | H23: =VLOOKUP(B23,'[1]Product by Part Number'!$A:$E,5,0) -> 223 | I23: =ROUND(E23*H23,2) -> 223
B24: 7256752 | C24: =VLOOKUP(B24,'[1]Product by Part Number'!$A:$B,2,0) -> BOBCAT T770 (AT6) BOBCAT T770 (AT6) (2) | D24: =VLOOKUP(B24,'[1]Product by Part Number'!$A:$C,3,0) -> CRANKSHAFT / Gear | E24: =VLOOKUP(B24,'[1]Product by Part Number'!$A:$K,11,0) -> 2 | F24: =VLOOKUP(B24,'[1]Product by Part Number'!$A:$D,4,0) -> 2799.99 | G24: =E24*F24 -> 5599.98 | H24: =VLOOKUP(B24,'[1]Product by Part Number'!$A:$E,5,0) -> 1400 | I24: =ROUND(E24*H24,2) -> 2800
B25: 7298788 | C25: =VLOOKUP(B25,'[1]Product by Part Number'!$A:$B,2,0) -> BOBCAT T770 (AT6) BOBCAT T770 (AT6) (2) | D25: =VLOOKUP(B25,'[1]Product by Part Number'!$A:$C,3,0) -> CYLINDER HEAD | E25: =VLOOKUP(B25,'[1]Product by Part Number'!$A:$K,11,0) -> 2 | F25: =VLOOKUP(B25,'[1]Product by Part Number'!$A:$D,4,0) -> 4052.99 | G25: =E25*F25 -> 8105.98 | H25: =VLOOKUP(B25,'[1]Product by Part Number'!$A:$E,5,0) -> 2026.5 | I25: =ROUND(E25*H25,2) -> 4053
B26: 134-5276 | C26: =VLOOKUP(B26,'[1]Product by Part Number'!$A:$B,2,0) -> CAT D5 (3CR) CAT D5 (3CR) (2) CAT 561M (1KW) | D26: =VLOOKUP(B26,'[1]Product by Part Number'!$A:$C,3,0) -> CAMSHAFT | E26: =VLOOKUP(B26,'[1]Product by Part Number'!$A:$K,11,0) -> 3 | F26: =VLOOKUP(B26,'[1]Product by Part Number'!$A:$D,4,0) -> 4368 | G26: =E26*F26 -> 13104 | H26: =VLOOKUP(B26,'[1]Product by Part Number'!$A:$E,5,0) -> 2184 | I26: =ROUND(E26*H26,2) -> 6552
B27: 216-7921 | C27: =VLOOKUP(B27,'[1]Product by Part Number'!$A:$B,2,0) -> CAT 561N (CPH) CAT 561N (CPH) (2) CAT 561N (CPH) (3) CAT 561N (CPH) (4) CAT 561N (CPH) (5) CAT PL61 (WGS) CAT PL61 (WGS) (2) CAT PL61 (WGS) (3) | D27: =VLOOKUP(B27,'[1]Product by Part Number'!$A:$C,3,0) -> CAMSHAFT | E27: =VLOOKUP(B27,'[1]Product by Part Number'!$A:$K,11,0) -> 8 | F27: =VLOOKUP(B27,'[1]Product by Part Number'!$A:$D,4,0) -> 4686.51 | G27: =E27*F27 -> 37492.08 | H27: =VLOOKUP(B27,'[1]Product by Part Number'!$A:$E,5,0) -> 2343.26 | I27: =ROUND(E27*H27,2) -> 18746.08
B28: 334-8389 | C28: =VLOOKUP(B28,'[1]Product by Part Number'!$A:$B,2,0) -> CAT D7G (92V) CAT D7G (3ZD) CAT D7G (3ZD) (2) | D28: =VLOOKUP(B28,'[1]Product by Part Number'!$A:$C,3,0) -> CRANKSHAFT ASSY | E28: =VLOOKUP(B28,'[1]Product by Part Number'!$A:$K,11,0) -> 3 | F28: =VLOOKUP(B28,'[1]Product by Part Number'!$A:$D,4,0) -> 17640.77 | G28: =E28*F28 -> 52922.31 | H28: =VLOOKUP(B28,'[1]Product by Part Number'!$A:$E,5,0) -> 8820.39 | I28: =ROUND(E28*H28,2) -> 26461.17
B29: 383-0293 | C29: =VLOOKUP(B29,'[1]Product by Part Number'!$A:$B,2,0) -> CAT 303.5E | D29: =VLOOKUP(B29,'[1]Product by Part Number'!$A:$C,3,0) -> OIL PUMP ENGINE | E29: =VLOOKUP(B29,'[1]Product by Part Number'!$A:$K,11,0) -> 1 | F29: =VLOOKUP(B29,'[1]Product by Part Number'!$A:$D,4,0) -> 831.44 | G29: =E29*F29 -> 831.44 | H29: =VLOOKUP(B29,'[1]Product by Part Number'!$A:$E,5,0) -> 415.72 | I29: =ROUND(E29*H29,2) -> 415.72
B30: 383-0433 | C30: =VLOOKUP(B30,'[1]Product by Part Number'!$A:$B,2,0) -> CAT 303.5E | D30: =VLOOKUP(B30,'[1]Product by Part Number'!$A:$C,3,0) -> WATER PUMP | E30: =VLOOKUP(B30,'[1]Product by Part Number'!$A:$K,11,0) -> 1 | F30: =VLOOKUP(B30,'[1]Product by Part Number'!$A:$D,4,0) -> 512.79 | G30: =E30*F30 -> 512.79 | H30: =VLOOKUP(B30,'[1]Product by Part Number'!$A:$E,5,0) -> 256.4 | I30: =ROUND(E30*H30,2) -> 256.4
B31: 386-6920 | C31: =VLOOKUP(B31,'[1]Product by Part Number'!$A:$B,2,0) -> CAT 303.5E | D31: =VLOOKUP(B31,'[1]Product by Part Number'!$A:$C,3,0) -> CYLINDER HEAD | E31: =VLOOKUP(B31,'[1]Product by Part Number'!$A:$K,11,0) -> 1 | F31: =VLOOKUP(B31,'[1]Product by Part Number'!$A:$D,4,0) -> 3744.05 | G31: =E31*F31 -> 3744.05 | H31: =VLOOKUP(B31,'[1]Product by Part Number'!$A:$E,5,0) -> 1872.03 | I31: =ROUND(E31*H31,2) -> 1872.03
B32: 386-6934 | C32: =VLOOKUP(B32,'[1]Product by Part Number'!$A:$B,2,0) -> CAT 303.5E | D32: =VLOOKUP(B32,'[1]Product by Part Number'!$A:$C,3,0) -> CAMSHAFT AS | E32: =VLOOKUP(B32,'[1]Product by Part Number'!$A:$K,11,0) -> 1 | F32: =VLOOKUP(B32,'[1]Product by Part Number'!$A:$D,4,0) -> 515.17 | G32: =E32*F32 -> 515.17 | H32: =VLOOKUP(B32,'[1]Product by Part Number'!$A:$E,5,0) -> 257.59 | I32: =ROUND(E32*H32,2) -> 257.59
B33: 386-6936 | C33: =VLOOKUP(B33,'[1]Product by Part Number'!$A:$B,2,0) -> CAT 303.5E | D33: =VLOOKUP(B33,'[1]Product by Part Number'!$A:$C,3,0) -> CRANKSHAFT ASSY | E33: =VLOOKUP(B33,'[1]Product by Part Number'!$A:$K,11,0) -> 1 | F33: =VLOOKUP(B33,'[1]Product by Part Number'!$A:$D,4,0) -> 4035.36 | G33: =E33*F33 -> 4035.36 | H33: =VLOOKUP(B33,'[1]Product by Part Number'!$A:$E,5,0) -> 2017.68 | I33: =ROUND(E33*H33,2) -> 2017.68
B34: 389-5128 | C34: =VLOOKUP(B34,'[1]Product by Part Number'!$A:$B,2,0) -> CAT 299D (DX2) | D34: =VLOOKUP(B34,'[1]Product by Part Number'!$A:$C,3,0) -> CYLINDER HEAD | E34: =VLOOKUP(B34,'[1]Product by Part Number'!$A:$K,11,0) -> 1 | F34: =VLOOKUP(B34,'[1]Product by Part Number'!$A:$D,4,0) -> 9634.25 | G34: =E34*F34 -> 9634.25 | H34: =VLOOKUP(B34,'[1]Product by Part Number'!$A:$E,5,0) -> 4817.13 | I34: =ROUND(E34*H34,2) -> 4817.13
B35: 389-5185 | C35: =VLOOKUP(B35,'[1]Product by Part Number'!$A:$B,2,0) -> CAT 299D (DX2) | D35: =VLOOKUP(B35,'[1]Product by Part Number'!$A:$C,3,0) -> CRANKSHAFT | E35: =VLOOKUP(B35,'[1]Product by Part Number'!$A:$K,11,0) -> 1 | F35: =VLOOKUP(B35,'[1]Product by Part Number'!$A:$D,4,0) -> 4526.64 | G35: =E35*F35 -> 4526.64 | H35: =VLOOKUP(B35,'[1]Product by Part Number'!$A:$E,5,0) -> 2263.32 | I35: =ROUND(E35*H35,2) -> 2263.32
B36: 389-5200 | C36: =VLOOKUP(B36,'[1]Product by Part Number'!$A:$B,2,0) -> CAT 299D (DX2) | D36: =VLOOKUP(B36,'[1]Product by Part Number'!$A:$C,3,0) -> CAMSHAFT | E36: =VLOOKUP(B36,'[1]Product by Part Number'!$A:$K,11,0) -> 1 | F36: =VLOOKUP(B36,'[1]Product by Part Number'!$A:$D,4,0) -> 1117.59 | G36: =E36*F36 -> 1117.59 | H36: =VLOOKUP(B36,'[1]Product by Part Number'!$A:$E,5,0) -> 558.8 | I36: =ROUND(E36*H36,2) -> 558.8
B37: 489-2731 | C37: =VLOOKUP(B37,'[1]Product by Part Number'!$A:$B,2,0) -> CAT D5 (3CR) CAT D5 (3CR) (2) CAT 561M (1KW) CAT 561N (CPH) CAT 561N (CPH) (2) CAT 561N (CPH) (3) CAT 561N (CPH) (4) CAT 561N (CPH) (5) CAT PL61 (WGS) CAT PL61 (WGS) (2) CAT PL61 (WGS) (3) | D37: =VLOOKUP(B37,'[1]Product by Part Number'!$A:$C,3,0) -> CRANKSHAFT | E37: =VLOOKUP(B37,'[1]Product by Part Number'!$A:$K,11,0) -> 11 | F37: =VLOOKUP(B37,'[1]Product by Part Number'!$A:$D,4,0) -> 14944.09 | G37: =E37*F37 -> 164384.99 | H37: =VLOOKUP(B37,'[1]Product by Part Number'!$A:$E,5,0) -> 7472.05 | I37: =ROUND(E37*H37,2) -> 82192.55
... B52: CUSTOM-GQPD7GSOK | C52: =VLOOKUP(B52,'[1]Product by Part Number'!$A:$B,2,0) -> CAT D7G (92V) CAT D7G (3ZD) CAT D7G (3ZD) (2) | D52: =VLOOKUP(B52,'[1]Product by Part Number'!$A:$C,3,0) -> SILVER ENGINE OVERHAUL KIT | E52: =VLOOKUP(B52,'[1]Product by Part Number'!$A:$K,11,0) -> 3 | F52: =VLOOKUP(B52,'[1]Product by Part Number'!$A:$D,4,0) -> 6725.5 | G52: =E52*F52 -> 20176.5 | H52: =VLOOKUP(B52,'[1]Product by Part Number'!$A:$E,5,0) -> 3362.75 | I52: =ROUND(E52*H52,2) -> 10088.25
I53: =ROUND(E53*H53,2) -> 0
I54: =ROUND(E54*H54,2) -> 0
I55: =ROUND(E55*H55,2) -> 0
I56: =ROUND(E56*H56,2) -> 0
I57: =ROUND(E57*H57,2) -> 0
I58: =ROUND(E58*H58,2) -> 0
I59: =ROUND(E59*H59,2) -> 0
I60: =ROUND(E60*H60,2) -> 0
I61: =ROUND(E61*H61,2) -> 0
I62: =ROUND(E62*H62,2) -> 0
I63: =ROUND(E63*H63,2) -> 0
I64: =ROUND(E64*H64,2) -> 0
... I90: =ROUND(E90*H90,2) -> 0
H91: Subtotal | I91: =SUM(I15:I90) -> 299179.68
D92: OEM MSRP : | E92: =SUM(G15:G90) -> 598358.86 | H92: Shipping | I92: 0
D93: GQP : | E93: =SUM(I15:I90) -> 299179.68 | H93: Customs/Broker Fee | I93: 0
D94: GQP SAVINGS : | E94: =E92-E93 -> 299179.18 | H94: Total | I94: =SUM(I91:I93) -> 299179.68
H95: GST | I95: =I94*0.05 -> 14958.984
H96: PST / QST
B97: Quote valid for 14 days, shipping subject to delays in supply chain. | H97: GRAND TOTAL | I97: =SUM(I94:I96) -> 314138.66

Sheet MOQ Filters Q1
E1: MOQ QUOTE | H1: Filters Q1
B7: COMPANY: | C7: Lincoln County | E7: DATE: | F7: 45870 | H7: PO NUMBER:
B8: CONTACT NAME: | C8: 0 | E8: PHONE NUMBER:
B9: BILLING ADDRESS: | C9: 0 | E9: EMAIL ADDRESS:
C10: 0 | E10: SHIPPING ADDRESS:
C11: 0
C12: 0
F13: CAD $
B14: PART NUMBER | C14: Make & Model | D14: DESCRIPTION | E14: QTY | F14: OEM MSRP | H14: GQP PRICE | I14: TOTAL
B15: 7008043 | C15: =VLOOKUP(B15,[1]!Table3[[Part Number]:[Make and Model]],2,0) -> BOBCAT S650 (A3N) | D15: =VLOOKUP(B15,[1]!Table3[[Part Number]:[Part Description]],3,0) -> PRIMARY AIR FILTER ELEMENT (OUTER) | E15: =VLOOKUP(B15,[1]!Table3[[Part Number]:[Q1 QTY]],7,0) -> 1 | F15: =VLOOKUP(B15,[1]!Table3[[Part Number]:[OEM CAD $]],4,0) -> 62.49 | G15: =E15*F15 -> 62.49 | H15: =VLOOKUP(B15,[1]!Table3[[Part Number]:[GQP CAD $]],5,0) -> 23.75 | I15: =ROUND(E15*H15,2) -> 23.75
B16: 7008044 | C16: =VLOOKUP(B16,[1]!Table3[[Part Number]:[Make and Model]],2,0) -> BOBCAT S650 (A3N) | D16: =VLOOKUP(B16,[1]!Table3[[Part Number]:[Part Description]],3,0) -> SECONDARY AIR FILTER ELEMENT | E16: =VLOOKUP(B16,[1]!Table3[[Part Number]:[Q1 QTY]],7,0) -> 1 | F16: =VLOOKUP(B16,[1]!Table3[[Part Number]:[OEM CAD $]],4,0) -> 39.99 | G16: =E16*F16 -> 39.99 | H16: =VLOOKUP(B16,[1]!Table3[[Part Number]:[GQP CAD $]],5,0) -> 15.2 | I16: =ROUND(E16*H16,2) -> 15.2
B17: 7010031 | C17: =VLOOKUP(B17,[1]!Table3[[Part Number]:[Make and Model]],2,0) -> BOBCAT T750 (ANK) BOBCAT T750 (ATF) BOBCAT T770 (AT6) BOBCAT T770 (AT6) (2) | D17: =VLOOKUP(B17,[1]!Table3[[Part Number]:[Part Description]],3,0) -> SECONDARY AIR FILTER ELEMENT | E17: =VLOOKUP(B17,[1]!Table3[[Part Number]:[Q1 QTY]],7,0) -> 4 | F17: =VLOOKUP(B17,[1]!Table3[[Part Number]:[OEM CAD $]],4,0) -> 103.99 | G17: =E17*F17 -> 415.96 | H17: =VLOOKUP(B17,[1]!Table3[[Part Number]:[GQP CAD $]],5,0) -> 39.52 | I17: =ROUND(E17*H17,2) -> 158.08
B18: 7286652 | C18: =VLOOKUP(B18,[1]!Table3[[Part Number]:[Make and Model]],2,0) -> BOBCAT T750 (ANK) BOBCAT T750 (ATF) BOBCAT T770 (AT6) BOBCAT T770 (AT6) (2) | D18: =VLOOKUP(B18,[1]!Table3[[Part Number]:[Part Description]],3,0) -> PRIMARY AIR FILTER ELEMENT (OUTER) | E18: =VLOOKUP(B18,[1]!Table3[[Part Number]:[Q1 QTY]],7,0) -> 4 | F18: =VLOOKUP(B18,[1]!Table3[[Part Number]:[OEM CAD $]],4,0) -> 140.99 | G18: =E18*F18 -> 563.96 | H18: =VLOOKUP(B18,[1]!Table3[[Part Number]:[GQP CAD $]],5,0) -> 53.58 | I18: =ROUND(E18*H18,2) -> 214.32
B19: 110-6326 | C19: =VLOOKUP(B19,[1]!Table3[[Part Number]:[Make and Model]],2,0) -> CAT 299D (DX2) | D19: =VLOOKUP(B19,[1]!Table3[[Part Number]:[Part Description]],3,0) -> PRIMARY AIR FILTER ELEMENT | E19: =VLOOKUP(B19,[1]!Table3[[Part Number]:[Q1 QTY]],7,0) -> 1 | F19: =VLOOKUP(B19,[1]!Table3[[Part Number]:[OEM CAD $]],4,0) -> 76.02 | G19: =E19*F19 -> 76.02 | H19: =VLOOKUP(B19,[1]!Table3[[Part Number]:[GQP CAD $]],5,0) -> 28.89 | I19: =ROUND(E19*H19,2) -> 28.89
B20: 110-6331 | C20: =VLOOKUP(B20,[1]!Table3[[Part Number]:[Make and Model]],2,0) -> CAT 299D (DX2) | D20: =VLOOKUP(B20,[1]!Table3[[Part Number]:[Part Description]],3,0) -> SECONDARY AIR FILTER ELEMENT | E20: =VLOOKUP(B20,[1]!Table3[[Part Number]:[Q1 QTY]],7,0) -> 1 | F20: =VLOOKUP(B20,[1]!Table3[[Part Number]:[OEM CAD $]],4,0) -> 54.17 | G20: =E20*F20 -> 54.17 | H20: =VLOOKUP(B20,[1]!Table3[[Part Number]:[GQP CAD $]],5,0) -> 20.58 | I20: =ROUND(E20*H20,2) -> 20.58
B21: 112-7448 | C21: =VLOOKUP(B21,[1]!Table3[[Part Number]:[Make and Model]],2,0) -> CAT D6T (MH7) | D21: =VLOOKUP(B21,[1]!Table3[[Part Number]:[Part Description]],3,0) -> CABIN AIR FILTER ELEMENT | E21: =VLOOKUP(B21,[1]!Table3[[Part Number]:[Q1 QTY]],7,0) -> 1 | F21: =VLOOKUP(B21,[1]!Table3[[Part Number]:[OEM CAD $]],4,0) -> 43.37 | G21: =E21*F21 -> 43.37 | H21: =VLOOKUP(B21,[1]!Table3[[Part Number]:[GQP CAD $]],5,0) -> 16.48 | I21: =ROUND(E21*H21,2) -> 16.48
B22: 131-8821 | C22: =VLOOKUP(B22,[1]!Table3[[Part Number]:[Make and Model]],2,0) -> CAT 320E L (WBK) CAT 320E L (WBK) (2) CAT 320F L (YBM) | D22: =VLOOKUP(B22,[1]!Table3[[Part Number]:[Part Description]],3,0) -> SECONDARY AIR FILTER ELEMENT | E22: =VLOOKUP(B22,[1]!Table3[[Part Number]:[Q1 QTY]],7,0) -> 3 | F22: =VLOOKUP(B22,[1]!Table3[[Part Number]:[OEM CAD $]],4,0) -> 97.91 | G22: =E22*F22 -> 293.73 | H22: =VLOOKUP(B22,[1]!Table3[[Part Number]:[GQP CAD $]],5,0) -> 37.21 | I22: =ROUND(E22*H22,2) -> 111.63
B23: 131-8822 | C23: =VLOOKUP(B23,[1]!Table3[[Part Number]:[Make and Model]],2,0) -> CAT 320E L (WBK) CAT 320E L (WBK) (2) CAT 320F L (YBM) | D23: =VLOOKUP(B23,[1]!Table3[[Part Number]:[Part Description]],3,0) -> PRIMARY AIR FILTER ELEMENT | E23: =VLOOKUP(B23,[1]!Table3[[Part Number]:[Q1 QTY]],7,0) -> 3 | F23: =VLOOKUP(B23,[1]!Table3[[Part Number]:[OEM CAD $]],4,0) -> 120.35 | G23: =E23*F23 -> 361.05 | H23: =VLOOKUP(B23,[1]!Table3[[Part Number]:[GQP CAD $]],5,0) -> 45.73 | I23: =ROUND(E23*H23,2) -> 137.19
B24: 134-8726 | C24: =VLOOKUP(B24,[1]!Table3[[Part Number]:[Make and Model]],2,0) -> CAT 303.5E | D24: =VLOOKUP(B24,[1]!Table3[[Part Number]:[Part Description]],3,0) -> PRIMARY AIR FILTER ELEMENT | E24: =VLOOKUP(B24,[1]!Table3[[Part Number]:[Q1 QTY]],7,0) -> 1 | F24: =VLOOKUP(B24,[1]!Table3[[Part Number]:[OEM CAD $]],4,0) -> 67.33 | G24: =E24*F24 -> 67.33 | H24: =VLOOKUP(B24,[1]!Table3[[Part Number]:[GQP CAD $]],5,0) -> 25.59 | I24: =ROUND(E24*H24,2) -> 25.59
B25: 140-2334 | C25: =VLOOKUP(B25,[1]!Table3[[Part Number]:[Make and Model]],2,0) -> CAT 303.5E | D25: =VLOOKUP(B25,[1]!Table3[[Part Number]:[Part Description]],3,0) -> SECONDARY AIR FILTER ELEMENT | E25: =VLOOKUP(B25,[1]!Table3[[Part Number]:[Q1 QTY]],7,0) -> 1 | F25: =VLOOKUP(B25,[1]!Table3[[Part Number]:[OEM CAD $]],4,0) -> 61.69 | G25: =E25*F25 -> 61.69 | H25: =VLOOKUP(B25,[1]!Table3[[Part Number]:[GQP CAD $]],5,0) -> 23.44 | I25: =ROUND(E25*H25,2) -> 23.44
B26: 142-1339 | C26: =VLOOKUP(B26,[1]!Table3[[Part Number]:[Make and Model]],2,0) -> CAT 336F L (RKB) | D26: =VLOOKUP(B26,[1]!Table3[[Part Number]:[Part Description]],3,0) -> PRIMARY AIR FILTER ELEMENT | E26: =VLOOKUP(B26,[1]!Table3[[Part Number]:[Q1 QTY]],7,0) -> 1 | F26: =VLOOKUP(B26,[1]!Table3[[Part Number]:[OEM CAD $]],4,0) -> 201.81 | G26: =E26*F26 -> 201.81 | H26: =VLOOKUP(B26,[1]!Table3[[Part Number]:[GQP CAD $]],5,0) -> 76.69 | I26: =ROUND(E26*H26,2) -> 76.69
B27: 142-1404 | C27: =VLOOKUP(B27,[1]!Table3[[Part Number]:[Make and Model]],2,0) -> CAT 336F L (RKB) | D27: =VLOOKUP(B27,[1]!Table3[[Part Number]:[Part Description]],3,0) -> SECONDARY AIR FILTER ELEMENT | E27: =VLOOKUP(B27,[1]!Table3[[Part Number]:[Q1 QTY]],7,0) -> 1 | F27: =VLOOKUP(B27,[1]!Table3[[Part Number]:[OEM CAD $]],4,0) -> 119.45 | G27: =E27*F27 -> 119.45 | H27: =VLOOKUP(B27,[1]!Table3[[Part Number]:[GQP CAD $]],5,0) -> 45.39 | I27: =ROUND(E27*H27,2) -> 45.39
B28: 151-0914 | C28: =VLOOKUP(B28,[1]!Table3[[Part Number]:[Make and Model]],2,0) -> CAT D6N LGP (PBA) CAT D6N LGP (PBA) (2) | D28: =VLOOKUP(B28,[1]!Table3[[Part Number]:[Part Description]],3,0) -> PRIMARY CABIN AIR FILTER ELEMENT | E28: =VLOOKUP(B28,[1]!Table3[[Part Number]:[Q1 QTY]],7,0) -> 2 | F28: =VLOOKUP(B28,[1]!Table3[[Part Number]:[OEM CAD $]],4,0) -> 112.48 | G28: =E28*F28 -> 224.96 | H28: =VLOOKUP(B28,[1]!Table3[[Part Number]:[GQP CAD $]],5,0) -> 42.74 | I28: =ROUND(E28*H28,2) -> 85.48
B29: 209-8217 | C29: =VLOOKUP(B29,[1]!Table3[[Part Number]:[Make and Model]],2,0) -> CAT PL61 (WGS) CAT PL61 (WGS) (2) CAT PL61 (WGS) (3) | D29: =VLOOKUP(B29,[1]!Table3[[Part Number]:[Part Description]],3,0) -> CABIN AIR FILTER ELEMENT | E29: =VLOOKUP(B29,[1]!Table3[[Part Number]:[Q1 QTY]],7,0) -> 3 | F29: =VLOOKUP(B29,[1]!Table3[[Part Number]:[OEM CAD $]],4,0) -> 85.17 | G29: =E29*F29 -> 255.51 | H29: =VLOOKUP(B29,[1]!Table3[[Part Number]:[GQP CAD $]],5,0) -> 32.36 | I29: =ROUND(E29*H29,2) -> 97.08
B30: 252-5001 | C30: =VLOOKUP(B30,[1]!Table3[[Part Number]:[Make and Model]],2,0) -> CAT D6N LGP (GHS) CAT PL61 (WGS) CAT PL61 (WGS) (2) CAT PL61 (WGS) (3) | D30: =VLOOKUP(B30,[1]!Table3[[Part Number]:[Part Description]],3,0) -> PRIMARY AIR FILTER ELEMENT | E30: =VLOOKUP(B30,[1]!Table3[[Part Number]:[Q1 QTY]],7,0) -> 4 | F30: =VLOOKUP(B30,[1]!Table3[[Part Number]:[OEM CAD $]],4,0) -> 221.03 | G30: =E30*F30 -> 884.12 | H30: =VLOOKUP(B30,[1]!Table3[[Part Number]:[GQP CAD $]],5,0) -> 83.99 | I30: =ROUND(E30*H30,2) -> 335.96
... B60: 9S-9972 | C60: =VLOOKUP(B60,[1]!Table3[[Part Number]:[Make and Model]],2,0) -> CAT D7G (92V) CAT D7G (3ZD) CAT D7G (3ZD) (2) | D60: =VLOOKUP(B60,[1]!Table3[[Part Number]:[Part Description]],3,0) -> SECONDARY AIR FILTER ELEMENT | E60: =VLOOKUP(B60,[1]!Table3[[Part Number]:[Q1 QTY]],7,0) -> 3 | F60: =VLOOKUP(B60,[1]!Table3[[Part Number]:[OEM CAD $]],4,0) -> 115.44 | G60: =E60*F60 -> 346.32 | H60: =VLOOKUP(B60,[1]!Table3[[Part Number]:[GQP CAD $]],5,0) -> 43.87 | I60: =ROUND(E60*H60,2) -> 131.61
B61: 6692337 | C61: =VLOOKUP(B61,[1]!Table3[[Part Number]:[Make and Model]],2,0) -> BOBCAT T750 (ATF) BOBCAT S650 (A3N) | D61: =VLOOKUP(B61,[1]!Table3[[Part Number]:[Part Description]],3,0) -> HYDRAULIC OIL FILTER ELEMENT | E61: =VLOOKUP(B61,[1]!Table3[[Part Number]:[Q1 QTY]],7,0) -> 2 | F61: =VLOOKUP(B61,[1]!Table3[[Part Number]:[OEM CAD $]],4,0) -> 93.99 | G61: =E61*F61 -> 187.98 | H61: =VLOOKUP(B61,[1]!Table3[[Part Number]:[GQP CAD $]],5,0) -> 35.72 | I61: =ROUND(E61*H61,2) -> 71.44
B62: 7012314 | C62: =VLOOKUP(B62,[1]!Table3[[Part Number]:[Make and Model]],2,0) -> BOBCAT T750 (ANK) | D62: =VLOOKUP(B62,[1]!Table3[[Part Number]:[Part Description]],3,0) -> HYDRAULIC OIL FILTER ELEMENT | E62: =VLOOKUP(B62,[1]!Table3[[Part Number]:[Q1 QTY]],7,0) -> 1 | F62: =VLOOKUP(B62,[1]!Table3[[Part Number]:[OEM CAD $]],4,0) -> 138.99 | G62: =E62*F62 -> 138.99 | H62: =VLOOKUP(B62,[1]!Table3[[Part Number]:[GQP CAD $]],5,0) -> 52.82 | I62: =ROUND(E62*H62,2) -> 52.82
B63: 7414582 | C63: =VLOOKUP(B63,[1]!Table3[[Part Number]:[Make and Model]],2,0) -> BOBCAT T770 (AT6) BOBCAT T770 (AT6) (2) | D63: =VLOOKUP(B63,[1]!Table3[[Part Number]:[Part Description]],3,0) -> HYDRAULIC OIL FILTER ELEMENT | E63: =VLOOKUP(B63,[1]!Table3[[Part Number]:[Q1 QTY]],7,0) -> 2 | F63: =VLOOKUP(B63,[1]!Table3[[Part Number]:[OEM CAD $]],4,0) -> 117.99 | G63: =E63*F63 -> 235.98 | H63: =VLOOKUP(B63,[1]!Table3[[Part Number]:[GQP CAD $]],5,0) -> 44.84 | I63: =ROUND(E63*H63,2) -> 89.68
B64: 093-7521 | C64: =VLOOKUP(B64,[1]!Table3[[Part Number]:[Make and Model]],2,0) -> CAT 320F L (YBM) CAT 336F L (RKB) | D64: =VLOOKUP(B64,[1]!Table3[[Part Number]:[Part Description]],3,0) -> HYDRAULIC OIL FILTER | E64: =VLOOKUP(B64,[1]!Table3[[Part Number]:[Q1 QTY]],7,0) -> 2 | F64: =VLOOKUP(B64,[1]!Table3[[Part Number]:[OEM CAD $]],4,0) -> 102.09 | G64: =E64*F64 -> 204.18 | H64: =VLOOKUP(B64,[1]!Table3[[Part Number]:[GQP CAD $]],5,0) -> 38.79 | I64: =ROUND(E64*H64,2) -> 77.58
B65: 169-4019 | C65: =VLOOKUP(B65,[1]!Table3[[Part Number]:[Make and Model]],2,0) -> CAT D4 (66J) | D65: =VLOOKUP(B65,[1]!Table3[[Part Number]:[Part Description]],3,0) -> HYDRAULIC OIL FILTER | E65: =VLOOKUP(B65,[1]!Table3[[Part Number]:[Q1 QTY]],7,0) -> 1 | F65: =VLOOKUP(B65,[1]!Table3[[Part Number]:[OEM CAD $]],4,0) -> 703.78 | G65: =E65*F65 -> 703.78 | H65: =VLOOKUP(B65,[1]!Table3[[Part Number]:[GQP CAD $]],5,0) -> 267.44 | I65: =ROUND(E65*H65,2) -> 267.44
B66: 179-9806 | C66: =VLOOKUP(B66,[1]!Table3[[Part Number]:[Make and Model]],2,0) -> CAT 320E L (WBK) CAT 320E L (WBK) (2) CAT 320F L (YBM) CAT 329E L (ZCD) CAT 329F L (ERL) CAT 329F L (ERL) (2) CAT 330F L (MBX) CAT 330F L (HCK) CAT 330F L (HCK) (2) CAT 336F L (RKB) | D66: =VLOOKUP(B66,[1]!Table3[[Part Number]:[Part Description]],3,0) -> HYDRAULIC OIL FILTER ELEMENT | E66: =VLOOKUP(B66,[1]!Table3[[Part Number]:[Q1 QTY]],7,0) -> 12 | F66: =VLOOKUP(B66,[1]!Table3[[Part Number]:[OEM CAD $]],4,0) -> 229 | G66: =E66*F66 -> 2748 | H66: =VLOOKUP(B66,[1]!Table3[[Part Number]:[GQP CAD $]],5,0) -> 87.02 | I66: =ROUND(E66*H66,2) -> 1044.24
B67: 1G-8878 | C67: =VLOOKUP(B67,[1]!Table3[[Part Number]:[Make and Model]],2,0) -> CAT PL61 (WGS) CAT PL61 (WGS) (2) CAT PL61 (WGS) (3) | D67: =VLOOKUP(B67,[1]!Table3[[Part Number]:[Part Description]],3,0) -> HYDRAULIC OIL FILTER ELEMENT | E67: =VLOOKUP(B67,[1]!Table3[[Part Number]:[Q1 QTY]],7,0) -> 3 | F67: =VLOOKUP(B67,[1]!Table3[[Part Number]:[OEM CAD $]],4,0) -> 150.47 | G67: =E67*F67 -> 451.41 | H67: =VLOOKUP(B67,[1]!Table3[[Part Number]:[GQP CAD $]],5,0) -> 57.18 | I67: =ROUND(E67*H67,2) -> 171.54
B68: 1R-0719 | C68: =VLOOKUP(B68,[1]!Table3[[Part Number]:[Make and Model]],2,0) -> CAT D3 (1PJ) CAT D5 (3CR) CAT D5 (3CR) (2) | D68: =VLOOKUP(B68,[1]!Table3[[Part Number]:[Part Description]],3,0) -> HYDRAULIC OIL FILTER | E68: =VLOOKUP(B68,[1]!Table3[[Part Number]:[Q1 QTY]],7,0) -> 3 | F68: =VLOOKUP(B68,[1]!Table3[[Part Number]:[OEM CAD $]],4,0) -> 38.32 | G68: =E68*F68 -> 114.96 | H68: =VLOOKUP(B68,[1]!Table3[[Part Number]:[GQP CAD $]],5,0) -> 14.56 | I68: =ROUND(E68*H68,2) -> 43.68
B69: 1R-0746 | C69: =VLOOKUP(B69,[1]!Table3[[Part Number]:[Make and Model]],2,0) -> CAT D3 (1PJ) | D69: =VLOOKUP(B69,[1]!Table3[[Part Number]:[Part Description]],3,0) -> HYDRAULIC/TRANSMISSION OIL FILTER | E69: =VLOOKUP(B69,[1]!Table3[[Part Number]:[Q1 QTY]],7,0) -> 1 | F69: =VLOOKUP(B69,[1]!Table3[[Part Number]:[OEM CAD $]],4,0) -> 47.44 | G69: =E69*F69 -> 47.44 | H69: =VLOOKUP(B69,[1]!Table3[[Part Number]:[GQP CAD $]],5,0) -> 18.03 | I69: =ROUND(E69*H69,2) -> 18.03
B70: 1R-0777 | C70: =VLOOKUP(B70,[1]!Table3[[Part Number]:[Make and Model]],2,0) -> CAT D4 (66J) | D70: =VLOOKUP(B70,[1]!Table3[[Part Number]:[Part Description]],3,0) -> HYDRAULIC OIL FILTER ELEMENT | E70: =VLOOKUP(B70,[1]!Table3[[Part Number]:[Q1 QTY]],7,0) -> 1 | F70: =VLOOKUP(B70,[1]!Table3[[Part Number]:[OEM CAD $]],4,0) -> 93.49 | G70: =E70*F70 -> 93.49 | H70: =VLOOKUP(B70,[1]!Table3[[Part Number]:[GQP CAD $]],5,0) -> 35.53 | I70: =ROUND(E70*H70,2) -> 35.53
B71: 304-7196 | C71: =VLOOKUP(B71,[1]!Table3[[Part Number]:[Make and Model]],2,0) -> CAT 303.5E | D71: =VLOOKUP(B71,[1]!Table3[[Part Number]:[Part Description]],3,0) -> HYDRAULIC OIL FILTER | E71: =VLOOKUP(B71,[1]!Table3[[Part Number]:[Q1 QTY]],7,0) -> 1 | F71: =VLOOKUP(B71,[1]!Table3[[Part Number]:[OEM CAD $]],4,0) -> 130.47 | G71: =E71*F71 -> 130.47 | H71: =VLOOKUP(B71,[1]!Table3[[Part Number]:[GQP CAD $]],5,0) -> 49.58 | I71: =ROUND(E71*H71,2) -> 49.58
B72: 328-3655 | C72: =VLOOKUP(B72,[1]!Table3[[Part Number]:[Make and Model]],2,0) -> CAT D6N LGP (GHS) | D72: =VLOOKUP(B72,[1]!Table3[[Part Number]:[Part Description]],3,0) -> HYDRAULIC OIL FILTER ELEMENT | E72: =VLOOKUP(B72,[1]!Table3[[Part Number]:[Q1 QTY]],7,0) -> 1 | F72: =VLOOKUP(B72,[1]!Table3[[Part Number]:[OEM CAD $]],4,0) -> 204.36 | G72: =E72*F72 -> 204.36 | H72: =VLOOKUP(B72,[1]!Table3[[Part Number]:[GQP CAD $]],5,0) -> 77.66 | I72: =ROUND(E72*H72,2) -> 77.66
B73: 376-2025 | C73: =VLOOKUP(B73,[1]!Table3[[Part Number]:[Make and Model]],2,0) -> CAT 303.5E | D73: =VLOOKUP(B73,[1]!Table3[[Part Number]:[Part Description]],3,0) -> HYDRAULIC PUMP | E73: =VLOOKUP(B73,[1]!Table3[[Part Number]:[Q1 QTY]],7,0) -> 1 | F73: =VLOOKUP(B73,[1]!Table3[[Part Number]:[OEM CAD $]],4,0) -> 7622.73 | G73: =E73*F73 -> 7622.73 | H73: =VLOOKUP(B73,[1]!Table3[[Part Number]:[GQP CAD $]],5,0) -> 3811.37 | I73: =ROUND(E73*H73,2) -> 3811.37
B74: 421-5479 | C74: =VLOOKUP(B74,[1]!Table3[[Part Number]:[Make and Model]],2,0) -> CAT 299D (DX2) | D74: =VLOOKUP(B74,[1]!Table3[[Part Number]:[Part Description]],3,0) -> HYDRAULIC OIL FILTER ELEMENT | E74: =VLOOKUP(B74,[1]!Table3[[Part Number]:[Q1 QTY]],7,0) -> 1 | F74: =VLOOKUP(B74,[1]!Table3[[Part Number]:[OEM CAD $]],4,0) -> 72.07 | G74: =E74*F74 -> 72.07 | H74: =VLOOKUP(B74,[1]!Table3[[Part Number]:[GQP CAD $]],5,0) -> 27.39 | I74: =ROUND(E74*H74,2) -> 27.39
B75: 491-6075 | C75: =VLOOKUP(B75,[1]!Table3[[Part Number]:[Make and Model]],2,0) -> CAT 330 (LHW) CAT 330 (LHW) (2) CAT 330 (LHW) (3) CAT 330 (LHW) (4) | D75: =VLOOKUP(B75,[1]!Table3[[Part Number]:[Part Description]],3,0) -> HYDRAULIC OIL FILTER | E75: =VLOOKUP(B75,[1]!Table3[[Part Number]:[Q1 QTY]],7,0) -> 4 | F75: =VLOOKUP(B75,[1]!Table3[[Part Number]:[OEM CAD $]],4,0) -> 159.2 | G75: =E75*F75 -> 636.8 | H75: =VLOOKUP(B75,[1]!Table3[[Part Number]:[GQP CAD $]],5,0) -> 60.5 | I75: =ROUND(E75*H75,2) -> 242
... B80: 9T-8578 | C80: =VLOOKUP(B80,[1]!Table3[[Part Number]:[Make and Model]],2,0) -> CAT D6N LGP (GHS) CAT D6N LGP (PBA) CAT D6N LGP (PBA) (2) CAT D6N LGP (SGG) CAT D6N LGP (SGG) (2) | D80: =VLOOKUP(B80,[1]!Table3[[Part Number]:[Part Description]],3,0) -> HYDRAULIC OIL FILTER | E80: =VLOOKUP(B80,[1]!Table3[[Part Number]:[Q1 QTY]],7,0) -> 5 | F80: =VLOOKUP(B80,[1]!Table3[[Part Number]:[OEM CAD $]],4,0) -> 123.35 | G80: =E80*F80 -> 616.75 | H80: =VLOOKUP(B80,[1]!Table3[[Part Number]:[GQP CAD $]],5,0) -> 46.87 | I80: =ROUND(E80*H80,2) -> 234.35
B81: 6667352 | C81: =VLOOKUP(B81,[1]!Table3[[Part Number]:[Make and Model]],2,0) -> BOBCAT T750 (ANK) BOBCAT S650 (A3N) | D81: =VLOOKUP(B81,[1]!Table3[[Part Number]:[Part Description]],3,0) -> FUEL WATER SEPARATOR FILTER | E81: =VLOOKUP(B81,[1]!Table3[[Part Number]:[Q1 QTY]],7,0) -> 4 | F81: =VLOOKUP(B81,[1]!Table3[[Part Number]:[OEM CAD $]],4,0) -> 34.04 | G81: =E81*F81 -> 136.16 | H81: =VLOOKUP(B81,[1]!Table3[[Part Number]:[GQP CAD $]],5,0) -> 12.94 | I81: =ROUND(E81*H81,2) -> 51.76
B82: 6678233 | C82: =VLOOKUP(B82,[1]!Table3[[Part Number]:[Make and Model]],2,0) -> BOBCAT T750 (ANK) BOBCAT T750 (ATF) BOBCAT S650 (A3N) BOBCAT T770 (AT6) BOBCAT T770 (AT6) (2) | D82: =VLOOKUP(B82,[1]!Table3[[Part Number]:[Part Description]],3,0) -> ENGINE OIL FILTER | E82: =VLOOKUP(B82,[1]!Table3[[Part Number]:[Q1 QTY]],7,0) -> 10 | F82: =VLOOKUP(B82,[1]!Table3[[Part Number]:[OEM CAD $]],4,0) -> 20.14 | G82: =E82*F82 -> 201.4 | H82: =VLOOKUP(B82,[1]!Table3[[Part Number]:[GQP CAD $]],5,0) -> 7.65 | I82: =ROUND(E82*H82,2) -> 76.5
B83: 7400454 | C83: =VLOOKUP(B83,[1]!Table3[[Part Number]:[Make and Model]],2,0) -> BOBCAT T750 (ATF) | D83: =VLOOKUP(B83,[1]!Table3[[Part Number]:[Part Description]],3,0) -> FUEL WATER SEPARATOR FILTER | E83: =VLOOKUP(B83,[1]!Table3[[Part Number]:[Q1 QTY]],7,0) -> 2 | F83: =VLOOKUP(B83,[1]!Table3[[Part Number]:[OEM CAD $]],4,0) -> 135.49 | G83: =E83*F83 -> 270.98 | H83: =VLOOKUP(B83,[1]!Table3[[Part Number]:[GQP CAD $]],5,0) -> 51.49 | I83: =ROUND(E83*H83,2) -> 102.98
B84: 46825328 | C84: =VLOOKUP(B84,[1]!Table3[[Part Number]:[Make and Model]],2,0) -> BOBCAT T770 (AT6) BOBCAT T770 (AT6) (2) | D84: =VLOOKUP(B84,[1]!Table3[[Part Number]:[Part Description]],3,0) -> FUEL WATER SEPARATOR FILTER | E84: =VLOOKUP(B84,[1]!Table3[[Part Number]:[Q1 QTY]],7,0) -> 4 | F84: =VLOOKUP(B84,[1]!Table3[[Part Number]:[OEM CAD $]],4,0) -> 150.49 | G84: =E84*F84 -> 601.96 | H84: =VLOOKUP(B84,[1]!Table3[[Part Number]:[GQP CAD $]],5,0) -> 57.19 | I84: =ROUND(E84*H84,2) -> 228.76
B85: 117-4089 | C85: =VLOOKUP(B85,[1]!Table3[[Part Number]:[Make and Model]],2,0) -> CAT D5 (3CR) CAT D5 (3CR) (2) CAT 561M (1KW) | D85: =VLOOKUP(B85,[1]!Table3[[Part Number]:[Part Description]],3,0) -> FUEL WATER SEPARATOR | E85: =VLOOKUP(B85,[1]!Table3[[Part Number]:[Q1 QTY]],7,0) -> 6 | F85: =VLOOKUP(B85,[1]!Table3[[Part Number]:[OEM CAD $]],4,0) -> 52.82 | G85: =E85*F85 -> 316.92 | H85: =VLOOKUP(B85,[1]!Table3[[Part Number]:[GQP CAD $]],5,0) -> 20.07 | I85: =ROUND(E85*H85,2) -> 120.42
B86: 132-8875 | C86: =VLOOKUP(B86,[1]!Table3[[Part Number]:[Make and Model]],2,0) -> CAT 561M (1KW) | D86: =VLOOKUP(B86,[1]!Table3[[Part Number]:[Part Description]],3,0) -> TRANSMISSION FILTER | E86: =VLOOKUP(B86,[1]!Table3[[Part Number]:[Q1 QTY]],7,0) -> 2 | F86: =VLOOKUP(B86,[1]!Table3[[Part Number]:[OEM CAD $]],4,0) -> 113.9 | G86: =E86*F86 -> 227.8 | H86: =VLOOKUP(B86,[1]!Table3[[Part Number]:[GQP CAD $]],5,0) -> 43.28 | I86: =ROUND(E86*H86,2) -> 86.56
B87: 146-6695 | C87: =VLOOKUP(B87,[1]!Table3[[Part Number]:[Make and Model]],2,0) -> CAT 561N (CPH) CAT 561N (CPH) (2) CAT 561N (CPH) (3) CAT 561N (CPH) (4) CAT 561N (CPH) (5) | D87: =VLOOKUP(B87,[1]!Table3[[Part Number]:[Part Description]],3,0) -> FUEL WATER SEPARATOR FILTER | E87: =VLOOKUP(B87,[1]!Table3[[Part Number]:[Q1 QTY]],7,0) -> 10 | F87: =VLOOKUP(B87,[1]!Table3[[Part Number]:[OEM CAD $]],4,0) -> 60.23 | G87: =E87*F87 -> 602.3 | H87: =VLOOKUP(B87,[1]!Table3[[Part Number]:[GQP CAD $]],5,0) -> 22.89 | I87: =ROUND(E87*H87,2) -> 228.9
B88: 156-1200 | C88: =VLOOKUP(B88,[1]!Table3[[Part Number]:[Make and Model]],2,0) -> CAT 303.5E | D88: =VLOOKUP(B88,[1]!Table3[[Part Number]:[Part Description]],3,0) -> FUEL WATER SEPARATOR | E88: =VLOOKUP(B88,[1]!Table3[[Part Number]:[Q1 QTY]],7,0) -> 2 | F88: =VLOOKUP(B88,[1]!Table3[[Part Number]:[OEM CAD $]],4,0) -> 57.5 | G88: =E88*F88 -> 115 | H88: =VLOOKUP(B88,[1]!Table3[[Part Number]:[GQP CAD $]],5,0) -> 21.85 | I88: =ROUND(E88*H88,2) -> 43.7
B89: 1R-0713 | C89: =VLOOKUP(B89,[1]!Table3[[Part Number]:[Make and Model]],2,0) -> CAT D3 (1PJ) | D89: =VLOOKUP(B89,[1]!Table3[[Part Number]:[Part Description]],3,0) -> ENGINE OIL FILTER | E89: =VLOOKUP(B89,[1]!Table3[[Part Number]:[Q1 QTY]],7,0) -> 2 | F89: =VLOOKUP(B89,[1]!Table3[[Part Number]:[OEM CAD $]],4,0) -> 27.68 | G89: =E89*F89 -> 55.36 | H89: =VLOOKUP(B89,[1]!Table3[[Part Number]:[GQP CAD $]],5,0) -> 10.52 | I89: =ROUND(E89*H89,2) -> 21.04
B90: 1R0749 | C90: =VLOOKUP(B90,[1]!Table3[[Part Number]:[Make and Model]],2,0) -> CAT 561N (CPH) CAT 561N (CPH) (2) CAT 561N (CPH) (3) CAT 561N (CPH) (4) CAT 561N (CPH) (5) | D90: =VLOOKUP(B90,[1]!Table3[[Part Number]:[Part Description]],3,0) -> FUEL FILTER | E90: =VLOOKUP(B90,[1]!Table3[[Part Number]:[Q1 QTY]],7,0) -> 20 | F90: =VLOOKUP(B90,[1]!Table3[[Part Number]:[OEM CAD $]],4,0) -> 51.52 | G90: =E90*F90 -> 1030.4 | H90: =VLOOKUP(B90,[1]!Table3[[Part Number]:[GQP CAD $]],5,0) -> 19.58 | I90: =ROUND(E90*H90,2) -> 391.6
B91: 1R-0749 | C91: =VLOOKUP(B91,[1]!Table3[[Part Number]:[Make and Model]],2,0) -> CAT 336F L (RKB) CAT D6 (RDC) CAT D6T (MH7) | D91: =VLOOKUP(B91,[1]!Table3[[Part Number]:[Part Description]],3,0) -> FUEL FILTER | E91: =VLOOKUP(B91,[1]!Table3[[Part Number]:[Q1 QTY]],7,0) -> 12 | F91: =VLOOKUP(B91,[1]!Table3[[Part Number]:[OEM CAD $]],4,0) -> 51.52 | G91: =E91*F91 -> 618.24 | H91: =VLOOKUP(B91,[1]!Table3[[Part Number]:[GQP CAD $]],5,0) -> 19.58 | I91: =ROUND(E91*H91,2) -> 234.96
B92: 1R0750 | C92: =VLOOKUP(B92,[1]!Table3[[Part Number]:[Make and Model]],2,0) -> CAT D4 (66J) | D92: =VLOOKUP(B92,[1]!Table3[[Part Number]:[Part Description]],3,0) -> SECONDARY FUEL FILTER | E92: =VLOOKUP(B92,[1]!Table3[[Part Number]:[Q1 QTY]],7,0) -> 2 | F92: =VLOOKUP(B92,[1]!Table3[[Part Number]:[OEM CAD $]],4,0) -> 42.69 | G92: =E92*F92 -> 85.38 | H92: =VLOOKUP(B92,[1]!Table3[[Part Number]:[GQP CAD $]],5,0) -> 16.22 | I92: =ROUND(E92*H92,2) -> 32.44
B93: 1R-0750 | C93: =VLOOKUP(B93,[1]!Table3[[Part Number]:[Make and Model]],2,0) -> CAT D3 (1PJ) CAT D7G (92V) CAT D7G (3ZD) CAT D7G (3ZD) (2) CAT 561 (85H) CAT 561 (92J) CAT 561 (92J) (2) | D93: =VLOOKUP(B93,[1]!Table3[[Part Number]:[Part Description]],3,0) -> FUEL FILTER | E93: =VLOOKUP(B93,[1]!Table3[[Part Number]:[Q1 QTY]],7,0) -> 14 | F93: =VLOOKUP(B93,[1]!Table3[[Part Number]:[OEM CAD $]],4,0) -> 42.69 | G93: =E93*F93 -> 597.66 | H93: =VLOOKUP(B93,[1]!Table3[[Part Number]:[GQP CAD $]],5,0) -> 16.22 | I93: =ROUND(E93*H93,2) -> 227.08
B94: 1R-0751 | C94: =VLOOKUP(B94,[1]!Table3[[Part Number]:[Make and Model]],2,0) -> CAT D5 (3CR) CAT D5 (3CR) (2) CAT D6N LGP (GHS) CAT 561M (1KW) CAT PL61 (WGS) CAT PL61 (WGS) (2) CAT PL61 (WGS) (3) | D94: =VLOOKUP(B94,[1]!Table3[[Part Number]:[Part Description]],3,0) -> PRIMARY FUEL FILTER | E94: =VLOOKUP(B94,[1]!Table3[[Part Number]:[Q1 QTY]],7,0) -> 16 | F94: =VLOOKUP(B94,[1]!Table3[[Part Number]:[OEM CAD $]],4,0) -> 47.05 | G94: =E94*F94 -> 752.8 | H94: =VLOOKUP(B94,[1]!Table3[[Part Number]:[GQP CAD $]],5,0) -> 17.88 | I94: =ROUND(E94*H94,2) -> 286.08
B95: 1R-0753 | C95: =VLOOKUP(B95,[1]!Table3[[Part Number]:[Make and Model]],2,0) -> CAT D5 (3CR) CAT D5 (3CR) (2) | D95: =VLOOKUP(B95,[1]!Table3[[Part Number]:[Part Description]],3,0) -> SECONDARY FUEL FILTER | E95: =VLOOKUP(B95,[1]!Table3[[Part Number]:[Q1 QTY]],7,0) -> 4 | F95: =VLOOKUP(B95,[1]!Table3[[Part Number]:[OEM CAD $]],4,0) -> 67.9 | G95: =E95*F95 -> 271.6 | H95: =VLOOKUP(B95,[1]!Table3[[Part Number]:[GQP CAD $]],5,0) -> 25.8 | I95: =ROUND(E95*H95,2) -> 103.2
B96: 1R-1807 | C96: =VLOOKUP(B96,[1]!Table3[[Part Number]:[Make and Model]],2,0) -> CAT D4 (66J) CAT D5 (3CR) CAT D5 (3CR) (2) CAT 561 (85H) CAT 561 (92J) CAT 561 (92J) (2) CAT 561M (1KW) | D96: =VLOOKUP(B96,[1]!Table3[[Part Number]:[Part Description]],3,0) -> ENGINE OIL FILTER | E96: =VLOOKUP(B96,[1]!Table3[[Part Number]:[Q1 QTY]],7,0) -> 14 | F96: =VLOOKUP(B96,[1]!Table3[[Part Number]:[OEM CAD $]],4,0) -> 44.09 | G96: =E96*F96 -> 617.26 | H96: =VLOOKUP(B96,[1]!Table3[[Part Number]:[GQP CAD $]],5,0) -> 16.75 | I96: =ROUND(E96*H96,2) -> 234.5
... B117: 9P-7121 | C117: =VLOOKUP(B117,[1]!Table3[[Part Number]:[Make and Model]],2,0) -> CAT D3 (1PJ) | D117: =VLOOKUP(B117,[1]!Table3[[Part Number]:[Part Description]],3,0) -> **FUEL TANK STRAINER** | E117: =VLOOKUP(B117,[1]!Table3[[Part Number]:[Q1 QTY]],7,0) -> 2 | F117: =VLOOKUP(B117,[1]!Table3[[Part Number]:[OEM CAD $]],4,0) -> 127.92 | G117: =E117*F117 -> 255.84 | H117: =VLOOKUP(B117,[1]!Table3[[Part Number]:[GQP CAD $]],5,0) -> 48.61 | I117: =ROUND(E117*H117,2) -> 97.22
I118: =ROUND(E118*H118,2) -> 0
I119: =ROUND(E119*H119,2) -> 0
I120: =ROUND(E120*H120,2) -> 0
I121: =ROUND(E121*H121,2) -> 0
I122: =ROUND(E122*H122,2) -> 0
I123: =ROUND(E123*H123,2) -> 0
I124: =ROUND(E124*H124,2) -> 0
I125: =ROUND(E125*H125,2) -> 0
I126: =ROUND(E126*H126,2) -> 0
H127: Subtotal | I127: =SUM(I15:I126) -> 26978.15
D128: OEM MSRP : | E128: =SUM(G15:G126) -> 68587.41 | H128: Shipping | I128: 0
D129: GQP : | E129: =SUM(I15:I126) -> 26978.15 | H129: Customs/Broker Fee | I129: 0
D130: GQP SAVINGS : | E130: =E128-E129 -> 41609.26 | H130: Total | I130: =SUM(I127:I129) -> 26978.15
H131: GST | I131: =I130*0.05 -> 1348.9075
H132: PST / QST
B133: Quote valid for 14 days, shipping subject to delays in supply chain. | H133: GRAND TOTAL | I133: =SUM(I130:I132) -> 28327.058

Sheet MOQ Filters Q2
E1: MOQ QUOTE | H1: Filters Q1
B7: COMPANY: | C7: Lincoln County | E7: DATE: | F7: 45870 | H7: PO NUMBER:
B8: CONTACT NAME: | C8: 0 | E8: PHONE NUMBER:
B9: BILLING ADDRESS: | C9: 0 | E9: EMAIL ADDRESS:
C10: 0 | E10: SHIPPING ADDRESS:
C11: 0
C12: 0
F13: CAD $
B14: PART NUMBER | C14: Make & Model | D14: DESCRIPTION | E14: QTY | F14: OEM MSRP | H14: GQP PRICE | I14: TOTAL
B15: 7008043 | C15: =VLOOKUP(B15,[1]!Table3[[Part Number]:[Make and Model]],2,0) -> BOBCAT S650 (A3N) | D15: =VLOOKUP(B15,[1]!Table3[[Part Number]:[Part Description]],3,0) -> PRIMARY AIR FILTER ELEMENT (OUTER) | E15: =VLOOKUP(B15,[1]!Table3[[Part Number]:[Q2 QTY]],8,0) -> 0 | F15: =VLOOKUP(B15,[1]!Table3[[Part Number]:[OEM CAD $]],4,0) -> 62.49 | G15: =E15*F15 -> 0 | H15: =VLOOKUP(B15,[1]!Table3[[Part Number]:[GQP CAD $]],5,0) -> 23.75 | I15: =ROUND(E15*H15,2) -> 0
B16: 7008044 | C16: =VLOOKUP(B16,[1]!Table3[[Part Number]:[Make and Model]],2,0) -> BOBCAT S650 (A3N) | D16: =VLOOKUP(B16,[1]!Table3[[Part Number]:[Part Description]],3,0) -> SECONDARY AIR FILTER ELEMENT | E16: =VLOOKUP(B16,[1]!Table3[[Part Number]:[Q2 QTY]],8,0) -> 0 | F16: =VLOOKUP(B16,[1]!Table3[[Part Number]:[OEM CAD $]],4,0) -> 39.99 | G16: =E16*F16 -> 0 | H16: =VLOOKUP(B16,[1]!Table3[[Part Number]:[GQP CAD $]],5,0) -> 15.2 | I16: =ROUND(E16*H16,2) -> 0
B17: 7010031 | C17: =VLOOKUP(B17,[1]!Table3[[Part Number]:[Make and Model]],2,0) -> BOBCAT T750 (ANK) BOBCAT T750 (ATF) BOBCAT T770 (AT6) BOBCAT T770 (AT6) (2) | D17: =VLOOKUP(B17,[1]!Table3[[Part Number]:[Part Description]],3,0) -> SECONDARY AIR FILTER ELEMENT | E17: =VLOOKUP(B17,[1]!Table3[[Part Number]:[Q2 QTY]],8,0) -> 0 | F17: =VLOOKUP(B17,[1]!Table3[[Part Number]:[OEM CAD $]],4,0) -> 103.99 | G17: =E17*F17 -> 0 | H17: =VLOOKUP(B17,[1]!Table3[[Part Number]:[GQP CAD $]],5,0) -> 39.52 | I17: =ROUND(E17*H17,2) -> 0
B18: 7286652 | C18: =VLOOKUP(B18,[1]!Table3[[Part Number]:[Make and Model]],2,0) -> BOBCAT T750 (ANK) BOBCAT T750 (ATF) BOBCAT T770 (AT6) BOBCAT T770 (AT6) (2) | D18: =VLOOKUP(B18,[1]!Table3[[Part Number]:[Part Description]],3,0) -> PRIMARY AIR FILTER ELEMENT (OUTER) | E18: =VLOOKUP(B18,[1]!Table3[[Part Number]:[Q2 QTY]],8,0) -> 0 | F18: =VLOOKUP(B18,[1]!Table3[[Part Number]:[OEM CAD $]],4,0) -> 140.99 | G18: =E18*F18 -> 0 | H18: =VLOOKUP(B18,[1]!Table3[[Part Number]:[GQP CAD $]],5,0) -> 53.58 | I18: =ROUND(E18*H18,2) -> 0
B19: 110-6326 | C19: =VLOOKUP(B19,[1]!Table3[[Part Number]:[Make and Model]],2,0) -> CAT 299D (DX2) | D19: =VLOOKUP(B19,[1]!Table3[[Part Number]:[Part Description]],3,0) -> PRIMARY AIR FILTER ELEMENT | E19: =VLOOKUP(B19,[1]!Table3[[Part Number]:[Q2 QTY]],8,0) -> 0 | F19: =VLOOKUP(B19,[1]!Table3[[Part Number]:[OEM CAD $]],4,0) -> 76.02 | G19: =E19*F19 -> 0 | H19: =VLOOKUP(B19,[1]!Table3[[Part Number]:[GQP CAD $]],5,0) -> 28.89 | I19: =ROUND(E19*H19,2) -> 0
B20: 110-6331 | C20: =VLOOKUP(B20,[1]!Table3[[Part Number]:[Make and Model]],2,0) -> CAT 299D (DX2) | D20: =VLOOKUP(B20,[1]!Table3[[Part Number]:[Part Description]],3,0) -> SECONDARY AIR FILTER ELEMENT | E20: =VLOOKUP(B20,[1]!Table3[[Part Number]:[Q2 QTY]],8,0) -> 0 | F20: =VLOOKUP(B20,[1]!Table3[[Part Number]:[OEM CAD $]],4,0) -> 54.17 | G20: =E20*F20 -> 0 | H20: =VLOOKUP(B20,[1]!Table3[[Part Number]:[GQP CAD $]],5,0) -> 20.58 | I20: =ROUND(E20*H20,2) -> 0
B21: 112-7448 | C21: =VLOOKUP(B21,[1]!Table3[[Part Number]:[Make and Model]],2,0) -> CAT D6T (MH7) | D21: =VLOOKUP(B21,[1]!Table3[[Part Number]:[Part Description]],3,0) -> CABIN AIR FILTER ELEMENT | E21: =VLOOKUP(B21,[1]!Table3[[Part Number]:[Q2 QTY]],8,0) -> 0 | F21: =VLOOKUP(B21,[1]!Table3[[Part Number]:[OEM CAD $]],4,0) -> 43.37 | G21: =E21*F21 -> 0 | H21: =VLOOKUP(B21,[1]!Table3[[Part Number]:[GQP CAD $]],5,0) -> 16.48 | I21: =ROUND(E21*H21,2) -> 0
B22: 131-8821 | C22: =VLOOKUP(B22,[1]!Table3[[Part Number]:[Make and Model]],2,0) -> CAT 320E L (WBK) CAT 320E L (WBK) (2) CAT 320F L (YBM) | D22: =VLOOKUP(B22,[1]!Table3[[Part Number]:[Part Description]],3,0) -> SECONDARY AIR FILTER ELEMENT | E22: =VLOOKUP(B22,[1]!Table3[[Part Number]:[Q2 QTY]],8,0) -> 0 | F22: =VLOOKUP(B22,[1]!Table3[[Part Number]:[OEM CAD $]],4,0) -> 97.91 | G22: =E22*F22 -> 0 | H22: =VLOOKUP(B22,[1]!Table3[[Part Number]:[GQP CAD $]],5,0) -> 37.21 | I22: =ROUND(E22*H22,2) -> 0
B23: 131-8822 | C23: =VLOOKUP(B23,[1]!Table3[[Part Number]:[Make and Model]],2,0) -> CAT 320E L (WBK) CAT 320E L (WBK) (2) CAT 320F L (YBM) | D23: =VLOOKUP(B23,[1]!Table3[[Part Number]:[Part Description]],3,0) -> PRIMARY AIR FILTER ELEMENT | E23: =VLOOKUP(B23,[1]!Table3[[Part Number]:[Q2 QTY]],8,0) -> 0 | F23: =VLOOKUP(B23,[1]!Table3[[Part Number]:[OEM CAD $]],4,0) -> 120.35 | G23: =E23*F23 -> 0 | H23: =VLOOKUP(B23,[1]!Table3[[Part Number]:[GQP CAD $]],5,0) -> 45.73 | I23: =ROUND(E23*H23,2) -> 0
B24: 134-8726 | C24: =VLOOKUP(B24,[1]!Table3[[Part Number]:[Make and Model]],2,0) -> CAT 303.5E | D24: =VLOOKUP(B24,[1]!Table3[[Part Number]:[Part Description]],3,0) -> PRIMARY AIR FILTER ELEMENT | E24: =VLOOKUP(B24,[1]!Table3[[Part Number]:[Q2 QTY]],8,0) -> 0 | F24: =VLOOKUP(B24,[1]!Table3[[Part Number]:[OEM CAD $]],4,0) -> 67.33 | G24: =E24*F24 -> 0 | H24: =VLOOKUP(B24,[1]!Table3[[Part Number]:[GQP CAD $]],5,0) -> 25.59 | I24: =ROUND(E24*H24,2) -> 0
B25: 140-2334 | C25: =VLOOKUP(B25,[1]!Table3[[Part Number]:[Make and Model]],2,0) -> CAT 303.5E | D25: =VLOOKUP(B25,[1]!Table3[[Part Number]:[Part Description]],3,0) -> SECONDARY AIR FILTER ELEMENT | E25: =VLOOKUP(B25,[1]!Table3[[Part Number]:[Q2 QTY]],8,0) -> 0 | F25: =VLOOKUP(B25,[1]!Table3[[Part Number]:[OEM CAD $]],4,0) -> 61.69 | G25: =E25*F25 -> 0 | H25: =VLOOKUP(B25,[1]!Table3[[Part Number]:[GQP CAD $]],5,0) -> 23.44 | I25: =ROUND(E25*H25,2) -> 0
B26: 142-1339 | C26: =VLOOKUP(B26,[1]!Table3[[Part Number]:[Make and Model]],2,0) -> CAT 336F L (RKB) | D26: =VLOOKUP(B26,[1]!Table3[[Part Number]:[Part Description]],3,0) -> PRIMARY AIR FILTER ELEMENT | E26: =VLOOKUP(B26,[1]!Table3[[Part Number]:[Q2 QTY]],8,0) -> 0 | F26: =VLOOKUP(B26,[1]!Table3[[Part Number]:[OEM CAD $]],4,0) -> 201.81 | G26: =E26*F26 -> 0 | H26: =VLOOKUP(B26,[1]!Table3[[Part Number]:[GQP CAD $]],5,0) -> 76.69 | I26: =ROUND(E26*H26,2) -> 0
B27: 142-1404 | C27: =VLOOKUP(B27,[1]!Table3[[Part Number]:[Make and Model]],2,0) -> CAT 336F L (RKB) | D27: =VLOOKUP(B27,[1]!Table3[[Part Number]:[Part Description]],3,0) -> SECONDARY AIR FILTER ELEMENT | E27: =VLOOKUP(B27,[1]!Table3[[Part Number]:[Q2 QTY]],8,0) -> 0 | F27: =VLOOKUP(B27,[1]!Table3[[Part Number]:[OEM CAD $]],4,0) -> 119.45 | G27: =E27*F27 -> 0 | H27: =VLOOKUP(B27,[1]!Table3[[Part Number]:[GQP CAD $]],5,0) -> 45.39 | I27: =ROUND(E27*H27,2) -> 0
B28: 151-0914 | C28: =VLOOKUP(B28,[1]!Table3[[Part Number]:[Make and Model]],2,0) -> CAT D6N LGP (PBA) CAT D6N LGP (PBA) (2) | D28: =VLOOKUP(B28,[1]!Table3[[Part Number]:[Part Description]],3,0) -> PRIMARY CABIN AIR FILTER ELEMENT | E28: =VLOOKUP(B28,[1]!Table3[[Part Number]:[Q2 QTY]],8,0) -> 0 | F28: =VLOOKUP(B28,[1]!Table3[[Part Number]:[OEM CAD $]],4,0) -> 112.48 | G28: =E28*F28 -> 0 | H28: =VLOOKUP(B28,[1]!Table3[[Part Number]:[GQP CAD $]],5,0) -> 42.74 | I28: =ROUND(E28*H28,2) -> 0
B29: 209-8217 | C29: =VLOOKUP(B29,[1]!Table3[[Part Number]:[Make and Model]],2,0) -> CAT PL61 (WGS) CAT PL61 (WGS) (2) CAT PL61 (WGS) (3) | D29: =VLOOKUP(B29,[1]!Table3[[Part Number]:[Part Description]],3,0) -> CABIN AIR FILTER ELEMENT | E29: =VLOOKUP(B29,[1]!Table3[[Part Number]:[Q2 QTY]],8,0) -> 0 | F29: =VLOOKUP(B29,[1]!Table3[[Part Number]:[OEM CAD $]],4,0) -> 85.17 | G29: =E29*F29 -> 0 | H29: =VLOOKUP(B29,[1]!Table3[[Part Number]:[GQP CAD $]],5,0) -> 32.36 | I29: =ROUND(E29*H29,2) -> 0
B30: 252-5001 | C30: =VLOOKUP(B30,[1]!Table3[[Part Number]:[Make and Model]],2,0) -> CAT D6N LGP (GHS) CAT PL61 (WGS) CAT PL61 (WGS) (2) CAT PL61 (WGS) (3) | D30: =VLOOKUP(B30,[1]!Table3[[Part Number]:[Part Description]],3,0) -> PRIMARY AIR FILTER ELEMENT | E30: =VLOOKUP(B30,[1]!Table3[[Part Number]:[Q2 QTY]],8,0) -> 0 | F30: =VLOOKUP(B30,[1]!Table3[[Part Number]:[OEM CAD $]],4,0) -> 221.03 | G30: =E30*F30 -> 0 | H30: =VLOOKUP(B30,[1]!Table3[[Part Number]:[GQP CAD $]],5,0) -> 83.99 | I30: =ROUND(E30*H30,2) -> 0
... B60: 9S-9972 | C60: =VLOOKUP(B60,[1]!Table3[[Part Number]:[Make and Model]],2,0) -> CAT D7G (92V) CAT D7G (3ZD) CAT D7G (3ZD) (2) | D60: =VLOOKUP(B60,[1]!Table3[[Part Number]:[Part Description]],3,0) -> SECONDARY AIR FILTER ELEMENT | E60: =VLOOKUP(B60,[1]!Table3[[Part Number]:[Q2 QTY]],8,0) -> 0 | F60: =VLOOKUP(B60,[1]!Table3[[Part Number]:[OEM CAD $]],4,0) -> 115.44 | G60: =E60*F60 -> 0 | H60: =VLOOKUP(B60,[1]!Table3[[Part Number]:[GQP CAD $]],5,0) -> 43.87 | I60: =ROUND(E60*H60,2) -> 0
B61: 6692337 | C61: =VLOOKUP(B61,[1]!Table3[[Part Number]:[Make and Model]],2,0) -> BOBCAT T750 (ATF) BOBCAT S650 (A3N) | D61: =VLOOKUP(B61,[1]!Table3[[Part Number]:[Part Description]],3,0) -> HYDRAULIC OIL FILTER ELEMENT | E61: =VLOOKUP(B61,[1]!Table3[[Part Number]:[Q2 QTY]],8,0) -> 2 | F61: =VLOOKUP(B61,[1]!Table3[[Part Number]:[OEM CAD $]],4,0) -> 93.99 | G61: =E61*F61 -> 187.98 | H61: =VLOOKUP(B61,[1]!Table3[[Part Number]:[GQP CAD $]],5,0) -> 35.72 | I61: =ROUND(E61*H61,2) -> 71.44
B62: 7012314 | C62: =VLOOKUP(B62,[1]!Table3[[Part Number]:[Make and Model]],2,0) -> BOBCAT T750 (ANK) | D62: =VLOOKUP(B62,[1]!Table3[[Part Number]:[Part Description]],3,0) -> HYDRAULIC OIL FILTER ELEMENT | E62: =VLOOKUP(B62,[1]!Table3[[Part Number]:[Q2 QTY]],8,0) -> 1 | F62: =VLOOKUP(B62,[1]!Table3[[Part Number]:[OEM CAD $]],4,0) -> 138.99 | G62: =E62*F62 -> 138.99 | H62: =VLOOKUP(B62,[1]!Table3[[Part Number]:[GQP CAD $]],5,0) -> 52.82 | I62: =ROUND(E62*H62,2) -> 52.82
B63: 7414582 | C63: =VLOOKUP(B63,[1]!Table3[[Part Number]:[Make and Model]],2,0) -> BOBCAT T770 (AT6) BOBCAT T770 (AT6) (2) | D63: =VLOOKUP(B63,[1]!Table3[[Part Number]:[Part Description]],3,0) -> HYDRAULIC OIL FILTER ELEMENT | E63: =VLOOKUP(B63,[1]!Table3[[Part Number]:[Q2 QTY]],8,0) -> 2 | F63: =VLOOKUP(B63,[1]!Table3[[Part Number]:[OEM CAD $]],4,0) -> 117.99 | G63: =E63*F63 -> 235.98 | H63: =VLOOKUP(B63,[1]!Table3[[Part Number]:[GQP CAD $]],5,0) -> 44.84 | I63: =ROUND(E63*H63,2) -> 89.68
B64: 093-7521 | C64: =VLOOKUP(B64,[1]!Table3[[Part Number]:[Make and Model]],2,0) -> CAT 320F L (YBM) CAT 336F L (RKB) | D64: =VLOOKUP(B64,[1]!Table3[[Part Number]:[Part Description]],3,0) -> HYDRAULIC OIL FILTER | E64: =VLOOKUP(B64,[1]!Table3[[Part Number]:[Q2 QTY]],8,0) -> 2 | F64: =VLOOKUP(B64,[1]!Table3[[Part Number]:[OEM CAD $]],4,0) -> 102.09 | G64: =E64*F64 -> 204.18 | H64: =VLOOKUP(B64,[1]!Table3[[Part Number]:[GQP CAD $]],5,0) -> 38.79 | I64: =ROUND(E64*H64,2) -> 77.58
B65: 169-4019 | C65: =VLOOKUP(B65,[1]!Table3[[Part Number]:[Make and Model]],2,0) -> CAT D4 (66J) | D65: =VLOOKUP(B65,[1]!Table3[[Part Number]:[Part Description]],3,0) -> HYDRAULIC OIL FILTER | E65: =VLOOKUP(B65,[1]!Table3[[Part Number]:[Q2 QTY]],8,0) -> 1 | F65: =VLOOKUP(B65,[1]!Table3[[Part Number]:[OEM CAD $]],4,0) -> 703.78 | G65: =E65*F65 -> 703.78 | H65: =VLOOKUP(B65,[1]!Table3[[Part Number]:[GQP CAD $]],5,0) -> 267.44 | I65: =ROUND(E65*H65,2) -> 267.44
B66: 179-9806 | C66: =VLOOKUP(B66,[1]!Table3[[Part Number]:[Make and Model]],2,0) -> CAT 320E L (WBK) CAT 320E L (WBK) (2) CAT 320F L (YBM) CAT 329E L (ZCD) CAT 329F L (ERL) CAT 329F L (ERL) (2) CAT 330F L (MBX) CAT 330F L (HCK) CAT 330F L (HCK) (2) CAT 336F L (RKB) | D66: =VLOOKUP(B66,[1]!Table3[[Part Number]:[Part Description]],3,0) -> HYDRAULIC OIL FILTER ELEMENT | E66: =VLOOKUP(B66,[1]!Table3[[Part Number]:[Q2 QTY]],8,0) -> 12 | F66: =VLOOKUP(B66,[1]!Table3[[Part Number]:[OEM CAD $]],4,0) -> 229 | G66: =E66*F66 -> 2748 | H66: =VLOOKUP(B66,[1]!Table3[[Part Number]:[GQP CAD $]],5,0) -> 87.02 | I66: =ROUND(E66*H66,2) -> 1044.24
B67: 1G-8878 | C67: =VLOOKUP(B67,[1]!Table3[[Part Number]:[Make and Model]],2,0) -> CAT PL61 (WGS) CAT PL61 (WGS) (2) CAT PL61 (WGS) (3) | D67: =VLOOKUP(B67,[1]!Table3[[Part Number]:[Part Description]],3,0) -> HYDRAULIC OIL FILTER ELEMENT | E67: =VLOOKUP(B67,[1]!Table3[[Part Number]:[Q2 QTY]],8,0) -> 3 | F67: =VLOOKUP(B67,[1]!Table3[[Part Number]:[OEM CAD $]],4,0) -> 150.47 | G67: =E67*F67 -> 451.41 | H67: =VLOOKUP(B67,[1]!Table3[[Part Number]:[GQP CAD $]],5,0) -> 57.18 | I67: =ROUND(E67*H67,2) -> 171.54
B68: 1R-0719 | C68: =VLOOKUP(B68,[1]!Table3[[Part Number]:[Make and Model]],2,0) -> CAT D3 (1PJ) CAT D5 (3CR) CAT D5 (3CR) (2) | D68: =VLOOKUP(B68,[1]!Table3[[Part Number]:[Part Description]],3,0) -> HYDRAULIC OIL FILTER | E68: =VLOOKUP(B68,[1]!Table3[[Part Number]:[Q2 QTY]],8,0) -> 3 | F68: =VLOOKUP(B68,[1]!Table3[[Part Number]:[OEM CAD $]],4,0) -> 38.32 | G68: =E68*F68 -> 114.96 | H68: =VLOOKUP(B68,[1]!Table3[[Part Number]:[GQP CAD $]],5,0) -> 14.56 | I68: =ROUND(E68*H68,2) -> 43.68
B69: 1R-0746 | C69: =VLOOKUP(B69,[1]!Table3[[Part Number]:[Make and Model]],2,0) -> CAT D3 (1PJ) | D69: =VLOOKUP(B69,[1]!Table3[[Part Number]:[Part Description]],3,0) -> HYDRAULIC/TRANSMISSION OIL FILTER | E69: =VLOOKUP(B69,[1]!Table3[[Part Number]:[Q2 QTY]],8,0) -> 1 | F69: =VLOOKUP(B69,[1]!Table3[[Part Number]:[OEM CAD $]],4,0) -> 47.44 | G69: =E69*F69 -> 47.44 | H69: =VLOOKUP(B69,[1]!Table3[[Part Number]:[GQP CAD $]],5,0) -> 18.03 | I69: =ROUND(E69*H69,2) -> 18.03
B70: 1R-0777 | C70: =VLOOKUP(B70,[1]!Table3[[Part Number]:[Make and Model]],2,0) -> CAT D4 (66J) | D70: =VLOOKUP(B70,[1]!Table3[[Part Number]:[Part Description]],3,0) -> HYDRAULIC OIL FILTER ELEMENT | E70: =VLOOKUP(B70,[1]!Table3[[Part Number]:[Q2 QTY]],8,0) -> 1 | F70: =VLOOKUP(B70,[1]!Table3[[Part Number]:[OEM CAD $]],4,0) -> 93.49 | G70: =E70*F70 -> 93.49 | H70: =VLOOKUP(B70,[1]!Table3[[Part Number]:[GQP CAD $]],5,0) -> 35.53 | I70: =ROUND(E70*H70,2) -> 35.53
B71: 304-7196 | C71: =VLOOKUP(B71,[1]!Table3[[Part Number]:[Make and Model]],2,0) -> CAT 303.5E | D71: =VLOOKUP(B71,[1]!Table3[[Part Number]:[Part Description]],3,0) -> HYDRAULIC OIL FILTER | E71: =VLOOKUP(B71,[1]!Table3[[Part Number]:[Q2 QTY]],8,0) -> 1 | F71: =VLOOKUP(B71,[1]!Table3[[Part Number]:[OEM CAD $]],4,0) -> 130.47 | G71: =E71*F71 -> 130.47 | H71: =VLOOKUP(B71,[1]!Table3[[Part Number]:[GQP CAD $]],5,0) -> 49.58 | I71: =ROUND(E71*H71,2) -> 49.58
B72: 328-3655 | C72: =VLOOKUP(B72,[1]!Table3[[Part Number]:[Make and Model]],2,0) -> CAT D6N LGP (GHS) | D72: =VLOOKUP(B72,[1]!Table3[[Part Number]:[Part Description]],3,0) -> HYDRAULIC OIL FILTER ELEMENT | E72: =VLOOKUP(B72,[1]!Table3[[Part Number]:[Q2 QTY]],8,0) -> 1 | F72: =VLOOKUP(B72,[1]!Table3[[Part Number]:[OEM CAD $]],4,0) -> 204.36 | G72: =E72*F72 -> 204.36 | H72: =VLOOKUP(B72,[1]!Table3[[Part Number]:[GQP CAD $]],5,0) -> 77.66 | I72: =ROUND(E72*H72,2) -> 77.66
B73: 376-2025 | C73: =VLOOKUP(B73,[1]!Table3[[Part Number]:[Make and Model]],2,0) -> CAT 303.5E | D73: =VLOOKUP(B73,[1]!Table3[[Part Number]:[Part Description]],3,0) -> HYDRAULIC PUMP | E73: =VLOOKUP(B73,[1]!Table3[[Part Number]:[Q2 QTY]],8,0) -> 1 | F73: =VLOOKUP(B73,[1]!Table3[[Part Number]:[OEM CAD $]],4,0) -> 7622.73 | G73: =E73*F73 -> 7622.73 | H73: =VLOOKUP(B73,[1]!Table3[[Part Number]:[GQP CAD $]],5,0) -> 3811.37 | I73: =ROUND(E73*H73,2) -> 3811.37
B74: 421-5479 | C74: =VLOOKUP(B74,[1]!Table3[[Part Number]:[Make and Model]],2,0) -> CAT 299D (DX2) | D74: =VLOOKUP(B74,[1]!Table3[[Part Number]:[Part Description]],3,0) -> HYDRAULIC OIL FILTER ELEMENT | E74: =VLOOKUP(B74,[1]!Table3[[Part Number]:[Q2 QTY]],8,0) -> 1 | F74: =VLOOKUP(B74,[1]!Table3[[Part Number]:[OEM CAD $]],4,0) -> 72.07 | G74: =E74*F74 -> 72.07 | H74: =VLOOKUP(B74,[1]!Table3[[Part Number]:[GQP CAD $]],5,0) -> 27.39 | I74: =ROUND(E74*H74,2) -> 27.39
B75: 491-6075 | C75: =VLOOKUP(B75,[1]!Table3[[Part Number]:[Make and Model]],2,0) -> CAT 330 (LHW) CAT 330 (LHW) (2) CAT 330 (LHW) (3) CAT 330 (LHW) (4) | D75: =VLOOKUP(B75,[1]!Table3[[Part Number]:[Part Description]],3,0) -> HYDRAULIC OIL FILTER | E75: =VLOOKUP(B75,[1]!Table3[[Part Number]:[Q2 QTY]],8,0) -> 4 | F75: =VLOOKUP(B75,[1]!Table3[[Part Number]:[OEM CAD $]],4,0) -> 159.2 | G75: =E75*F75 -> 636.8 | H75: =VLOOKUP(B75,[1]!Table3[[Part Number]:[GQP CAD $]],5,0) -> 60.5 | I75: =ROUND(E75*H75,2) -> 242
... B80: 9T-8578 | C80: =VLOOKUP(B80,[1]!Table3[[Part Number]:[Make and Model]],2,0) -> CAT D6N LGP (GHS) CAT D6N LGP (PBA) CAT D6N LGP (PBA) (2) CAT D6N LGP (SGG) CAT D6N LGP (SGG) (2) | D80: =VLOOKUP(B80,[1]!Table3[[Part Number]:[Part Description]],3,0) -> HYDRAULIC OIL FILTER | E80: =VLOOKUP(B80,[1]!Table3[[Part Number]:[Q2 QTY]],8,0) -> 5 | F80: =VLOOKUP(B80,[1]!Table3[[Part Number]:[OEM CAD $]],4,0) -> 123.35 | G80: =E80*F80 -> 616.75 | H80: =VLOOKUP(B80,[1]!Table3[[Part Number]:[GQP CAD $]],5,0) -> 46.87 | I80: =ROUND(E80*H80,2) -> 234.35
B81: 6667352 | C81: =VLOOKUP(B81,[1]!Table3[[Part Number]:[Make and Model]],2,0) -> BOBCAT T750 (ANK) BOBCAT S650 (A3N) | D81: =VLOOKUP(B81,[1]!Table3[[Part Number]:[Part Description]],3,0) -> FUEL WATER SEPARATOR FILTER | E81: =VLOOKUP(B81,[1]!Table3[[Part Number]:[Q2 QTY]],8,0) -> 2 | F81: =VLOOKUP(B81,[1]!Table3[[Part Number]:[OEM CAD $]],4,0) -> 34.04 | G81: =E81*F81 -> 68.08 | H81: =VLOOKUP(B81,[1]!Table3[[Part Number]:[GQP CAD $]],5,0) -> 12.94 | I81: =ROUND(E81*H81,2) -> 25.88
B82: 6678233 | C82: =VLOOKUP(B82,[1]!Table3[[Part Number]:[Make and Model]],2,0) -> BOBCAT T750 (ANK) BOBCAT T750 (ATF) BOBCAT S650 (A3N) BOBCAT T770 (AT6) BOBCAT T770 (AT6) (2) | D82: =VLOOKUP(B82,[1]!Table3[[Part Number]:[Part Description]],3,0) -> ENGINE OIL FILTER | E82: =VLOOKUP(B82,[1]!Table3[[Part Number]:[Q2 QTY]],8,0) -> 5 | F82: =VLOOKUP(B82,[1]!Table3[[Part Number]:[OEM CAD $]],4,0) -> 20.14 | G82: =E82*F82 -> 100.7 | H82: =VLOOKUP(B82,[1]!Table3[[Part Number]:[GQP CAD $]],5,0) -> 7.65 | I82: =ROUND(E82*H82,2) -> 38.25
B83: 7400454 | C83: =VLOOKUP(B83,[1]!Table3[[Part Number]:[Make and Model]],2,0) -> BOBCAT T750 (ATF) | D83: =VLOOKUP(B83,[1]!Table3[[Part Number]:[Part Description]],3,0) -> FUEL WATER SEPARATOR FILTER | E83: =VLOOKUP(B83,[1]!Table3[[Part Number]:[Q2 QTY]],8,0) -> 1 | F83: =VLOOKUP(B83,[1]!Table3[[Part Number]:[OEM CAD $]],4,0) -> 135.49 | G83: =E83*F83 -> 135.49 | H83: =VLOOKUP(B83,[1]!Table3[[Part Number]:[GQP CAD $]],5,0) -> 51.49 | I83: =ROUND(E83*H83,2) -> 51.49
B84: 46825328 | C84: =VLOOKUP(B84,[1]!Table3[[Part Number]:[Make and Model]],2,0) -> BOBCAT T770 (AT6) BOBCAT T770 (AT6) (2) | D84: =VLOOKUP(B84,[1]!Table3[[Part Number]:[Part Description]],3,0) -> FUEL WATER SEPARATOR FILTER | E84: =VLOOKUP(B84,[1]!Table3[[Part Number]:[Q2 QTY]],8,0) -> 2 | F84: =VLOOKUP(B84,[1]!Table3[[Part Number]:[OEM CAD $]],4,0) -> 150.49 | G84: =E84*F84 -> 300.98 | H84: =VLOOKUP(B84,[1]!Table3[[Part Number]:[GQP CAD $]],5,0) -> 57.19 | I84: =ROUND(E84*H84,2) -> 114.38
B85: 117-4089 | C85: =VLOOKUP(B85,[1]!Table3[[Part Number]:[Make and Model]],2,0) -> CAT D5 (3CR) CAT D5 (3CR) (2) CAT 561M (1KW) | D85: =VLOOKUP(B85,[1]!Table3[[Part Number]:[Part Description]],3,0) -> FUEL WATER SEPARATOR | E85: =VLOOKUP(B85,[1]!Table3[[Part Number]:[Q2 QTY]],8,0) -> 3 | F85: =VLOOKUP(B85,[1]!Table3[[Part Number]:[OEM CAD $]],4,0) -> 52.82 | G85: =E85*F85 -> 158.46 | H85: =VLOOKUP(B85,[1]!Table3[[Part Number]:[GQP CAD $]],5,0) -> 20.07 | I85: =ROUND(E85*H85,2) -> 60.21
B86: 132-8875 | C86: =VLOOKUP(B86,[1]!Table3[[Part Number]:[Make and Model]],2,0) -> CAT 561M (1KW) | D86: =VLOOKUP(B86,[1]!Table3[[Part Number]:[Part Description]],3,0) -> TRANSMISSION FILTER | E86: =VLOOKUP(B86,[1]!Table3[[Part Number]:[Q2 QTY]],8,0) -> 1 | F86: =VLOOKUP(B86,[1]!Table3[[Part Number]:[OEM CAD $]],4,0) -> 113.9 | G86: =E86*F86 -> 113.9 | H86: =VLOOKUP(B86,[1]!Table3[[Part Number]:[GQP CAD $]],5,0) -> 43.28 | I86: =ROUND(E86*H86,2) -> 43.28
B87: 146-6695 | C87: =VLOOKUP(B87,[1]!Table3[[Part Number]:[Make and Model]],2,0) -> CAT 561N (CPH) CAT 561N (CPH) (2) CAT 561N (CPH) (3) CAT 561N (CPH) (4) CAT 561N (CPH) (5) | D87: =VLOOKUP(B87,[1]!Table3[[Part Number]:[Part Description]],3,0) -> FUEL WATER SEPARATOR FILTER | E87: =VLOOKUP(B87,[1]!Table3[[Part Number]:[Q2 QTY]],8,0) -> 5 | F87: =VLOOKUP(B87,[1]!Table3[[Part Number]:[OEM CAD $]],4,0) -> 60.23 | G87: =E87*F87 -> 301.15 | H87: =VLOOKUP(B87,[1]!Table3[[Part Number]:[GQP CAD $]],5,0) -> 22.89 | I87: =ROUND(E87*H87,2) -> 114.45
B88: 156-1200 | C88: =VLOOKUP(B88,[1]!Table3[[Part Number]:[Make and Model]],2,0) -> CAT 303.5E | D88: =VLOOKUP(B88,[1]!Table3[[Part Number]:[Part Description]],3,0) -> FUEL WATER SEPARATOR | E88: =VLOOKUP(B88,[1]!Table3[[Part Number]:[Q2 QTY]],8,0) -> 1 | F88: =VLOOKUP(B88,[1]!Table3[[Part Number]:[OEM CAD $]],4,0) -> 57.5 | G88: =E88*F88 -> 57.5 | H88: =VLOOKUP(B88,[1]!Table3[[Part Number]:[GQP CAD $]],5,0) -> 21.85 | I88: =ROUND(E88*H88,2) -> 21.85
B89: 1R-0713 | C89: =VLOOKUP(B89,[1]!Table3[[Part Number]:[Make and Model]],2,0) -> CAT D3 (1PJ) | D89: =VLOOKUP(B89,[1]!Table3[[Part Number]:[Part Description]],3,0) -> ENGINE OIL FILTER | E89: =VLOOKUP(B89,[1]!Table3[[Part Number]:[Q2 QTY]],8,0) -> 1 | F89: =VLOOKUP(B89,[1]!Table3[[Part Number]:[OEM CAD $]],4,0) -> 27.68 | G89: =E89*F89 -> 27.68 | H89: =VLOOKUP(B89,[1]!Table3[[Part Number]:[GQP CAD $]],5,0) -> 10.52 | I89: =ROUND(E89*H89,2) -> 10.52
B90: 1R0749 | C90: =VLOOKUP(B90,[1]!Table3[[Part Number]:[Make and Model]],2,0) -> CAT 561N (CPH) CAT 561N (CPH) (2) CAT 561N (CPH) (3) CAT 561N (CPH) (4) CAT 561N (CPH) (5) | D90: =VLOOKUP(B90,[1]!Table3[[Part Number]:[Part Description]],3,0) -> FUEL FILTER | E90: =VLOOKUP(B90,[1]!Table3[[Part Number]:[Q2 QTY]],8,0) -> 10 | F90: =VLOOKUP(B90,[1]!Table3[[Part Number]:[OEM CAD $]],4,0) -> 51.52 | G90: =E90*F90 -> 515.2 | H90: =VLOOKUP(B90,[1]!Table3[[Part Number]:[GQP CAD $]],5,0) -> 19.58 | I90: =ROUND(E90*H90,2) -> 195.8
B91: 1R-0749 | C91: =VLOOKUP(B91,[1]!Table3[[Part Number]:[Make and Model]],2,0) -> CAT 336F L (RKB) CAT D6 (RDC) CAT D6T (MH7) | D91: =VLOOKUP(B91,[1]!Table3[[Part Number]:[Part Description]],3,0) -> FUEL FILTER | E91: =VLOOKUP(B91,[1]!Table3[[Part Number]:[Q2 QTY]],8,0) -> 6 | F91: =VLOOKUP(B91,[1]!Table3[[Part Number]:[OEM CAD $]],4,0) -> 51.52 | G91: =E91*F91 -> 309.12 | H91: =VLOOKUP(B91,[1]!Table3[[Part Number]:[GQP CAD $]],5,0) -> 19.58 | I91: =ROUND(E91*H91,2) -> 117.48
B92: 1R0750 | C92: =VLOOKUP(B92,[1]!Table3[[Part Number]:[Make and Model]],2,0) -> CAT D4 (66J) | D92: =VLOOKUP(B92,[1]!Table3[[Part Number]:[Part Description]],3,0) -> SECONDARY FUEL FILTER | E92: =VLOOKUP(B92,[1]!Table3[[Part Number]:[Q2 QTY]],8,0) -> 1 | F92: =VLOOKUP(B92,[1]!Table3[[Part Number]:[OEM CAD $]],4,0) -> 42.69 | G92: =E92*F92 -> 42.69 | H92: =VLOOKUP(B92,[1]!Table3[[Part Number]:[GQP CAD $]],5,0) -> 16.22 | I92: =ROUND(E92*H92,2) -> 16.22
B93: 1R-0750 | C93: =VLOOKUP(B93,[1]!Table3[[Part Number]:[Make and Model]],2,0) -> CAT D3 (1PJ) CAT D7G (92V) CAT D7G (3ZD) CAT D7G (3ZD) (2) CAT 561 (85H) CAT 561 (92J) CAT 561 (92J) (2) | D93: =VLOOKUP(B93,[1]!Table3[[Part Number]:[Part Description]],3,0) -> FUEL FILTER | E93: =VLOOKUP(B93,[1]!Table3[[Part Number]:[Q2 QTY]],8,0) -> 7 | F93: =VLOOKUP(B93,[1]!Table3[[Part Number]:[OEM CAD $]],4,0) -> 42.69 | G93: =E93*F93 -> 298.83 | H93: =VLOOKUP(B93,[1]!Table3[[Part Number]:[GQP CAD $]],5,0) -> 16.22 | I93: =ROUND(E93*H93,2) -> 113.54
B94: 1R-0751 | C94: =VLOOKUP(B94,[1]!Table3[[Part Number]:[Make and Model]],2,0) -> CAT D5 (3CR) CAT D5 (3CR) (2) CAT D6N LGP (GHS) CAT 561M (1KW) CAT PL61 (WGS) CAT PL61 (WGS) (2) CAT PL61 (WGS) (3) | D94: =VLOOKUP(B94,[1]!Table3[[Part Number]:[Part Description]],3,0) -> PRIMARY FUEL FILTER | E94: =VLOOKUP(B94,[1]!Table3[[Part Number]:[Q2 QTY]],8,0) -> 8 | F94: =VLOOKUP(B94,[1]!Table3[[Part Number]:[OEM CAD $]],4,0) -> 47.05 | G94: =E94*F94 -> 376.4 | H94: =VLOOKUP(B94,[1]!Table3[[Part Number]:[GQP CAD $]],5,0) -> 17.88 | I94: =ROUND(E94*H94,2) -> 143.04
B95: 1R-0753 | C95: =VLOOKUP(B95,[1]!Table3[[Part Number]:[Make and Model]],2,0) -> CAT D5 (3CR) CAT D5 (3CR) (2) | D95: =VLOOKUP(B95,[1]!Table3[[Part Number]:[Part Description]],3,0) -> SECONDARY FUEL FILTER | E95: =VLOOKUP(B95,[1]!Table3[[Part Number]:[Q2 QTY]],8,0) -> 2 | F95: =VLOOKUP(B95,[1]!Table3[[Part Number]:[OEM CAD $]],4,0) -> 67.9 | G95: =E95*F95 -> 135.8 | H95: =VLOOKUP(B95,[1]!Table3[[Part Number]:[GQP CAD $]],5,0) -> 25.8 | I95: =ROUND(E95*H95,2) -> 51.6
B96: 1R-1807 | C96: =VLOOKUP(B96,[1]!Table3[[Part Number]:[Make and Model]],2,0) -> CAT D4 (66J) CAT D5 (3CR) CAT D5 (3CR) (2) CAT 561 (85H) CAT 561 (92J) CAT 561 (92J) (2) CAT 561M (1KW) | D96: =VLOOKUP(B96,[1]!Table3[[Part Number]:[Part Description]],3,0) -> ENGINE OIL FILTER | E96: =VLOOKUP(B96,[1]!Table3[[Part Number]:[Q2 QTY]],8,0) -> 7 | F96: =VLOOKUP(B96,[1]!Table3[[Part Number]:[OEM CAD $]],4,0) -> 44.09 | G96: =E96*F96 -> 308.63 | H96: =VLOOKUP(B96,[1]!Table3[[Part Number]:[GQP CAD $]],5,0) -> 16.75 | I96: =ROUND(E96*H96,2) -> 117.25
... B117: 9P-7121 | C117: =VLOOKUP(B117,[1]!Table3[[Part Number]:[Make and Model]],2,0) -> CAT D3 (1PJ) | D117: =VLOOKUP(B117,[1]!Table3[[Part Number]:[Part Description]],3,0) -> **FUEL TANK STRAINER** | E117: =VLOOKUP(B117,[1]!Table3[[Part Number]:[Q2 QTY]],8,0) -> 1 | F117: =VLOOKUP(B117,[1]!Table3[[Part Number]:[OEM CAD $]],4,0) -> 127.92 | G117: =E117*F117 -> 127.92 | H117: =VLOOKUP(B117,[1]!Table3[[Part Number]:[GQP CAD $]],5,0) -> 48.61 | I117: =ROUND(E117*H117,2) -> 48.61
I118: =ROUND(E118*H118,2) -> 0
I119: =ROUND(E119*H119,2) -> 0
I120: =ROUND(E120*H120,2) -> 0
I121: =ROUND(E121*H121,2) -> 0
I122: =ROUND(E122*H122,2) -> 0
I123: =ROUND(E123*H123,2) -> 0
I124: =ROUND(E124*H124,2) -> 0
I125: =ROUND(E125*H125,2) -> 0
I126: =ROUND(E126*H126,2) -> 0
H127: Subtotal | I127: =SUM(I15:I126) -> 12818.03
D128: OEM MSRP : | E128: =SUM(G15:G126) -> 31324 | H128: Shipping | I128: 0
D129: GQP : | E129: =SUM(I15:I126) -> 12818.03 | H129: Customs/Broker Fee | I129: 0
D130: GQP SAVINGS : | E130: =E128-E129 -> 18505.97 | H130: Total | I130: =SUM(I127:I129) -> 12818.03
H131: GST | I131: =I130*0.05 -> 640.9015
H132: PST / QST
B133: Quote valid for 14 days, shipping subject to delays in supply chain. | H133: GRAND TOTAL | I133: =SUM(I130:I132) -> 13458.932

Sheet MOQ Filters Q3
E1: MOQ QUOTE | H1: Filters Q1
B7: COMPANY: | C7: Lincoln County | E7: DATE: | F7: 45870 | H7: PO NUMBER:
B8: CONTACT NAME: | C8: 0 | E8: PHONE NUMBER:
B9: BILLING ADDRESS: | C9: 0 | E9: EMAIL ADDRESS:
C10: 0 | E10: SHIPPING ADDRESS:
C11: 0
C12: 0
F13: CAD $
B14: PART NUMBER | C14: Make & Model | D14: DESCRIPTION | E14: QTY | F14: OEM MSRP | H14: GQP PRICE | I14: TOTAL
B15: 7008043 | C15: =VLOOKUP(B15,[1]!Table3[[Part Number]:[Make and Model]],2,0) -> BOBCAT S650 (A3N) | D15: =VLOOKUP(B15,[1]!Table3[[Part Number]:[Part Description]],3,0) -> PRIMARY AIR FILTER ELEMENT (OUTER) | E15: =VLOOKUP(B15,'[1]Product by Part Number'!$A:$I,9,0) -> 0 | F15: =VLOOKUP(B15,[1]!Table3[[Part Number]:[OEM CAD $]],4,0) -> 62.49 | G15: =E15*F15 -> 0 | H15: =VLOOKUP(B15,[1]!Table3[[Part Number]:[GQP CAD $]],5,0) -> 23.75 | I15: =ROUND(E15*H15,2) -> 0
B16: 7008044 | C16: =VLOOKUP(B16,[1]!Table3[[Part Number]:[Make and Model]],2,0) -> BOBCAT S650 (A3N) | D16: =VLOOKUP(B16,[1]!Table3[[Part Number]:[Part Description]],3,0) -> SECONDARY AIR FILTER ELEMENT | E16: =VLOOKUP(B16,'[1]Product by Part Number'!$A:$I,9,0) -> 0 | F16: =VLOOKUP(B16,[1]!Table3[[Part Number]:[OEM CAD $]],4,0) -> 39.99 | G16: =E16*F16 -> 0 | H16: =VLOOKUP(B16,[1]!Table3[[Part Number]:[GQP CAD $]],5,0) -> 15.2 | I16: =ROUND(E16*H16,2) -> 0
B17: 7010031 | C17: =VLOOKUP(B17,[1]!Table3[[Part Number]:[Make and Model]],2,0) -> BOBCAT T750 (ANK) BOBCAT T750 (ATF) BOBCAT T770 (AT6) BOBCAT T770 (AT6) (2) | D17: =VLOOKUP(B17,[1]!Table3[[Part Number]:[Part Description]],3,0) -> SECONDARY AIR FILTER ELEMENT | E17: =VLOOKUP(B17,'[1]Product by Part Number'!$A:$I,9,0) -> 0 | F17: =VLOOKUP(B17,[1]!Table3[[Part Number]:[OEM CAD $]],4,0) -> 103.99 | G17: =E17*F17 -> 0 | H17: =VLOOKUP(B17,[1]!Table3[[Part Number]:[GQP CAD $]],5,0) -> 39.52 | I17: =ROUND(E17*H17,2) -> 0
B18: 7286652 | C18: =VLOOKUP(B18,[1]!Table3[[Part Number]:[Make and Model]],2,0) -> BOBCAT T750 (ANK) BOBCAT T750 (ATF) BOBCAT T770 (AT6) BOBCAT T770 (AT6) (2) | D18: =VLOOKUP(B18,[1]!Table3[[Part Number]:[Part Description]],3,0) -> PRIMARY AIR FILTER ELEMENT (OUTER) | E18: =VLOOKUP(B18,'[1]Product by Part Number'!$A:$I,9,0) -> 0 | F18: =VLOOKUP(B18,[1]!Table3[[Part Number]:[OEM CAD $]],4,0) -> 140.99 | G18: =E18*F18 -> 0 | H18: =VLOOKUP(B18,[1]!Table3[[Part Number]:[GQP CAD $]],5,0) -> 53.58 | I18: =ROUND(E18*H18,2) -> 0
B19: 110-6326 | C19: =VLOOKUP(B19,[1]!Table3[[Part Number]:[Make and Model]],2,0) -> CAT 299D (DX2) | D19: =VLOOKUP(B19,[1]!Table3[[Part Number]:[Part Description]],3,0) -> PRIMARY AIR FILTER ELEMENT | E19: =VLOOKUP(B19,'[1]Product by Part Number'!$A:$I,9,0) -> 0 | F19: =VLOOKUP(B19,[1]!Table3[[Part Number]:[OEM CAD $]],4,0) -> 76.02 | G19: =E19*F19 -> 0 | H19: =VLOOKUP(B19,[1]!Table3[[Part Number]:[GQP CAD $]],5,0) -> 28.89 | I19: =ROUND(E19*H19,2) -> 0
B20: 110-6331 | C20: =VLOOKUP(B20,[1]!Table3[[Part Number]:[Make and Model]],2,0) -> CAT 299D (DX2) | D20: =VLOOKUP(B20,[1]!Table3[[Part Number]:[Part Description]],3,0) -> SECONDARY AIR FILTER ELEMENT | E20: =VLOOKUP(B20,'[1]Product by Part Number'!$A:$I,9,0) -> 0 | F20: =VLOOKUP(B20,[1]!Table3[[Part Number]:[OEM CAD $]],4,0) -> 54.17 | G20: =E20*F20 -> 0 | H20: =VLOOKUP(B20,[1]!Table3[[Part Number]:[GQP CAD $]],5,0) -> 20.58 | I20: =ROUND(E20*H20,2) -> 0
B21: 112-7448 | C21: =VLOOKUP(B21,[1]!Table3[[Part Number]:[Make and Model]],2,0) -> CAT D6T (MH7) | D21: =VLOOKUP(B21,[1]!Table3[[Part Number]:[Part Description]],3,0) -> CABIN AIR FILTER ELEMENT | E21: =VLOOKUP(B21,'[1]Product by Part Number'!$A:$I,9,0) -> 0 | F21: =VLOOKUP(B21,[1]!Table3[[Part Number]:[OEM CAD $]],4,0) -> 43.37 | G21: =E21*F21 -> 0 | H21: =VLOOKUP(B21,[1]!Table3[[Part Number]:[GQP CAD $]],5,0) -> 16.48 | I21: =ROUND(E21*H21,2) -> 0
B22: 131-8821 | C22: =VLOOKUP(B22,[1]!Table3[[Part Number]:[Make and Model]],2,0) -> CAT 320E L (WBK) CAT 320E L (WBK) (2) CAT 320F L (YBM) | D22: =VLOOKUP(B22,[1]!Table3[[Part Number]:[Part Description]],3,0) -> SECONDARY AIR FILTER ELEMENT | E22: =VLOOKUP(B22,'[1]Product by Part Number'!$A:$I,9,0) -> 0 | F22: =VLOOKUP(B22,[1]!Table3[[Part Number]:[OEM CAD $]],4,0) -> 97.91 | G22: =E22*F22 -> 0 | H22: =VLOOKUP(B22,[1]!Table3[[Part Number]:[GQP CAD $]],5,0) -> 37.21 | I22: =ROUND(E22*H22,2) -> 0
B23: 131-8822 | C23: =VLOOKUP(B23,[1]!Table3[[Part Number]:[Make and Model]],2,0) -> CAT 320E L (WBK) CAT 320E L (WBK) (2) CAT 320F L (YBM) | D23: =VLOOKUP(B23,[1]!Table3[[Part Number]:[Part Description]],3,0) -> PRIMARY AIR FILTER ELEMENT | E23: =VLOOKUP(B23,'[1]Product by Part Number'!$A:$I,9,0) -> 0 | F23: =VLOOKUP(B23,[1]!Table3[[Part Number]:[OEM CAD $]],4,0) -> 120.35 | G23: =E23*F23 -> 0 | H23: =VLOOKUP(B23,[1]!Table3[[Part Number]:[GQP CAD $]],5,0) -> 45.73 | I23: =ROUND(E23*H23,2) -> 0
B24: 134-8726 | C24: =VLOOKUP(B24,[1]!Table3[[Part Number]:[Make and Model]],2,0) -> CAT 303.5E | D24: =VLOOKUP(B24,[1]!Table3[[Part Number]:[Part Description]],3,0) -> PRIMARY AIR FILTER ELEMENT | E24: =VLOOKUP(B24,'[1]Product by Part Number'!$A:$I,9,0) -> 0 | F24: =VLOOKUP(B24,[1]!Table3[[Part Number]:[OEM CAD $]],4,0) -> 67.33 | G24: =E24*F24 -> 0 | H24: =VLOOKUP(B24,[1]!Table3[[Part Number]:[GQP CAD $]],5,0) -> 25.59 | I24: =ROUND(E24*H24,2) -> 0
B25: 140-2334 | C25: =VLOOKUP(B25,[1]!Table3[[Part Number]:[Make and Model]],2,0) -> CAT 303.5E | D25: =VLOOKUP(B25,[1]!Table3[[Part Number]:[Part Description]],3,0) -> SECONDARY AIR FILTER ELEMENT | E25: =VLOOKUP(B25,'[1]Product by Part Number'!$A:$I,9,0) -> 0 | F25: =VLOOKUP(B25,[1]!Table3[[Part Number]:[OEM CAD $]],4,0) -> 61.69 | G25: =E25*F25 -> 0 | H25: =VLOOKUP(B25,[1]!Table3[[Part Number]:[GQP CAD $]],5,0) -> 23.44 | I25: =ROUND(E25*H25,2) -> 0
B26: 142-1339 | C26: =VLOOKUP(B26,[1]!Table3[[Part Number]:[Make and Model]],2,0) -> CAT 336F L (RKB) | D26: =VLOOKUP(B26,[1]!Table3[[Part Number]:[Part Description]],3,0) -> PRIMARY AIR FILTER ELEMENT | E26: =VLOOKUP(B26,'[1]Product by Part Number'!$A:$I,9,0) -> 0 | F26: =VLOOKUP(B26,[1]!Table3[[Part Number]:[OEM CAD $]],4,0) -> 201.81 | G26: =E26*F26 -> 0 | H26: =VLOOKUP(B26,[1]!Table3[[Part Number]:[GQP CAD $]],5,0) -> 76.69 | I26: =ROUND(E26*H26,2) -> 0
B27: 142-1404 | C27: =VLOOKUP(B27,[1]!Table3[[Part Number]:[Make and Model]],2,0) -> CAT 336F L (RKB) | D27: =VLOOKUP(B27,[1]!Table3[[Part Number]:[Part Description]],3,0) -> SECONDARY AIR FILTER ELEMENT | E27: =VLOOKUP(B27,'[1]Product by Part Number'!$A:$I,9,0) -> 0 | F27: =VLOOKUP(B27,[1]!Table3[[Part Number]:[OEM CAD $]],4,0) -> 119.45 | G27: =E27*F27 -> 0 | H27: =VLOOKUP(B27,[1]!Table3[[Part Number]:[GQP CAD $]],5,0) -> 45.39 | I27: =ROUND(E27*H27,2) -> 0
B28: 151-0914 | C28: =VLOOKUP(B28,[1]!Table3[[Part Number]:[Make and Model]],2,0) -> CAT D6N LGP (PBA) CAT D6N LGP (PBA) (2) | D28: =VLOOKUP(B28,[1]!Table3[[Part Number]:[Part Description]],3,0) -> PRIMARY CABIN AIR FILTER ELEMENT | E28: =VLOOKUP(B28,'[1]Product by Part Number'!$A:$I,9,0) -> 0 | F28: =VLOOKUP(B28,[1]!Table3[[Part Number]:[OEM CAD $]],4,0) -> 112.48 | G28: =E28*F28 -> 0 | H28: =VLOOKUP(B28,[1]!Table3[[Part Number]:[GQP CAD $]],5,0) -> 42.74 | I28: =ROUND(E28*H28,2) -> 0
B29: 209-8217 | C29: =VLOOKUP(B29,[1]!Table3[[Part Number]:[Make and Model]],2,0) -> CAT PL61 (WGS) CAT PL61 (WGS) (2) CAT PL61 (WGS) (3) | D29: =VLOOKUP(B29,[1]!Table3[[Part Number]:[Part Description]],3,0) -> CABIN AIR FILTER ELEMENT | E29: =VLOOKUP(B29,'[1]Product by Part Number'!$A:$I,9,0) -> 0 | F29: =VLOOKUP(B29,[1]!Table3[[Part Number]:[OEM CAD $]],4,0) -> 85.17 | G29: =E29*F29 -> 0 | H29: =VLOOKUP(B29,[1]!Table3[[Part Number]:[GQP CAD $]],5,0) -> 32.36 | I29: =ROUND(E29*H29,2) -> 0
B30: 252-5001 | C30: =VLOOKUP(B30,[1]!Table3[[Part Number]:[Make and Model]],2,0) -> CAT D6N LGP (GHS) CAT PL61 (WGS) CAT PL61 (WGS) (2) CAT PL61 (WGS) (3) | D30: =VLOOKUP(B30,[1]!Table3[[Part Number]:[Part Description]],3,0) -> PRIMARY AIR FILTER ELEMENT | E30: =VLOOKUP(B30,'[1]Product by Part Number'!$A:$I,9,0) -> 0 | F30: =VLOOKUP(B30,[1]!Table3[[Part Number]:[OEM CAD $]],4,0) -> 221.03 | G30: =E30*F30 -> 0 | H30: =VLOOKUP(B30,[1]!Table3[[Part Number]:[GQP CAD $]],5,0) -> 83.99 | I30: =ROUND(E30*H30,2) -> 0
... B60: 9S-9972 | C60: =VLOOKUP(B60,[1]!Table3[[Part Number]:[Make and Model]],2,0) -> CAT D7G (92V) CAT D7G (3ZD) CAT D7G (3ZD) (2) | D60: =VLOOKUP(B60,[1]!Table3[[Part Number]:[Part Description]],3,0) -> SECONDARY AIR FILTER ELEMENT | E60: =VLOOKUP(B60,'[1]Product by Part Number'!$A:$I,9,0) -> 0 | F60: =VLOOKUP(B60,[1]!Table3[[Part Number]:[OEM CAD $]],4,0) -> 115.44 | G60: =E60*F60 -> 0 | H60: =VLOOKUP(B60,[1]!Table3[[Part Number]:[GQP CAD $]],5,0) -> 43.87 | I60: =ROUND(E60*H60,2) -> 0
B61: 6692337 | C61: =VLOOKUP(B61,[1]!Table3[[Part Number]:[Make and Model]],2,0) -> BOBCAT T750 (ATF) BOBCAT S650 (A3N) | D61: =VLOOKUP(B61,[1]!Table3[[Part Number]:[Part Description]],3,0) -> HYDRAULIC OIL FILTER ELEMENT | E61: =VLOOKUP(B61,'[1]Product by Part Number'!$A:$I,9,0) -> 0 | F61: =VLOOKUP(B61,[1]!Table3[[Part Number]:[OEM CAD $]],4,0) -> 93.99 | G61: =E61*F61 -> 0 | H61: =VLOOKUP(B61,[1]!Table3[[Part Number]:[GQP CAD $]],5,0) -> 35.72 | I61: =ROUND(E61*H61,2) -> 0
B62: 7012314 | C62: =VLOOKUP(B62,[1]!Table3[[Part Number]:[Make and Model]],2,0) -> BOBCAT T750 (ANK) | D62: =VLOOKUP(B62,[1]!Table3[[Part Number]:[Part Description]],3,0) -> HYDRAULIC OIL FILTER ELEMENT | E62: =VLOOKUP(B62,'[1]Product by Part Number'!$A:$I,9,0) -> 0 | F62: =VLOOKUP(B62,[1]!Table3[[Part Number]:[OEM CAD $]],4,0) -> 138.99 | G62: =E62*F62 -> 0 | H62: =VLOOKUP(B62,[1]!Table3[[Part Number]:[GQP CAD $]],5,0) -> 52.82 | I62: =ROUND(E62*H62,2) -> 0
B63: 7414582 | C63: =VLOOKUP(B63,[1]!Table3[[Part Number]:[Make and Model]],2,0) -> BOBCAT T770 (AT6) BOBCAT T770 (AT6) (2) | D63: =VLOOKUP(B63,[1]!Table3[[Part Number]:[Part Description]],3,0) -> HYDRAULIC OIL FILTER ELEMENT | E63: =VLOOKUP(B63,'[1]Product by Part Number'!$A:$I,9,0) -> 0 | F63: =VLOOKUP(B63,[1]!Table3[[Part Number]:[OEM CAD $]],4,0) -> 117.99 | G63: =E63*F63 -> 0 | H63: =VLOOKUP(B63,[1]!Table3[[Part Number]:[GQP CAD $]],5,0) -> 44.84 | I63: =ROUND(E63*H63,2) -> 0
B64: 093-7521 | C64: =VLOOKUP(B64,[1]!Table3[[Part Number]:[Make and Model]],2,0) -> CAT 320F L (YBM) CAT 336F L (RKB) | D64: =VLOOKUP(B64,[1]!Table3[[Part Number]:[Part Description]],3,0) -> HYDRAULIC OIL FILTER | E64: =VLOOKUP(B64,'[1]Product by Part Number'!$A:$I,9,0) -> 0 | F64: =VLOOKUP(B64,[1]!Table3[[Part Number]:[OEM CAD $]],4,0) -> 102.09 | G64: =E64*F64 -> 0 | H64: =VLOOKUP(B64,[1]!Table3[[Part Number]:[GQP CAD $]],5,0) -> 38.79 | I64: =ROUND(E64*H64,2) -> 0
B65: 169-4019 | C65: =VLOOKUP(B65,[1]!Table3[[Part Number]:[Make and Model]],2,0) -> CAT D4 (66J) | D65: =VLOOKUP(B65,[1]!Table3[[Part Number]:[Part Description]],3,0) -> HYDRAULIC OIL FILTER | E65: =VLOOKUP(B65,'[1]Product by Part Number'!$A:$I,9,0) -> 0 | F65: =VLOOKUP(B65,[1]!Table3[[Part Number]:[OEM CAD $]],4,0) -> 703.78 | G65: =E65*F65 -> 0 | H65: =VLOOKUP(B65,[1]!Table3[[Part Number]:[GQP CAD $]],5,0) -> 267.44 | I65: =ROUND(E65*H65,2) -> 0
B66: 179-9806 | C66: =VLOOKUP(B66,[1]!Table3[[Part Number]:[Make and Model]],2,0) -> CAT 320E L (WBK) CAT 320E L (WBK) (2) CAT 320F L (YBM) CAT 329E L (ZCD) CAT 329F L (ERL) CAT 329F L (ERL) (2) CAT 330F L (MBX) CAT 330F L (HCK) CAT 330F L (HCK) (2) CAT 336F L (RKB) | D66: =VLOOKUP(B66,[1]!Table3[[Part Number]:[Part Description]],3,0) -> HYDRAULIC OIL FILTER ELEMENT | E66: =VLOOKUP(B66,'[1]Product by Part Number'!$A:$I,9,0) -> 0 | F66: =VLOOKUP(B66,[1]!Table3[[Part Number]:[OEM CAD $]],4,0) -> 229 | G66: =E66*F66 -> 0 | H66: =VLOOKUP(B66,[1]!Table3[[Part Number]:[GQP CAD $]],5,0) -> 87.02 | I66: =ROUND(E66*H66,2) -> 0
B67: 1G-8878 | C67: =VLOOKUP(B67,[1]!Table3[[Part Number]:[Make and Model]],2,0) -> CAT PL61 (WGS) CAT PL61 (WGS) (2) CAT PL61 (WGS) (3) | D67: =VLOOKUP(B67,[1]!Table3[[Part Number]:[Part Description]],3,0) -> HYDRAULIC OIL FILTER ELEMENT | E67: =VLOOKUP(B67,'[1]Product by Part Number'!$A:$I,9,0) -> 0 | F67: =VLOOKUP(B67,[1]!Table3[[Part Number]:[OEM CAD $]],4,0) -> 150.47 | G67: =E67*F67 -> 0 | H67: =VLOOKUP(B67,[1]!Table3[[Part Number]:[GQP CAD $]],5,0) -> 57.18 | I67: =ROUND(E67*H67,2) -> 0
B68: 1R-0719 | C68: =VLOOKUP(B68,[1]!Table3[[Part Number]:[Make and Model]],2,0) -> CAT D3 (1PJ) CAT D5 (3CR) CAT D5 (3CR) (2) | D68: =VLOOKUP(B68,[1]!Table3[[Part Number]:[Part Description]],3,0) -> HYDRAULIC OIL FILTER | E68: =VLOOKUP(B68,'[1]Product by Part Number'!$A:$I,9,0) -> 0 | F68: =VLOOKUP(B68,[1]!Table3[[Part Number]:[OEM CAD $]],4,0) -> 38.32 | G68: =E68*F68 -> 0 | H68: =VLOOKUP(B68,[1]!Table3[[Part Number]:[GQP CAD $]],5,0) -> 14.56 | I68: =ROUND(E68*H68,2) -> 0
B69: 1R-0746 | C69: =VLOOKUP(B69,[1]!Table3[[Part Number]:[Make and Model]],2,0) -> CAT D3 (1PJ) | D69: =VLOOKUP(B69,[1]!Table3[[Part Number]:[Part Description]],3,0) -> HYDRAULIC/TRANSMISSION OIL FILTER | E69: =VLOOKUP(B69,'[1]Product by Part Number'!$A:$I,9,0) -> 0 | F69: =VLOOKUP(B69,[1]!Table3[[Part Number]:[OEM CAD $]],4,0) -> 47.44 | G69: =E69*F69 -> 0 | H69: =VLOOKUP(B69,[1]!Table3[[Part Number]:[GQP CAD $]],5,0) -> 18.03 | I69: =ROUND(E69*H69,2) -> 0
B70: 1R-0777 | C70: =VLOOKUP(B70,[1]!Table3[[Part Number]:[Make and Model]],2,0) -> CAT D4 (66J) | D70: =VLOOKUP(B70,[1]!Table3[[Part Number]:[Part Description]],3,0) -> HYDRAULIC OIL FILTER ELEMENT | E70: =VLOOKUP(B70,'[1]Product by Part Number'!$A:$I,9,0) -> 0 | F70: =VLOOKUP(B70,[1]!Table3[[Part Number]:[OEM CAD $]],4,0) -> 93.49 | G70: =E70*F70 -> 0 | H70: =VLOOKUP(B70,[1]!Table3[[Part Number]:[GQP CAD $]],5,0) -> 35.53 | I70: =ROUND(E70*H70,2) -> 0
B71: 304-7196 | C71: =VLOOKUP(B71,[1]!Table3[[Part Number]:[Make and Model]],2,0) -> CAT 303.5E | D71: =VLOOKUP(B71,[1]!Table3[[Part Number]:[Part Description]],3,0) -> HYDRAULIC OIL FILTER | E71: =VLOOKUP(B71,'[1]Product by Part Number'!$A:$I,9,0) -> 0 | F71: =VLOOKUP(B71,[1]!Table3[[Part Number]:[OEM CAD $]],4,0) -> 130.47 | G71: =E71*F71 -> 0 | H71: =VLOOKUP(B71,[1]!Table3[[Part Number]:[GQP CAD $]],5,0) -> 49.58 | I71: =ROUND(E71*H71,2) -> 0
B72: 328-3655 | C72: =VLOOKUP(B72,[1]!Table3[[Part Number]:[Make and Model]],2,0) -> CAT D6N LGP (GHS) | D72: =VLOOKUP(B72,[1]!Table3[[Part Number]:[Part Description]],3,0) -> HYDRAULIC OIL FILTER ELEMENT | E72: =VLOOKUP(B72,'[1]Product by Part Number'!$A:$I,9,0) -> 0 | F72: =VLOOKUP(B72,[1]!Table3[[Part Number]:[OEM CAD $]],4,0) -> 204.36 | G72: =E72*F72 -> 0 | H72: =VLOOKUP(B72,[1]!Table3[[Part Number]:[GQP CAD $]],5,0) -> 77.66 | I72: =ROUND(E72*H72,2) -> 0
B73: 376-2025 | C73: =VLOOKUP(B73,[1]!Table3[[Part Number]:[Make and Model]],2,0) -> CAT 303.5E | D73: =VLOOKUP(B73,[1]!Table3[[Part Number]:[Part Description]],3,0) -> HYDRAULIC PUMP | E73: =VLOOKUP(B73,'[1]Product by Part Number'!$A:$I,9,0) -> 0 | F73: =VLOOKUP(B73,[1]!Table3[[Part Number]:[OEM CAD $]],4,0) -> 7622.73 | G73: =E73*F73 -> 0 | H73: =VLOOKUP(B73,[1]!Table3[[Part Number]:[GQP CAD $]],5,0) -> 3811.37 | I73: =ROUND(E73*H73,2) -> 0
B74: 421-5479 | C74: =VLOOKUP(B74,[1]!Table3[[Part Number]:[Make and Model]],2,0) -> CAT 299D (DX2) | D74: =VLOOKUP(B74,[1]!Table3[[Part Number]:[Part Description]],3,0) -> HYDRAULIC OIL FILTER ELEMENT | E74: =VLOOKUP(B74,'[1]Product by Part Number'!$A:$I,9,0) -> 0 | F74: =VLOOKUP(B74,[1]!Table3[[Part Number]:[OEM CAD $]],4,0) -> 72.07 | G74: =E74*F74 -> 0 | H74: =VLOOKUP(B74,[1]!Table3[[Part Number]:[GQP CAD $]],5,0) -> 27.39 | I74: =ROUND(E74*H74,2) -> 0
B75: 491-6075 | C75: =VLOOKUP(B75,[1]!Table3[[Part Number]:[Make and Model]],2,0) -> CAT 330 (LHW) CAT 330 (LHW) (2) CAT 330 (LHW) (3) CAT 330 (LHW) (4) | D75: =VLOOKUP(B75,[1]!Table3[[Part Number]:[Part Description]],3,0) -> HYDRAULIC OIL FILTER | E75: =VLOOKUP(B75,'[1]Product by Part Number'!$A:$I,9,0) -> 0 | F75: =VLOOKUP(B75,[1]!Table3[[Part Number]:[OEM CAD $]],4,0) -> 159.2 | G75: =E75*F75 -> 0 | H75: =VLOOKUP(B75,[1]!Table3[[Part Number]:[GQP CAD $]],5,0) -> 60.5 | I75: =ROUND(E75*H75,2) -> 0
... B80: 9T-8578 | C80: =VLOOKUP(B80,[1]!Table3[[Part Number]:[Make and Model]],2,0) -> CAT D6N LGP (GHS) CAT D6N LGP (PBA) CAT D6N LGP (PBA) (2) CAT D6N LGP (SGG) CAT D6N LGP (SGG) (2) | D80: =VLOOKUP(B80,[1]!Table3[[Part Number]:[Part Description]],3,0) -> HYDRAULIC OIL FILTER | E80: =VLOOKUP(B80,'[1]Product by Part Number'!$A:$I,9,0) -> 0 | F80: =VLOOKUP(B80,[1]!Table3[[Part Number]:[OEM CAD $]],4,0) -> 123.35 | G80: =E80*F80 -> 0 | H80: =VLOOKUP(B80,[1]!Table3[[Part Number]:[GQP CAD $]],5,0) -> 46.87 | I80: =ROUND(E80*H80,2) -> 0
B81: 6667352 | C81: =VLOOKUP(B81,[1]!Table3[[Part Number]:[Make and Model]],2,0) -> BOBCAT T750 (ANK) BOBCAT S650 (A3N) | D81: =VLOOKUP(B81,[1]!Table3[[Part Number]:[Part Description]],3,0) -> FUEL WATER SEPARATOR FILTER | E81: =VLOOKUP(B81,'[1]Product by Part Number'!$A:$I,9,0) -> 2 | F81: =VLOOKUP(B81,[1]!Table3[[Part Number]:[OEM CAD $]],4,0) -> 34.04 | G81: =E81*F81 -> 68.08 | H81: =VLOOKUP(B81,[1]!Table3[[Part Number]:[GQP CAD $]],5,0) -> 12.94 | I81: =ROUND(E81*H81,2) -> 25.88
B82: 6678233 | C82: =VLOOKUP(B82,[1]!Table3[[Part Number]:[Make and Model]],2,0) -> BOBCAT T750 (ANK) BOBCAT T750 (ATF) BOBCAT S650 (A3N) BOBCAT T770 (AT6) BOBCAT T770 (AT6) (2) | D82: =VLOOKUP(B82,[1]!Table3[[Part Number]:[Part Description]],3,0) -> ENGINE OIL FILTER | E82: =VLOOKUP(B82,'[1]Product by Part Number'!$A:$I,9,0) -> 5 | F82: =VLOOKUP(B82,[1]!Table3[[Part Number]:[OEM CAD $]],4,0) -> 20.14 | G82: =E82*F82 -> 100.7 | H82: =VLOOKUP(B82,[1]!Table3[[Part Number]:[GQP CAD $]],5,0) -> 7.65 | I82: =ROUND(E82*H82,2) -> 38.25
B83: 7400454 | C83: =VLOOKUP(B83,[1]!Table3[[Part Number]:[Make and Model]],2,0) -> BOBCAT T750 (ATF) | D83: =VLOOKUP(B83,[1]!Table3[[Part Number]:[Part Description]],3,0) -> FUEL WATER SEPARATOR FILTER | E83: =VLOOKUP(B83,'[1]Product by Part Number'!$A:$I,9,0) -> 1 | F83: =VLOOKUP(B83,[1]!Table3[[Part Number]:[OEM CAD $]],4,0) -> 135.49 | G83: =E83*F83 -> 135.49 | H83: =VLOOKUP(B83,[1]!Table3[[Part Number]:[GQP CAD $]],5,0) -> 51.49 | I83: =ROUND(E83*H83,2) -> 51.49
B84: 46825328 | C84: =VLOOKUP(B84,[1]!Table3[[Part Number]:[Make and Model]],2,0) -> BOBCAT T770 (AT6) BOBCAT T770 (AT6) (2) | D84: =VLOOKUP(B84,[1]!Table3[[Part Number]:[Part Description]],3,0) -> FUEL WATER SEPARATOR FILTER | E84: =VLOOKUP(B84,'[1]Product by Part Number'!$A:$I,9,0) -> 2 | F84: =VLOOKUP(B84,[1]!Table3[[Part Number]:[OEM CAD $]],4,0) -> 150.49 | G84: =E84*F84 -> 300.98 | H84: =VLOOKUP(B84,[1]!Table3[[Part Number]:[GQP CAD $]],5,0) -> 57.19 | I84: =ROUND(E84*H84,2) -> 114.38
B85: 117-4089 | C85: =VLOOKUP(B85,[1]!Table3[[Part Number]:[Make and Model]],2,0) -> CAT D5 (3CR) CAT D5 (3CR) (2) CAT 561M (1KW) | D85: =VLOOKUP(B85,[1]!Table3[[Part Number]:[Part Description]],3,0) -> FUEL WATER SEPARATOR | E85: =VLOOKUP(B85,'[1]Product by Part Number'!$A:$I,9,0) -> 3 | F85: =VLOOKUP(B85,[1]!Table3[[Part Number]:[OEM CAD $]],4,0) -> 52.82 | G85: =E85*F85 -> 158.46 | H85: =VLOOKUP(B85,[1]!Table3[[Part Number]:[GQP CAD $]],5,0) -> 20.07 | I85: =ROUND(E85*H85,2) -> 60.21
B86: 132-8875 | C86: =VLOOKUP(B86,[1]!Table3[[Part Number]:[Make and Model]],2,0) -> CAT 561M (1KW) | D86: =VLOOKUP(B86,[1]!Table3[[Part Number]:[Part Description]],3,0) -> TRANSMISSION FILTER | E86: =VLOOKUP(B86,'[1]Product by Part Number'!$A:$I,9,0) -> 1 | F86: =VLOOKUP(B86,[1]!Table3[[Part Number]:[OEM CAD $]],4,0) -> 113.9 | G86: =E86*F86 -> 113.9 | H86: =VLOOKUP(B86,[1]!Table3[[Part Number]:[GQP CAD $]],5,0) -> 43.28 | I86: =ROUND(E86*H86,2) -> 43.28
B87: 146-6695 | C87: =VLOOKUP(B87,[1]!Table3[[Part Number]:[Make and Model]],2,0) -> CAT 561N (CPH) CAT 561N (CPH) (2) CAT 561N (CPH) (3) CAT 561N (CPH) (4) CAT 561N (CPH) (5) | D87: =VLOOKUP(B87,[1]!Table3[[Part Number]:[Part Description]],3,0) -> FUEL WATER SEPARATOR FILTER | E87: =VLOOKUP(B87,'[1]Product by Part Number'!$A:$I,9,0) -> 5 | F87: =VLOOKUP(B87,[1]!Table3[[Part Number]:[OEM CAD $]],4,0) -> 60.23 | G87: =E87*F87 -> 301.15 | H87: =VLOOKUP(B87,[1]!Table3[[Part Number]:[GQP CAD $]],5,0) -> 22.89 | I87: =ROUND(E87*H87,2) -> 114.45
B88: 156-1200 | C88: =VLOOKUP(B88,[1]!Table3[[Part Number]:[Make and Model]],2,0) -> CAT 303.5E | D88: =VLOOKUP(B88,[1]!Table3[[Part Number]:[Part Description]],3,0) -> FUEL WATER SEPARATOR | E88: =VLOOKUP(B88,'[1]Product by Part Number'!$A:$I,9,0) -> 1 | F88: =VLOOKUP(B88,[1]!Table3[[Part Number]:[OEM CAD $]],4,0) -> 57.5 | G88: =E88*F88 -> 57.5 | H88: =VLOOKUP(B88,[1]!Table3[[Part Number]:[GQP CAD $]],5,0) -> 21.85 | I88: =ROUND(E88*H88,2) -> 21.85
B89: 1R-0713 | C89: =VLOOKUP(B89,[1]!Table3[[Part Number]:[Make and Model]],2,0) -> CAT D3 (1PJ) | D89: =VLOOKUP(B89,[1]!Table3[[Part Number]:[Part Description]],3,0) -> ENGINE OIL FILTER | E89: =VLOOKUP(B89,'[1]Product by Part Number'!$A:$I,9,0) -> 1 | F89: =VLOOKUP(B89,[1]!Table3[[Part Number]:[OEM CAD $]],4,0) -> 27.68 | G89: =E89*F89 -> 27.68 | H89: =VLOOKUP(B89,[1]!Table3[[Part Number]:[GQP CAD $]],5,0) -> 10.52 | I89: =ROUND(E89*H89,2) -> 10.52
B90: 1R0749 | C90: =VLOOKUP(B90,[1]!Table3[[Part Number]:[Make and Model]],2,0) -> CAT 561N (CPH) CAT 561N (CPH) (2) CAT 561N (CPH) (3) CAT 561N (CPH) (4) CAT 561N (CPH) (5) | D90: =VLOOKUP(B90,[1]!Table3[[Part Number]:[Part Description]],3,0) -> FUEL FILTER | E90: =VLOOKUP(B90,'[1]Product by Part Number'!$A:$I,9,0) -> 10 | F90: =VLOOKUP(B90,[1]!Table3[[Part Number]:[OEM CAD $]],4,0) -> 51.52 | G90: =E90*F90 -> 515.2 | H90: =VLOOKUP(B90,[1]!Table3[[Part Number]:[GQP CAD $]],5,0) -> 19.58 | I90: =ROUND(E90*H90,2) -> 195.8
B91: 1R-0749 | C91: =VLOOKUP(B91,[1]!Table3[[Part Number]:[Make and Model]],2,0) -> CAT 336F L (RKB) CAT D6 (RDC) CAT D6T (MH7) | D91: =VLOOKUP(B91,[1]!Table3[[Part Number]:[Part Description]],3,0) -> FUEL FILTER | E91: =VLOOKUP(B91,'[1]Product by Part Number'!$A:$I,9,0) -> 6 | F91: =VLOOKUP(B91,[1]!Table3[[Part Number]:[OEM CAD $]],4,0) -> 51.52 | G91: =E91*F91 -> 309.12 | H91: =VLOOKUP(B91,[1]!Table3[[Part Number]:[GQP CAD $]],5,0) -> 19.58 | I91: =ROUND(E91*H91,2) -> 117.48
B92: 1R0750 | C92: =VLOOKUP(B92,[1]!Table3[[Part Number]:[Make and Model]],2,0) -> CAT D4 (66J) | D92: =VLOOKUP(B92,[1]!Table3[[Part Number]:[Part Description]],3,0) -> SECONDARY FUEL FILTER | E92: =VLOOKUP(B92,'[1]Product by Part Number'!$A:$I,9,0) -> 1 | F92: =VLOOKUP(B92,[1]!Table3[[Part Number]:[OEM CAD $]],4,0) -> 42.69 | G92: =E92*F92 -> 42.69 | H92: =VLOOKUP(B92,[1]!Table3[[Part Number]:[GQP CAD $]],5,0) -> 16.22 | I92: =ROUND(E92*H92,2) -> 16.22
B93: 1R-0750 | C93: =VLOOKUP(B93,[1]!Table3[[Part Number]:[Make and Model]],2,0) -> CAT D3 (1PJ) CAT D7G (92V) CAT D7G (3ZD) CAT D7G (3ZD) (2) CAT 561 (85H) CAT 561 (92J) CAT 561 (92J) (2) | D93: =VLOOKUP(B93,[1]!Table3[[Part Number]:[Part Description]],3,0) -> FUEL FILTER | E93: =VLOOKUP(B93,'[1]Product by Part Number'!$A:$I,9,0) -> 7 | F93: =VLOOKUP(B93,[1]!Table3[[Part Number]:[OEM CAD $]],4,0) -> 42.69 | G93: =E93*F93 -> 298.83 | H93: =VLOOKUP(B93,[1]!Table3[[Part Number]:[GQP CAD $]],5,0) -> 16.22 | I93: =ROUND(E93*H93,2) -> 113.54
B94: 1R-0751 | C94: =VLOOKUP(B94,[1]!Table3[[Part Number]:[Make and Model]],2,0) -> CAT D5 (3CR) CAT D5 (3CR) (2) CAT D6N LGP (GHS) CAT 561M (1KW) CAT PL61 (WGS) CAT PL61 (WGS) (2) CAT PL61 (WGS) (3) | D94: =VLOOKUP(B94,[1]!Table3[[Part Number]:[Part Description]],3,0) -> PRIMARY FUEL FILTER | E94: =VLOOKUP(B94,'[1]Product by Part Number'!$A:$I,9,0) -> 8 | F94: =VLOOKUP(B94,[1]!Table3[[Part Number]:[OEM CAD $]],4,0) -> 47.05 | G94: =E94*F94 -> 376.4 | H94: =VLOOKUP(B94,[1]!Table3[[Part Number]:[GQP CAD $]],5,0) -> 17.88 | I94: =ROUND(E94*H94,2) -> 143.04
B95: 1R-0753 | C95: =VLOOKUP(B95,[1]!Table3[[Part Number]:[Make and Model]],2,0) -> CAT D5 (3CR) CAT D5 (3CR) (2) | D95: =VLOOKUP(B95,[1]!Table3[[Part Number]:[Part Description]],3,0) -> SECONDARY FUEL FILTER | E95: =VLOOKUP(B95,'[1]Product by Part Number'!$A:$I,9,0) -> 2 | F95: =VLOOKUP(B95,[1]!Table3[[Part Number]:[OEM CAD $]],4,0) -> 67.9 | G95: =E95*F95 -> 135.8 | H95: =VLOOKUP(B95,[1]!Table3[[Part Number]:[GQP CAD $]],5,0) -> 25.8 | I95: =ROUND(E95*H95,2) -> 51.6
B96: 1R-1807 | C96: =VLOOKUP(B96,[1]!Table3[[Part Number]:[Make and Model]],2,0) -> CAT D4 (66J) CAT D5 (3CR) CAT D5 (3CR) (2) CAT 561 (85H) CAT 561 (92J) CAT 561 (92J) (2) CAT 561M (1KW) | D96: =VLOOKUP(B96,[1]!Table3[[Part Number]:[Part Description]],3,0) -> ENGINE OIL FILTER | E96: =VLOOKUP(B96,'[1]Product by Part Number'!$A:$I,9,0) -> 7 | F96: =VLOOKUP(B96,[1]!Table3[[Part Number]:[OEM CAD $]],4,0) -> 44.09 | G96: =E96*F96 -> 308.63 | H96: =VLOOKUP(B96,[1]!Table3[[Part Number]:[GQP CAD $]],5,0) -> 16.75 | I96: =ROUND(E96*H96,2) -> 117.25
... B117: 9P-7121 | C117: =VLOOKUP(B117,[1]!Table3[[Part Number]:[Make and Model]],2,0) -> CAT D3 (1PJ) | D117: =VLOOKUP(B117,[1]!Table3[[Part Number]:[Part Description]],3,0) -> **FUEL TANK STRAINER** | E117: =VLOOKUP(B117,'[1]Product by Part Number'!$A:$I,9,0) -> 1 | F117: =VLOOKUP(B117,[1]!Table3[[Part Number]:[OEM CAD $]],4,0) -> 127.92 | G117: =E117*F117 -> 127.92 | H117: =VLOOKUP(B117,[1]!Table3[[Part Number]:[GQP CAD $]],5,0) -> 48.61 | I117: =ROUND(E117*H117,2) -> 48.61
I118: =ROUND(E118*H118,2) -> 0
I119: =ROUND(E119*H119,2) -> 0
I120: =ROUND(E120*H120,2) -> 0
I121: =ROUND(E121*H121,2) -> 0
I122: =ROUND(E122*H122,2) -> 0
I123: =ROUND(E123*H123,2) -> 0
I124: =ROUND(E124*H124,2) -> 0
I125: =ROUND(E125*H125,2) -> 0
I126: =ROUND(E126*H126,2) -> 0
H127: Subtotal | I127: =SUM(I15:I126) -> 4153.86
D128: OEM MSRP : | E128: =SUM(G15:G126) -> 10930.93 | H128: Shipping | I128: 0
D129: GQP : | E129: =SUM(I15:I126) -> 4153.86 | H129: Customs/Broker Fee | I129: 0
D130: GQP SAVINGS : | E130: =E128-E129 -> 6777.07 | H130: Total | I130: =SUM(I127:I129) -> 4153.86
H131: GST | I131: =I130*0.05 -> 207.693
H132: PST / QST
B133: Quote valid for 14 days, shipping subject to delays in supply chain. | H133: GRAND TOTAL | I133: =SUM(I130:I132) -> 4361.553

Sheet MOQ Filters Q4
E1: MOQ QUOTE | H1: Filters Q1
B7: COMPANY: | C7: Lincoln County | E7: DATE: | F7: 45870 | H7: PO NUMBER:
B8: CONTACT NAME: | C8: 0 | E8: PHONE NUMBER:
B9: BILLING ADDRESS: | C9: 0 | E9: EMAIL ADDRESS:
C10: 0 | E10: SHIPPING ADDRESS:
C11: 0
C12: 0
F13: CAD $
B14: PART NUMBER | C14: Make & Model | D14: DESCRIPTION | E14: QTY | F14: OEM MSRP | H14: GQP PRICE | I14: TOTAL
B15: 7008043 | C15: =VLOOKUP(B15,[1]!Table3[[Part Number]:[Make and Model]],2,0) -> BOBCAT S650 (A3N) | D15: =VLOOKUP(B15,[1]!Table3[[Part Number]:[Part Description]],3,0) -> PRIMARY AIR FILTER ELEMENT (OUTER) | E15: =VLOOKUP(B15,'[1]Product by Part Number'!$A:$J,10,0) -> 1 | F15: =VLOOKUP(B15,[1]!Table3[[Part Number]:[OEM CAD $]],4,0) -> 62.49 | G15: =E15*F15 -> 62.49 | H15: =VLOOKUP(B15,[1]!Table3[[Part Number]:[GQP CAD $]],5,0) -> 23.75 | I15: =ROUND(E15*H15,2) -> 23.75
B16: 7008044 | C16: =VLOOKUP(B16,[1]!Table3[[Part Number]:[Make and Model]],2,0) -> BOBCAT S650 (A3N) | D16: =VLOOKUP(B16,[1]!Table3[[Part Number]:[Part Description]],3,0) -> SECONDARY AIR FILTER ELEMENT | E16: =VLOOKUP(B16,'[1]Product by Part Number'!$A:$J,10,0) -> 1 | F16: =VLOOKUP(B16,[1]!Table3[[Part Number]:[OEM CAD $]],4,0) -> 39.99 | G16: =E16*F16 -> 39.99 | H16: =VLOOKUP(B16,[1]!Table3[[Part Number]:[GQP CAD $]],5,0) -> 15.2 | I16: =ROUND(E16*H16,2) -> 15.2
B17: 7010031 | C17: =VLOOKUP(B17,[1]!Table3[[Part Number]:[Make and Model]],2,0) -> BOBCAT T750 (ANK) BOBCAT T750 (ATF) BOBCAT T770 (AT6) BOBCAT T770 (AT6) (2) | D17: =VLOOKUP(B17,[1]!Table3[[Part Number]:[Part Description]],3,0) -> SECONDARY AIR FILTER ELEMENT | E17: =VLOOKUP(B17,'[1]Product by Part Number'!$A:$J,10,0) -> 4 | F17: =VLOOKUP(B17,[1]!Table3[[Part Number]:[OEM CAD $]],4,0) -> 103.99 | G17: =E17*F17 -> 415.96 | H17: =VLOOKUP(B17,[1]!Table3[[Part Number]:[GQP CAD $]],5,0) -> 39.52 | I17: =ROUND(E17*H17,2) -> 158.08
B18: 7286652 | C18: =VLOOKUP(B18,[1]!Table3[[Part Number]:[Make and Model]],2,0) -> BOBCAT T750 (ANK) BOBCAT T750 (ATF) BOBCAT T770 (AT6) BOBCAT T770 (AT6) (2) | D18: =VLOOKUP(B18,[1]!Table3[[Part Number]:[Part Description]],3,0) -> PRIMARY AIR FILTER ELEMENT (OUTER) | E18: =VLOOKUP(B18,'[1]Product by Part Number'!$A:$J,10,0) -> 4 | F18: =VLOOKUP(B18,[1]!Table3[[Part Number]:[OEM CAD $]],4,0) -> 140.99 | G18: =E18*F18 -> 563.96 | H18: =VLOOKUP(B18,[1]!Table3[[Part Number]:[GQP CAD $]],5,0) -> 53.58 | I18: =ROUND(E18*H18,2) -> 214.32
B19: 110-6326 | C19: =VLOOKUP(B19,[1]!Table3[[Part Number]:[Make and Model]],2,0) -> CAT 299D (DX2) | D19: =VLOOKUP(B19,[1]!Table3[[Part Number]:[Part Description]],3,0) -> PRIMARY AIR FILTER ELEMENT | E19: =VLOOKUP(B19,'[1]Product by Part Number'!$A:$J,10,0) -> 1 | F19: =VLOOKUP(B19,[1]!Table3[[Part Number]:[OEM CAD $]],4,0) -> 76.02 | G19: =E19*F19 -> 76.02 | H19: =VLOOKUP(B19,[1]!Table3[[Part Number]:[GQP CAD $]],5,0) -> 28.89 | I19: =ROUND(E19*H19,2) -> 28.89
B20: 110-6331 | C20: =VLOOKUP(B20,[1]!Table3[[Part Number]:[Make and Model]],2,0) -> CAT 299D (DX2) | D20: =VLOOKUP(B20,[1]!Table3[[Part Number]:[Part Description]],3,0) -> SECONDARY AIR FILTER ELEMENT | E20: =VLOOKUP(B20,'[1]Product by Part Number'!$A:$J,10,0) -> 1 | F20: =VLOOKUP(B20,[1]!Table3[[Part Number]:[OEM CAD $]],4,0) -> 54.17 | G20: =E20*F20 -> 54.17 | H20: =VLOOKUP(B20,[1]!Table3[[Part Number]:[GQP CAD $]],5,0) -> 20.58 | I20: =ROUND(E20*H20,2) -> 20.58
B21: 112-7448 | C21: =VLOOKUP(B21,[1]!Table3[[Part Number]:[Make and Model]],2,0) -> CAT D6T (MH7) | D21: =VLOOKUP(B21,[1]!Table3[[Part Number]:[Part Description]],3,0) -> CABIN AIR FILTER ELEMENT | E21: =VLOOKUP(B21,'[1]Product by Part Number'!$A:$J,10,0) -> 1 | F21: =VLOOKUP(B21,[1]!Table3[[Part Number]:[OEM CAD $]],4,0) -> 43.37 | G21: =E21*F21 -> 43.37 | H21: =VLOOKUP(B21,[1]!Table3[[Part Number]:[GQP CAD $]],5,0) -> 16.48 | I21: =ROUND(E21*H21,2) -> 16.48
B22: 131-8821 | C22: =VLOOKUP(B22,[1]!Table3[[Part Number]:[Make and Model]],2,0) -> CAT 320E L (WBK) CAT 320E L (WBK) (2) CAT 320F L (YBM) | D22: =VLOOKUP(B22,[1]!Table3[[Part Number]:[Part Description]],3,0) -> SECONDARY AIR FILTER ELEMENT | E22: =VLOOKUP(B22,'[1]Product by Part Number'!$A:$J,10,0) -> 3 | F22: =VLOOKUP(B22,[1]!Table3[[Part Number]:[OEM CAD $]],4,0) -> 97.91 | G22: =E22*F22 -> 293.73 | H22: =VLOOKUP(B22,[1]!Table3[[Part Number]:[GQP CAD $]],5,0) -> 37.21 | I22: =ROUND(E22*H22,2) -> 111.63
B23: 131-8822 | C23: =VLOOKUP(B23,[1]!Table3[[Part Number]:[Make and Model]],2,0) -> CAT 320E L (WBK) CAT 320E L (WBK) (2) CAT 320F L (YBM) | D23: =VLOOKUP(B23,[1]!Table3[[Part Number]:[Part Description]],3,0) -> PRIMARY AIR FILTER ELEMENT | E23: =VLOOKUP(B23,'[1]Product by Part Number'!$A:$J,10,0) -> 3 | F23: =VLOOKUP(B23,[1]!Table3[[Part Number]:[OEM CAD $]],4,0) -> 120.35 | G23: =E23*F23 -> 361.05 | H23: =VLOOKUP(B23,[1]!Table3[[Part Number]:[GQP CAD $]],5,0) -> 45.73 | I23: =ROUND(E23*H23,2) -> 137.19
B24: 134-8726 | C24: =VLOOKUP(B24,[1]!Table3[[Part Number]:[Make and Model]],2,0) -> CAT 303.5E | D24: =VLOOKUP(B24,[1]!Table3[[Part Number]:[Part Description]],3,0) -> PRIMARY AIR FILTER ELEMENT | E24: =VLOOKUP(B24,'[1]Product by Part Number'!$A:$J,10,0) -> 1 | F24: =VLOOKUP(B24,[1]!Table3[[Part Number]:[OEM CAD $]],4,0) -> 67.33 | G24: =E24*F24 -> 67.33 | H24: =VLOOKUP(B24,[1]!Table3[[Part Number]:[GQP CAD $]],5,0) -> 25.59 | I24: =ROUND(E24*H24,2) -> 25.59
B25: 140-2334 | C25: =VLOOKUP(B25,[1]!Table3[[Part Number]:[Make and Model]],2,0) -> CAT 303.5E | D25: =VLOOKUP(B25,[1]!Table3[[Part Number]:[Part Description]],3,0) -> SECONDARY AIR FILTER ELEMENT | E25: =VLOOKUP(B25,'[1]Product by Part Number'!$A:$J,10,0) -> 1 | F25: =VLOOKUP(B25,[1]!Table3[[Part Number]:[OEM CAD $]],4,0) -> 61.69 | G25: =E25*F25 -> 61.69 | H25: =VLOOKUP(B25,[1]!Table3[[Part Number]:[GQP CAD $]],5,0) -> 23.44 | I25: =ROUND(E25*H25,2) -> 23.44
B26: 142-1339 | C26: =VLOOKUP(B26,[1]!Table3[[Part Number]:[Make and Model]],2,0) -> CAT 336F L (RKB) | D26: =VLOOKUP(B26,[1]!Table3[[Part Number]:[Part Description]],3,0) -> PRIMARY AIR FILTER ELEMENT | E26: =VLOOKUP(B26,'[1]Product by Part Number'!$A:$J,10,0) -> 1 | F26: =VLOOKUP(B26,[1]!Table3[[Part Number]:[OEM CAD $]],4,0) -> 201.81 | G26: =E26*F26 -> 201.81 | H26: =VLOOKUP(B26,[1]!Table3[[Part Number]:[GQP CAD $]],5,0) -> 76.69 | I26: =ROUND(E26*H26,2) -> 76.69
B27: 142-1404 | C27: =VLOOKUP(B27,[1]!Table3[[Part Number]:[Make and Model]],2,0) -> CAT 336F L (RKB) | D27: =VLOOKUP(B27,[1]!Table3[[Part Number]:[Part Description]],3,0) -> SECONDARY AIR FILTER ELEMENT | E27: =VLOOKUP(B27,'[1]Product by Part Number'!$A:$J,10,0) -> 1 | F27: =VLOOKUP(B27,[1]!Table3[[Part Number]:[OEM CAD $]],4,0) -> 119.45 | G27: =E27*F27 -> 119.45 | H27: =VLOOKUP(B27,[1]!Table3[[Part Number]:[GQP CAD $]],5,0) -> 45.39 | I27: =ROUND(E27*H27,2) -> 45.39
B28: 151-0914 | C28: =VLOOKUP(B28,[1]!Table3[[Part Number]:[Make and Model]],2,0) -> CAT D6N LGP (PBA) CAT D6N LGP (PBA) (2) | D28: =VLOOKUP(B28,[1]!Table3[[Part Number]:[Part Description]],3,0) -> PRIMARY CABIN AIR FILTER ELEMENT | E28: =VLOOKUP(B28,'[1]Product by Part Number'!$A:$J,10,0) -> 2 | F28: =VLOOKUP(B28,[1]!Table3[[Part Number]:[OEM CAD $]],4,0) -> 112.48 | G28: =E28*F28 -> 224.96 | H28: =VLOOKUP(B28,[1]!Table3[[Part Number]:[GQP CAD $]],5,0) -> 42.74 | I28: =ROUND(E28*H28,2) -> 85.48
B29: 209-8217 | C29: =VLOOKUP(B29,[1]!Table3[[Part Number]:[Make and Model]],2,0) -> CAT PL61 (WGS) CAT PL61 (WGS) (2) CAT PL61 (WGS) (3) | D29: =VLOOKUP(B29,[1]!Table3[[Part Number]:[Part Description]],3,0) -> CABIN AIR FILTER ELEMENT | E29: =VLOOKUP(B29,'[1]Product by Part Number'!$A:$J,10,0) -> 3 | F29: =VLOOKUP(B29,[1]!Table3[[Part Number]:[OEM CAD $]],4,0) -> 85.17 | G29: =E29*F29 -> 255.51 | H29: =VLOOKUP(B29,[1]!Table3[[Part Number]:[GQP CAD $]],5,0) -> 32.36 | I29: =ROUND(E29*H29,2) -> 97.08
B30: 252-5001 | C30: =VLOOKUP(B30,[1]!Table3[[Part Number]:[Make and Model]],2,0) -> CAT D6N LGP (GHS) CAT PL61 (WGS) CAT PL61 (WGS) (2) CAT PL61 (WGS) (3) | D30: =VLOOKUP(B30,[1]!Table3[[Part Number]:[Part Description]],3,0) -> PRIMARY AIR FILTER ELEMENT | E30: =VLOOKUP(B30,'[1]Product by Part Number'!$A:$J,10,0) -> 4 | F30: =VLOOKUP(B30,[1]!Table3[[Part Number]:[OEM CAD $]],4,0) -> 221.03 | G30: =E30*F30 -> 884.12 | H30: =VLOOKUP(B30,[1]!Table3[[Part Number]:[GQP CAD $]],5,0) -> 83.99 | I30: =ROUND(E30*H30,2) -> 335.96
... B60: 9S-9972 | C60: =VLOOKUP(B60,[1]!Table3[[Part Number]:[Make and Model]],2,0) -> CAT D7G (92V) CAT D7G (3ZD) CAT D7G (3ZD) (2) | D60: =VLOOKUP(B60,[1]!Table3[[Part Number]:[Part Description]],3,0) -> SECONDARY AIR FILTER ELEMENT | E60: =VLOOKUP(B60,'[1]Product by Part Number'!$A:$J,10,0) -> 3 | F60: =VLOOKUP(B60,[1]!Table3[[Part Number]:[OEM CAD $]],4,0) -> 115.44 | G60: =E60*F60 -> 346.32 | H60: =VLOOKUP(B60,[1]!Table3[[Part Number]:[GQP CAD $]],5,0) -> 43.87 | I60: =ROUND(E60*H60,2) -> 131.61
B61: 6692337 | C61: =VLOOKUP(B61,[1]!Table3[[Part Number]:[Make and Model]],2,0) -> BOBCAT T750 (ATF) BOBCAT S650 (A3N) | D61: =VLOOKUP(B61,[1]!Table3[[Part Number]:[Part Description]],3,0) -> HYDRAULIC OIL FILTER ELEMENT | E61: =VLOOKUP(B61,'[1]Product by Part Number'!$A:$J,10,0) -> 2 | F61: =VLOOKUP(B61,[1]!Table3[[Part Number]:[OEM CAD $]],4,0) -> 93.99 | G61: =E61*F61 -> 187.98 | H61: =VLOOKUP(B61,[1]!Table3[[Part Number]:[GQP CAD $]],5,0) -> 35.72 | I61: =ROUND(E61*H61,2) -> 71.44
B62: 7012314 | C62: =VLOOKUP(B62,[1]!Table3[[Part Number]:[Make and Model]],2,0) -> BOBCAT T750 (ANK) | D62: =VLOOKUP(B62,[1]!Table3[[Part Number]:[Part Description]],3,0) -> HYDRAULIC OIL FILTER ELEMENT | E62: =VLOOKUP(B62,'[1]Product by Part Number'!$A:$J,10,0) -> 1 | F62: =VLOOKUP(B62,[1]!Table3[[Part Number]:[OEM CAD $]],4,0) -> 138.99 | G62: =E62*F62 -> 138.99 | H62: =VLOOKUP(B62,[1]!Table3[[Part Number]:[GQP CAD $]],5,0) -> 52.82 | I62: =ROUND(E62*H62,2) -> 52.82
B63: 7414582 | C63: =VLOOKUP(B63,[1]!Table3[[Part Number]:[Make and Model]],2,0) -> BOBCAT T770 (AT6) BOBCAT T770 (AT6) (2) | D63: =VLOOKUP(B63,[1]!Table3[[Part Number]:[Part Description]],3,0) -> HYDRAULIC OIL FILTER ELEMENT | E63: =VLOOKUP(B63,'[1]Product by Part Number'!$A:$J,10,0) -> 2 | F63: =VLOOKUP(B63,[1]!Table3[[Part Number]:[OEM CAD $]],4,0) -> 117.99 | G63: =E63*F63 -> 235.98 | H63: =VLOOKUP(B63,[1]!Table3[[Part Number]:[GQP CAD $]],5,0) -> 44.84 | I63: =ROUND(E63*H63,2) -> 89.68
B64: 093-7521 | C64: =VLOOKUP(B64,[1]!Table3[[Part Number]:[Make and Model]],2,0) -> CAT 320F L (YBM) CAT 336F L (RKB) | D64: =VLOOKUP(B64,[1]!Table3[[Part Number]:[Part Description]],3,0) -> HYDRAULIC OIL FILTER | E64: =VLOOKUP(B64,'[1]Product by Part Number'!$A:$J,10,0) -> 2 | F64: =VLOOKUP(B64,[1]!Table3[[Part Number]:[OEM CAD $]],4,0) -> 102.09 | G64: =E64*F64 -> 204.18 | H64: =VLOOKUP(B64,[1]!Table3[[Part Number]:[GQP CAD $]],5,0) -> 38.79 | I64: =ROUND(E64*H64,2) -> 77.58
B65: 169-4019 | C65: =VLOOKUP(B65,[1]!Table3[[Part Number]:[Make and Model]],2,0) -> CAT D4 (66J) | D65: =VLOOKUP(B65,[1]!Table3[[Part Number]:[Part Description]],3,0) -> HYDRAULIC OIL FILTER | E65: =VLOOKUP(B65,'[1]Product by Part Number'!$A:$J,10,0) -> 1 | F65: =VLOOKUP(B65,[1]!Table3[[Part Number]:[OEM CAD $]],4,0) -> 703.78 | G65: =E65*F65 -> 703.78 | H65: =VLOOKUP(B65,[1]!Table3[[Part Number]:[GQP CAD $]],5,0) -> 267.44 | I65: =ROUND(E65*H65,2) -> 267.44
B66: 179-9806 | C66: =VLOOKUP(B66,[1]!Table3[[Part Number]:[Make and Model]],2,0) -> CAT 320E L (WBK) CAT 320E L (WBK) (2) CAT 320F L (YBM) CAT 329E L (ZCD) CAT 329F L (ERL) CAT 329F L (ERL) (2) CAT 330F L (MBX) CAT 330F L (HCK) CAT 330F L (HCK) (2) CAT 336F L (RKB) | D66: =VLOOKUP(B66,[1]!Table3[[Part Number]:[Part Description]],3,0) -> HYDRAULIC OIL FILTER ELEMENT | E66: =VLOOKUP(B66,'[1]Product by Part Number'!$A:$J,10,0) -> 12 | F66: =VLOOKUP(B66,[1]!Table3[[Part Number]:[OEM CAD $]],4,0) -> 229 | G66: =E66*F66 -> 2748 | H66: =VLOOKUP(B66,[1]!Table3[[Part Number]:[GQP CAD $]],5,0) -> 87.02 | I66: =ROUND(E66*H66,2) -> 1044.24
B67: 1G-8878 | C67: =VLOOKUP(B67,[1]!Table3[[Part Number]:[Make and Model]],2,0) -> CAT PL61 (WGS) CAT PL61 (WGS) (2) CAT PL61 (WGS) (3) | D67: =VLOOKUP(B67,[1]!Table3[[Part Number]:[Part Description]],3,0) -> HYDRAULIC OIL FILTER ELEMENT | E67: =VLOOKUP(B67,'[1]Product by Part Number'!$A:$J,10,0) -> 3 | F67: =VLOOKUP(B67,[1]!Table3[[Part Number]:[OEM CAD $]],4,0) -> 150.47 | G67: =E67*F67 -> 451.41 | H67: =VLOOKUP(B67,[1]!Table3[[Part Number]:[GQP CAD $]],5,0) -> 57.18 | I67: =ROUND(E67*H67,2) -> 171.54
B68: 1R-0719 | C68: =VLOOKUP(B68,[1]!Table3[[Part Number]:[Make and Model]],2,0) -> CAT D3 (1PJ) CAT D5 (3CR) CAT D5 (3CR) (2) | D68: =VLOOKUP(B68,[1]!Table3[[Part Number]:[Part Description]],3,0) -> HYDRAULIC OIL FILTER | E68: =VLOOKUP(B68,'[1]Product by Part Number'!$A:$J,10,0) -> 3 | F68: =VLOOKUP(B68,[1]!Table3[[Part Number]:[OEM CAD $]],4,0) -> 38.32 | G68: =E68*F68 -> 114.96 | H68: =VLOOKUP(B68,[1]!Table3[[Part Number]:[GQP CAD $]],5,0) -> 14.56 | I68: =ROUND(E68*H68,2) -> 43.68
B69: 1R-0746 | C69: =VLOOKUP(B69,[1]!Table3[[Part Number]:[Make and Model]],2,0) -> CAT D3 (1PJ) | D69: =VLOOKUP(B69,[1]!Table3[[Part Number]:[Part Description]],3,0) -> HYDRAULIC/TRANSMISSION OIL FILTER | E69: =VLOOKUP(B69,'[1]Product by Part Number'!$A:$J,10,0) -> 1 | F69: =VLOOKUP(B69,[1]!Table3[[Part Number]:[OEM CAD $]],4,0) -> 47.44 | G69: =E69*F69 -> 47.44 | H69: =VLOOKUP(B69,[1]!Table3[[Part Number]:[GQP CAD $]],5,0) -> 18.03 | I69: =ROUND(E69*H69,2) -> 18.03
B70: 1R-0777 | C70: =VLOOKUP(B70,[1]!Table3[[Part Number]:[Make and Model]],2,0) -> CAT D4 (66J) | D70: =VLOOKUP(B70,[1]!Table3[[Part Number]:[Part Description]],3,0) -> HYDRAULIC OIL FILTER ELEMENT | E70: =VLOOKUP(B70,'[1]Product by Part Number'!$A:$J,10,0) -> 1 | F70: =VLOOKUP(B70,[1]!Table3[[Part Number]:[OEM CAD $]],4,0) -> 93.49 | G70: =E70*F70 -> 93.49 | H70: =VLOOKUP(B70,[1]!Table3[[Part Number]:[GQP CAD $]],5,0) -> 35.53 | I70: =ROUND(E70*H70,2) -> 35.53
B71: 304-7196 | C71: =VLOOKUP(B71,[1]!Table3[[Part Number]:[Make and Model]],2,0) -> CAT 303.5E | D71: =VLOOKUP(B71,[1]!Table3[[Part Number]:[Part Description]],3,0) -> HYDRAULIC OIL FILTER | E71: =VLOOKUP(B71,'[1]Product by Part Number'!$A:$J,10,0) -> 1 | F71: =VLOOKUP(B71,[1]!Table3[[Part Number]:[OEM CAD $]],4,0) -> 130.47 | G71: =E71*F71 -> 130.47 | H71: =VLOOKUP(B71,[1]!Table3[[Part Number]:[GQP CAD $]],5,0) -> 49.58 | I71: =ROUND(E71*H71,2) -> 49.58
B72: 328-3655 | C72: =VLOOKUP(B72,[1]!Table3[[Part Number]:[Make and Model]],2,0) -> CAT D6N LGP (GHS) | D72: =VLOOKUP(B72,[1]!Table3[[Part Number]:[Part Description]],3,0) -> HYDRAULIC OIL FILTER ELEMENT | E72: =VLOOKUP(B72,'[1]Product by Part Number'!$A:$J,10,0) -> 1 | F72: =VLOOKUP(B72,[1]!Table3[[Part Number]:[OEM CAD $]],4,0) -> 204.36 | G72: =E72*F72 -> 204.36 | H72: =VLOOKUP(B72,[1]!Table3[[Part Number]:[GQP CAD $]],5,0) -> 77.66 | I72: =ROUND(E72*H72,2) -> 77.66
B73: 376-2025 | C73: =VLOOKUP(B73,[1]!Table3[[Part Number]:[Make and Model]],2,0) -> CAT 303.5E | D73: =VLOOKUP(B73,[1]!Table3[[Part Number]:[Part Description]],3,0) -> HYDRAULIC PUMP | E73: =VLOOKUP(B73,'[1]Product by Part Number'!$A:$J,10,0) -> 1 | F73: =VLOOKUP(B73,[1]!Table3[[Part Number]:[OEM CAD $]],4,0) -> 7622.73 | G73: =E73*F73 -> 7622.73 | H73: =VLOOKUP(B73,[1]!Table3[[Part Number]:[GQP CAD $]],5,0) -> 3811.37 | I73: =ROUND(E73*H73,2) -> 3811.37
B74: 421-5479 | C74: =VLOOKUP(B74,[1]!Table3[[Part Number]:[Make and Model]],2,0) -> CAT 299D (DX2) | D74: =VLOOKUP(B74,[1]!Table3[[Part Number]:[Part Description]],3,0) -> HYDRAULIC OIL FILTER ELEMENT | E74: =VLOOKUP(B74,'[1]Product by Part Number'!$A:$J,10,0) -> 1 | F74: =VLOOKUP(B74,[1]!Table3[[Part Number]:[OEM CAD $]],4,0) -> 72.07 | G74: =E74*F74 -> 72.07 | H74: =VLOOKUP(B74,[1]!Table3[[Part Number]:[GQP CAD $]],5,0) -> 27.39 | I74: =ROUND(E74*H74,2) -> 27.39
B75: 491-6075 | C75: =VLOOKUP(B75,[1]!Table3[[Part Number]:[Make and Model]],2,0) -> CAT 330 (LHW) CAT 330 (LHW) (2) CAT 330 (LHW) (3) CAT 330 (LHW) (4) | D75: =VLOOKUP(B75,[1]!Table3[[Part Number]:[Part Description]],3,0) -> HYDRAULIC OIL FILTER | E75: =VLOOKUP(B75,'[1]Product by Part Number'!$A:$J,10,0) -> 4 | F75: =VLOOKUP(B75,[1]!Table3[[Part Number]:[OEM CAD $]],4,0) -> 159.2 | G75: =E75*F75 -> 636.8 | H75: =VLOOKUP(B75,[1]!Table3[[Part Number]:[GQP CAD $]],5,0) -> 60.5 | I75: =ROUND(E75*H75,2) -> 242
... B80: 9T-8578 | C80: =VLOOKUP(B80,[1]!Table3[[Part Number]:[Make and Model]],2,0) -> CAT D6N LGP (GHS) CAT D6N LGP (PBA) CAT D6N LGP (PBA) (2) CAT D6N LGP (SGG) CAT D6N LGP (SGG) (2) | D80: =VLOOKUP(B80,[1]!Table3[[Part Number]:[Part Description]],3,0) -> HYDRAULIC OIL FILTER | E80: =VLOOKUP(B80,'[1]Product by Part Number'!$A:$J,10,0) -> 5 | F80: =VLOOKUP(B80,[1]!Table3[[Part Number]:[OEM CAD $]],4,0) -> 123.35 | G80: =E80*F80 -> 616.75 | H80: =VLOOKUP(B80,[1]!Table3[[Part Number]:[GQP CAD $]],5,0) -> 46.87 | I80: =ROUND(E80*H80,2) -> 234.35
B81: 6667352 | C81: =VLOOKUP(B81,[1]!Table3[[Part Number]:[Make and Model]],2,0) -> BOBCAT T750 (ANK) BOBCAT S650 (A3N) | D81: =VLOOKUP(B81,[1]!Table3[[Part Number]:[Part Description]],3,0) -> FUEL WATER SEPARATOR FILTER | E81: =VLOOKUP(B81,'[1]Product by Part Number'!$A:$J,10,0) -> 2 | F81: =VLOOKUP(B81,[1]!Table3[[Part Number]:[OEM CAD $]],4,0) -> 34.04 | G81: =E81*F81 -> 68.08 | H81: =VLOOKUP(B81,[1]!Table3[[Part Number]:[GQP CAD $]],5,0) -> 12.94 | I81: =ROUND(E81*H81,2) -> 25.88
B82: 6678233 | C82: =VLOOKUP(B82,[1]!Table3[[Part Number]:[Make and Model]],2,0) -> BOBCAT T750 (ANK) BOBCAT T750 (ATF) BOBCAT S650 (A3N) BOBCAT T770 (AT6) BOBCAT T770 (AT6) (2) | D82: =VLOOKUP(B82,[1]!Table3[[Part Number]:[Part Description]],3,0) -> ENGINE OIL FILTER | E82: =VLOOKUP(B82,'[1]Product by Part Number'!$A:$J,10,0) -> 5 | F82: =VLOOKUP(B82,[1]!Table3[[Part Number]:[OEM CAD $]],4,0) -> 20.14 | G82: =E82*F82 -> 100.7 | H82: =VLOOKUP(B82,[1]!Table3[[Part Number]:[GQP CAD $]],5,0) -> 7.65 | I82: =ROUND(E82*H82,2) -> 38.25
B83: 7400454 | C83: =VLOOKUP(B83,[1]!Table3[[Part Number]:[Make and Model]],2,0) -> BOBCAT T750 (ATF) | D83: =VLOOKUP(B83,[1]!Table3[[Part Number]:[Part Description]],3,0) -> FUEL WATER SEPARATOR FILTER | E83: =VLOOKUP(B83,'[1]Product by Part Number'!$A:$J,10,0) -> 1 | F83: =VLOOKUP(B83,[1]!Table3[[Part Number]:[OEM CAD $]],4,0) -> 135.49 | G83: =E83*F83 -> 135.49 | H83: =VLOOKUP(B83,[1]!Table3[[Part Number]:[GQP CAD $]],5,0) -> 51.49 | I83: =ROUND(E83*H83,2) -> 51.49
B84: 46825328 | C84: =VLOOKUP(B84,[1]!Table3[[Part Number]:[Make and Model]],2,0) -> BOBCAT T770 (AT6) BOBCAT T770 (AT6) (2) | D84: =VLOOKUP(B84,[1]!Table3[[Part Number]:[Part Description]],3,0) -> FUEL WATER SEPARATOR FILTER | E84: =VLOOKUP(B84,'[1]Product by Part Number'!$A:$J,10,0) -> 2 | F84: =VLOOKUP(B84,[1]!Table3[[Part Number]:[OEM CAD $]],4,0) -> 150.49 | G84: =E84*F84 -> 300.98 | H84: =VLOOKUP(B84,[1]!Table3[[Part Number]:[GQP CAD $]],5,0) -> 57.19 | I84: =ROUND(E84*H84,2) -> 114.38
B85: 117-4089 | C85: =VLOOKUP(B85,[1]!Table3[[Part Number]:[Make and Model]],2,0) -> CAT D5 (3CR) CAT D5 (3CR) (2) CAT 561M (1KW) | D85: =VLOOKUP(B85,[1]!Table3[[Part Number]:[Part Description]],3,0) -> FUEL WATER SEPARATOR | E85: =VLOOKUP(B85,'[1]Product by Part Number'!$A:$J,10,0) -> 3 | F85: =VLOOKUP(B85,[1]!Table3[[Part Number]:[OEM CAD $]],4,0) -> 52.82 | G85: =E85*F85 -> 158.46 | H85: =VLOOKUP(B85,[1]!Table3[[Part Number]:[GQP CAD $]],5,0) -> 20.07 | I85: =ROUND(E85*H85,2) -> 60.21
B86: 132-8875 | C86: =VLOOKUP(B86,[1]!Table3[[Part Number]:[Make and Model]],2,0) -> CAT 561M (1KW) | D86: =VLOOKUP(B86,[1]!Table3[[Part Number]:[Part Description]],3,0) -> TRANSMISSION FILTER | E86: =VLOOKUP(B86,'[1]Product by Part Number'!$A:$J,10,0) -> 1 | F86: =VLOOKUP(B86,[1]!Table3[[Part Number]:[OEM CAD $]],4,0) -> 113.9 | G86: =E86*F86 -> 113.9 | H86: =VLOOKUP(B86,[1]!Table3[[Part Number]:[GQP CAD $]],5,0) -> 43.28 | I86: =ROUND(E86*H86,2) -> 43.28
B87: 146-6695 | C87: =VLOOKUP(B87,[1]!Table3[[Part Number]:[Make and Model]],2,0) -> CAT 561N (CPH) CAT 561N (CPH) (2) CAT 561N (CPH) (3) CAT 561N (CPH) (4) CAT 561N (CPH) (5) | D87: =VLOOKUP(B87,[1]!Table3[[Part Number]:[Part Description]],3,0) -> FUEL WATER SEPARATOR FILTER | E87: =VLOOKUP(B87,'[1]Product by Part Number'!$A:$J,10,0) -> 5 | F87: =VLOOKUP(B87,[1]!Table3[[Part Number]:[OEM CAD $]],4,0) -> 60.23 | G87: =E87*F87 -> 301.15 | H87: =VLOOKUP(B87,[1]!Table3[[Part Number]:[GQP CAD $]],5,0) -> 22.89 | I87: =ROUND(E87*H87,2) -> 114.45
B88: 156-1200 | C88: =VLOOKUP(B88,[1]!Table3[[Part Number]:[Make and Model]],2,0) -> CAT 303.5E | D88: =VLOOKUP(B88,[1]!Table3[[Part Number]:[Part Description]],3,0) -> FUEL WATER SEPARATOR | E88: =VLOOKUP(B88,'[1]Product by Part Number'!$A:$J,10,0) -> 1 | F88: =VLOOKUP(B88,[1]!Table3[[Part Number]:[OEM CAD $]],4,0) -> 57.5 | G88: =E88*F88 -> 57.5 | H88: =VLOOKUP(B88,[1]!Table3[[Part Number]:[GQP CAD $]],5,0) -> 21.85 | I88: =ROUND(E88*H88,2) -> 21.85
B89: 1R-0713 | C89: =VLOOKUP(B89,[1]!Table3[[Part Number]:[Make and Model]],2,0) -> CAT D3 (1PJ) | D89: =VLOOKUP(B89,[1]!Table3[[Part Number]:[Part Description]],3,0) -> ENGINE OIL FILTER | E89: =VLOOKUP(B89,'[1]Product by Part Number'!$A:$J,10,0) -> 1 | F89: =VLOOKUP(B89,[1]!Table3[[Part Number]:[OEM CAD $]],4,0) -> 27.68 | G89: =E89*F89 -> 27.68 | H89: =VLOOKUP(B89,[1]!Table3[[Part Number]:[GQP CAD $]],5,0) -> 10.52 | I89: =ROUND(E89*H89,2) -> 10.52
B90: 1R0749 | C90: =VLOOKUP(B90,[1]!Table3[[Part Number]:[Make and Model]],2,0) -> CAT 561N (CPH) CAT 561N (CPH) (2) CAT 561N (CPH) (3) CAT 561N (CPH) (4) CAT 561N (CPH) (5) | D90: =VLOOKUP(B90,[1]!Table3[[Part Number]:[Part Description]],3,0) -> FUEL FILTER | E90: =VLOOKUP(B90,'[1]Product by Part Number'!$A:$J,10,0) -> 10 | F90: =VLOOKUP(B90,[1]!Table3[[Part Number]:[OEM CAD $]],4,0) -> 51.52 | G90: =E90*F90 -> 515.2 | H90: =VLOOKUP(B90,[1]!Table3[[Part Number]:[GQP CAD $]],5,0) -> 19.58 | I90: =ROUND(E90*H90,2) -> 195.8
B91: 1R-0749 | C91: =VLOOKUP(B91,[1]!Table3[[Part Number]:[Make and Model]],2,0) -> CAT 336F L (RKB) CAT D6 (RDC) CAT D6T (MH7) | D91: =VLOOKUP(B91,[1]!Table3[[Part Number]:[Part Description]],3,0) -> FUEL FILTER | E91: =VLOOKUP(B91,'[1]Product by Part Number'!$A:$J,10,0) -> 6 | F91: =VLOOKUP(B91,[1]!Table3[[Part Number]:[OEM CAD $]],4,0) -> 51.52 | G91: =E91*F91 -> 309.12 | H91: =VLOOKUP(B91,[1]!Table3[[Part Number]:[GQP CAD $]],5,0) -> 19.58 | I91: =ROUND(E91*H91,2) -> 117.48
B92: 1R0750 | C92: =VLOOKUP(B92,[1]!Table3[[Part Number]:[Make and Model]],2,0) -> CAT D4 (66J) | D92: =VLOOKUP(B92,[1]!Table3[[Part Number]:[Part Description]],3,0) -> SECONDARY FUEL FILTER | E92: =VLOOKUP(B92,'[1]Product by Part Number'!$A:$J,10,0) -> 1 | F92: =VLOOKUP(B92,[1]!Table3[[Part Number]:[OEM CAD $]],4,0) -> 42.69 | G92: =E92*F92 -> 42.69 | H92: =VLOOKUP(B92,[1]!Table3[[Part Number]:[GQP CAD $]],5,0) -> 16.22 | I92: =ROUND(E92*H92,2) -> 16.22
B93: 1R-0750 | C93: =VLOOKUP(B93,[1]!Table3[[Part Number]:[Make and Model]],2,0) -> CAT D3 (1PJ) CAT D7G (92V) CAT D7G (3ZD) CAT D7G (3ZD) (2) CAT 561 (85H) CAT 561 (92J) CAT 561 (92J) (2) | D93: =VLOOKUP(B93,[1]!Table3[[Part Number]:[Part Description]],3,0) -> FUEL FILTER | E93: =VLOOKUP(B93,'[1]Product by Part Number'!$A:$J,10,0) -> 7 | F93: =VLOOKUP(B93,[1]!Table3[[Part Number]:[OEM CAD $]],4,0) -> 42.69 | G93: =E93*F93 -> 298.83 | H93: =VLOOKUP(B93,[1]!Table3[[Part Number]:[GQP CAD $]],5,0) -> 16.22 | I93: =ROUND(E93*H93,2) -> 113.54
B94: 1R-0751 | C94: =VLOOKUP(B94,[1]!Table3[[Part Number]:[Make and Model]],2,0) -> CAT D5 (3CR) CAT D5 (3CR) (2) CAT D6N LGP (GHS) CAT 561M (1KW) CAT PL61 (WGS) CAT PL61 (WGS) (2) CAT PL61 (WGS) (3) | D94: =VLOOKUP(B94,[1]!Table3[[Part Number]:[Part Description]],3,0) -> PRIMARY FUEL FILTER | E94: =VLOOKUP(B94,'[1]Product by Part Number'!$A:$J,10,0) -> 8 | F94: =VLOOKUP(B94,[1]!Table3[[Part Number]:[OEM CAD $]],4,0) -> 47.05 | G94: =E94*F94 -> 376.4 | H94: =VLOOKUP(B94,[1]!Table3[[Part Number]:[GQP CAD $]],5,0) -> 17.88 | I94: =ROUND(E94*H94,2) -> 143.04
B95: 1R-0753 | C95: =VLOOKUP(B95,[1]!Table3[[Part Number]:[Make and Model]],2,0) -> CAT D5 (3CR) CAT D5 (3CR) (2) | D95: =VLOOKUP(B95,[1]!Table3[[Part Number]:[Part Description]],3,0) -> SECONDARY FUEL FILTER | E95: =VLOOKUP(B95,'[1]Product by Part Number'!$A:$J,10,0) -> 2 | F95: =VLOOKUP(B95,[1]!Table3[[Part Number]:[OEM CAD $]],4,0) -> 67.9 | G95: =E95*F95 -> 135.8 | H95: =VLOOKUP(B95,[1]!Table3[[Part Number]:[GQP CAD $]],5,0) -> 25.8 | I95: =ROUND(E95*H95,2) -> 51.6
B96: 1R-1807 | C96: =VLOOKUP(B96,[1]!Table3[[Part Number]:[Make and Model]],2,0) -> CAT D4 (66J) CAT D5 (3CR) CAT D5 (3CR) (2) CAT 561 (85H) CAT 561 (92J) CAT 561 (92J) (2) CAT 561M (1KW) | D96: =VLOOKUP(B96,[1]!Table3[[Part Number]:[Part Description]],3,0) -> ENGINE OIL FILTER | E96: =VLOOKUP(B96,'[1]Product by Part Number'!$A:$J,10,0) -> 7 | F96: =VLOOKUP(B96,[1]!Table3[[Part Number]:[OEM CAD $]],4,0) -> 44.09 | G96: =E96*F96 -> 308.63 | H96: =VLOOKUP(B96,[1]!Table3[[Part Number]:[GQP CAD $]],5,0) -> 16.75 | I96: =ROUND(E96*H96,2) -> 117.25
... B117: 9P-7121 | C117: =VLOOKUP(B117,[1]!Table3[[Part Number]:[Make and Model]],2,0) -> CAT D3 (1PJ) | D117: =VLOOKUP(B117,[1]!Table3[[Part Number]:[Part Description]],3,0) -> **FUEL TANK STRAINER** | E117: =VLOOKUP(B117,'[1]Product by Part Number'!$A:$J,10,0) -> 1 | F117: =VLOOKUP(B117,[1]!Table3[[Part Number]:[OEM CAD $]],4,0) -> 127.92 | G117: =E117*F117 -> 127.92 | H117: =VLOOKUP(B117,[1]!Table3[[Part Number]:[GQP CAD $]],5,0) -> 48.61 | I117: =ROUND(E117*H117,2) -> 48.61
I118: =ROUND(E118*H118,2) -> 0
I119: =ROUND(E119*H119,2) -> 0
I120: =ROUND(E120*H120,2) -> 0
I121: =ROUND(E121*H121,2) -> 0
I122: =ROUND(E122*H122,2) -> 0
I123: =ROUND(E123*H123,2) -> 0
I124: =ROUND(E124*H124,2) -> 0
I125: =ROUND(E125*H125,2) -> 0
I126: =ROUND(E126*H126,2) -> 0
H127: Subtotal | I127: =SUM(I15:I126) -> 22807.51
D128: OEM MSRP : | E128: =SUM(G15:G126) -> 57612.33 | H128: Shipping | I128: 0
D129: GQP : | E129: =SUM(I15:I126) -> 22807.51 | H129: Customs/Broker Fee | I129: 0
D130: GQP SAVINGS : | E130: =E128-E129 -> 34804.82 | H130: Total | I130: =SUM(I127:I129) -> 22807.51
H131: GST | I131: =I130*0.05 -> 1140.3755
H132: PST / QST
B133: Quote valid for 14 days, shipping subject to delays in supply chain. | H133: GRAND TOTAL | I133: =SUM(I130:I132) -> 23947.885

Sheet MOQ GET Parts
E1: MOQ QUOTE | H1: G.E.T.
B7: COMPANY: | C7: Lincoln County | E7: DATE: | F7: 45870 | H7: PO NUMBER:
B8: CONTACT NAME: | C8: 0 | E8: PHONE NUMBER:
B9: BILLING ADDRESS: | C9: 0 | E9: EMAIL ADDRESS:
C10: 0 | E10: SHIPPING ADDRESS:
C11: 0
C12: 0
F13: CAD $
B14: PART NUMBER | C14: Make & Model | D14: DESCRIPTION | E14: QTY | F14: OEM MSRP | H14: GQP PRICE | I14: TOTAL
B15: 7134153 | C15: =VLOOKUP(B15,[1]!Table3[[Part Number]:[Make and Model]],2,0) -> BOBCAT S650 (A3N) | D15: =VLOOKUP(B15,[1]!Table3[[Part Number]:[Part Description]],3,0) -> SPROCKET | E15: =VLOOKUP(B15,[1]!Table3[[Part Number]:[Annual]],11,0) -> 4 | F15: =VLOOKUP(B15,[1]!Table3[[Part Number]:[OEM CAD $]],4,0) -> 873.49 | G15: =E15*F15 -> 3493.96 | H15: =VLOOKUP(B15,[1]!Table3[[Part Number]:[GQP CAD $]],5,0) -> 436.75 | I15: =ROUND(E15*H15,2) -> 1747
B16: 7165107 | C16: =VLOOKUP(B16,[1]!Table3[[Part Number]:[Make and Model]],2,0) -> BOBCAT T750 (ANK) | D16: =VLOOKUP(B16,[1]!Table3[[Part Number]:[Part Description]],3,0) -> SPROCKET | E16: =VLOOKUP(B16,[1]!Table3[[Part Number]:[Annual]],11,0) -> 2 | F16: =VLOOKUP(B16,[1]!Table3[[Part Number]:[OEM CAD $]],4,0) -> 557.49 | G16: =E16*F16 -> 1114.98 | H16: =VLOOKUP(B16,[1]!Table3[[Part Number]:[GQP CAD $]],5,0) -> 278.75 | I16: =ROUND(E16*H16,2) -> 557.5
B17: 7165109 | C17: =VLOOKUP(B17,[1]!Table3[[Part Number]:[Make and Model]],2,0) -> BOBCAT T750 (ATF) BOBCAT T770 (AT6) BOBCAT T770 (AT6) (2) | D17: =VLOOKUP(B17,[1]!Table3[[Part Number]:[Part Description]],3,0) -> SPROCKET | E17: =VLOOKUP(B17,[1]!Table3[[Part Number]:[Annual]],11,0) -> 6 | F17: =VLOOKUP(B17,[1]!Table3[[Part Number]:[OEM CAD $]],4,0) -> 557.49 | G17: =E17*F17 -> 3344.94 | H17: =VLOOKUP(B17,[1]!Table3[[Part Number]:[GQP CAD $]],5,0) -> 278.75 | I17: =ROUND(E17*H17,2) -> 1672.5
B18: 7326129 | C18: =VLOOKUP(B18,[1]!Table3[[Part Number]:[Make and Model]],2,0) -> BOBCAT T750 (ANK) BOBCAT T750 (ATF) BOBCAT T770 (AT6) BOBCAT T770 (AT6) (2) | D18: =VLOOKUP(B18,[1]!Table3[[Part Number]:[Part Description]],3,0) -> 80" Bucket - Severe Duty | E18: =VLOOKUP(B18,[1]!Table3[[Part Number]:[Annual]],11,0) -> 4 | F18: =VLOOKUP(B18,[1]!Table3[[Part Number]:[OEM CAD $]],4,0) -> 4132.46 | G18: =E18*F18 -> 16529.84 | H18: =VLOOKUP(B18,[1]!Table3[[Part Number]:[GQP CAD $]],5,0) -> 2066.23 | I18: =ROUND(E18*H18,2) -> 8264.92
B19: 7326130 | C19: =VLOOKUP(B19,[1]!Table3[[Part Number]:[Make and Model]],2,0) -> BOBCAT S650 (A3N) | D19: =VLOOKUP(B19,[1]!Table3[[Part Number]:[Part Description]],3,0) -> 74" Bucket | E19: =VLOOKUP(B19,[1]!Table3[[Part Number]:[Annual]],11,0) -> 1 | F19: =VLOOKUP(B19,[1]!Table3[[Part Number]:[OEM CAD $]],4,0) -> 3835 | G19: =E19*F19 -> 3835 | H19: =VLOOKUP(B19,[1]!Table3[[Part Number]:[GQP CAD $]],5,0) -> 1917.5 | I19: =ROUND(E19*H19,2) -> 1917.5
B20: 114-0358 | C20: =VLOOKUP(B20,[1]!Table3[[Part Number]:[Make and Model]],2,0) -> CAT D6N LGP (PBA) CAT D6N LGP (PBA) (2) CAT D6N LGP (SGG) CAT D6N LGP (SGG) (2) CAT D6T (MH7) CAT D7G (92V) CAT D7G (3ZD) CAT D7G (3ZD) (2) | D20: =VLOOKUP(B20,[1]!Table3[[Part Number]:[Part Description]],3,0) -> GROOVED PIN | E20: =VLOOKUP(B20,[1]!Table3[[Part Number]:[Annual]],11,0) -> 18 | F20: =VLOOKUP(B20,[1]!Table3[[Part Number]:[OEM CAD $]],4,0) -> 12.96 | G20: =E20*F20 -> 233.28 | H20: =VLOOKUP(B20,[1]!Table3[[Part Number]:[GQP CAD $]],5,0) -> 4.92 | I20: =ROUND(E20*H20,2) -> 88.56
B21: 114-0359 | C21: =VLOOKUP(B21,[1]!Table3[[Part Number]:[Make and Model]],2,0) -> CAT D5 (3CR) CAT D5 (3CR) (2) CAT D6N LGP (PBA) CAT D6N LGP (PBA) (2) CAT D6N LGP (SGG) CAT D6N LGP (SGG) (2) CAT D6T (MH7) CAT D7G (92V) CAT D7G (3ZD) CAT D7G (3ZD) (2) | D21: =VLOOKUP(B21,[1]!Table3[[Part Number]:[Part Description]],3,0) -> RETAINER | E21: =VLOOKUP(B21,[1]!Table3[[Part Number]:[Annual]],11,0) -> 20 | F21: =VLOOKUP(B21,[1]!Table3[[Part Number]:[OEM CAD $]],4,0) -> 22.39 | G21: =E21*F21 -> 447.8 | H21: =VLOOKUP(B21,[1]!Table3[[Part Number]:[GQP CAD $]],5,0) -> 8.51 | I21: =ROUND(E21*H21,2) -> 170.2
B22: 135-9396 | C22: =VLOOKUP(B22,[1]!Table3[[Part Number]:[Make and Model]],2,0) -> CAT 299D (DX2) | D22: =VLOOKUP(B22,[1]!Table3[[Part Number]:[Part Description]],3,0) -> Cutting Edge | E22: =VLOOKUP(B22,[1]!Table3[[Part Number]:[Annual]],11,0) -> 1 | F22: =VLOOKUP(B22,[1]!Table3[[Part Number]:[OEM CAD $]],4,0) -> 284.42 | G22: =E22*F22 -> 284.42 | H22: =VLOOKUP(B22,[1]!Table3[[Part Number]:[GQP CAD $]],5,0) -> 142.21 | I22: =ROUND(E22*H22,2) -> 142.21
B23: 136-8308 | C23: =VLOOKUP(B23,[1]!Table3[[Part Number]:[Make and Model]],2,0) -> CAT D5 (3CR) CAT D5 (3CR) (2) | D23: =VLOOKUP(B23,[1]!Table3[[Part Number]:[Part Description]],3,0) -> RIPPER PIN | E23: =VLOOKUP(B23,[1]!Table3[[Part Number]:[Annual]],11,0) -> 2 | F23: =VLOOKUP(B23,[1]!Table3[[Part Number]:[OEM CAD $]],4,0) -> 10.35 | G23: =E23*F23 -> 20.7 | H23: =VLOOKUP(B23,[1]!Table3[[Part Number]:[GQP CAD $]],5,0) -> 3.93 | I23: =ROUND(E23*H23,2) -> 7.86
B24: 159-2953 | C24: =VLOOKUP(B24,[1]!Table3[[Part Number]:[Make and Model]],2,0) -> CAT 299D (DX2) | D24: =VLOOKUP(B24,[1]!Table3[[Part Number]:[Part Description]],3,0) -> Screw - Flat head | E24: =VLOOKUP(B24,[1]!Table3[[Part Number]:[Annual]],11,0) -> 11 | F24: =VLOOKUP(B24,[1]!Table3[[Part Number]:[OEM CAD $]],4,0) -> 4.65 | G24: =E24*F24 -> 51.15 | H24: =VLOOKUP(B24,[1]!Table3[[Part Number]:[GQP CAD $]],5,0) -> 2.33 | I24: =ROUND(E24*H24,2) -> 25.63
B25: 1U-3202 | C25: =VLOOKUP(B25,[1]!Table3[[Part Number]:[Make and Model]],2,0) -> CAT D3 (1PJ) | D25: =VLOOKUP(B25,[1]!Table3[[Part Number]:[Part Description]],3,0) -> TIP SHORT | E25: =VLOOKUP(B25,[1]!Table3[[Part Number]:[Annual]],11,0) -> 1 | F25: =VLOOKUP(B25,[1]!Table3[[Part Number]:[OEM CAD $]],4,0) -> 37.42 | G25: =E25*F25 -> 37.42 | H25: =VLOOKUP(B25,[1]!Table3[[Part Number]:[GQP CAD $]],5,0) -> 14.22 | I25: =ROUND(E25*H25,2) -> 14.22
B26: 229-6958 | C26: =VLOOKUP(B26,[1]!Table3[[Part Number]:[Make and Model]],2,0) -> CAT D6T (MH7) | D26: =VLOOKUP(B26,[1]!Table3[[Part Number]:[Part Description]],3,0) -> CUTTING EDGE | E26: =VLOOKUP(B26,[1]!Table3[[Part Number]:[Annual]],11,0) -> 8 | F26: =VLOOKUP(B26,[1]!Table3[[Part Number]:[OEM CAD $]],4,0) -> 559.01 | G26: =E26*F26 -> 4472.08 | H26: =VLOOKUP(B26,[1]!Table3[[Part Number]:[GQP CAD $]],5,0) -> 212.42 | I26: =ROUND(E26*H26,2) -> 1699.36
B27: 2J-3506 | C27: =VLOOKUP(B27,[1]!Table3[[Part Number]:[Make and Model]],2,0) -> CAT D5 (3CR) CAT D5 (3CR) (2) CAT D6N LGP (GHS) CAT D6N LGP (PBA) CAT D6N LGP (PBA) (2) CAT D6N LGP (SGG) CAT D6N LGP (SGG) (2) CAT D6T (MH7) | D27: =VLOOKUP(B27,[1]!Table3[[Part Number]:[Part Description]],3,0) -> HEX NUT | E27: =VLOOKUP(B27,[1]!Table3[[Part Number]:[Annual]],11,0) -> 888 | F27: =VLOOKUP(B27,[1]!Table3[[Part Number]:[OEM CAD $]],4,0) -> 3.65 | G27: =E27*F27 -> 3241.2 | H27: =VLOOKUP(B27,[1]!Table3[[Part Number]:[GQP CAD $]],5,0) -> 1.39 | I27: =ROUND(E27*H27,2) -> 1234.32
B28: 3B-4632 | C28: =VLOOKUP(B28,[1]!Table3[[Part Number]:[Make and Model]],2,0) -> CAT D3 (1PJ) | D28: =VLOOKUP(B28,[1]!Table3[[Part Number]:[Part Description]],3,0) -> COTTER PIN | E28: =VLOOKUP(B28,[1]!Table3[[Part Number]:[Annual]],11,0) -> 1 | F28: =VLOOKUP(B28,[1]!Table3[[Part Number]:[OEM CAD $]],4,0) -> 1.18 | G28: =E28*F28 -> 1.18 | H28: =VLOOKUP(B28,[1]!Table3[[Part Number]:[GQP CAD $]],5,0) -> 0.45 | I28: =ROUND(E28*H28,2) -> 0.45
B29: 3B-5325 | C29: =VLOOKUP(B29,[1]!Table3[[Part Number]:[Make and Model]],2,0) -> CAT D6N LGP (PBA) CAT D6N LGP (PBA) (2) CAT D6N LGP (SGG) CAT D6N LGP (SGG) (2) CAT D6T (MH7) | D29: =VLOOKUP(B29,[1]!Table3[[Part Number]:[Part Description]],3,0) -> COTTER PIN | E29: =VLOOKUP(B29,[1]!Table3[[Part Number]:[Annual]],11,0) -> 30 | F29: =VLOOKUP(B29,[1]!Table3[[Part Number]:[OEM CAD $]],4,0) -> 7.67 | G29: =E29*F29 -> 230.1 | H29: =VLOOKUP(B29,[1]!Table3[[Part Number]:[GQP CAD $]],5,0) -> 2.91 | I29: =ROUND(E29*H29,2) -> 87.3
B30: 3F-5108 | C30: =VLOOKUP(B30,[1]!Table3[[Part Number]:[Make and Model]],2,0) -> CAT D3 (1PJ) | D30: =VLOOKUP(B30,[1]!Table3[[Part Number]:[Part Description]],3,0) -> BOLT | E30: =VLOOKUP(B30,[1]!Table3[[Part Number]:[Annual]],11,0) -> 72 | F30: =VLOOKUP(B30,[1]!Table3[[Part Number]:[OEM CAD $]],4,0) -> 3.22 | G30: =E30*F30 -> 231.84 | H30: =VLOOKUP(B30,[1]!Table3[[Part Number]:[GQP CAD $]],5,0) -> 1.22 | I30: =ROUND(E30*H30,2) -> 87.84
B31: 3G-3424 | C31: =VLOOKUP(B31,[1]!Table3[[Part Number]:[Make and Model]],2,0) -> CAT D3 (1PJ) | D31: =VLOOKUP(B31,[1]!Table3[[Part Number]:[Part Description]],3,0) -> BLADE AS | E31: =VLOOKUP(B31,[1]!Table3[[Part Number]:[Annual]],11,0) -> 4 | F31: =VLOOKUP(B31,[1]!Table3[[Part Number]:[OEM CAD $]],4,0) -> 11144.2 | G31: =E31*F31 -> 44576.8 | H31: =VLOOKUP(B31,[1]!Table3[[Part Number]:[GQP CAD $]],5,0) -> 4234.8 | I31: =ROUND(E31*H31,2) -> 16939.2
... B60: CUSTOM-GQPD5ABA | C60: =VLOOKUP(B60,[1]!Table3[[Part Number]:[Make and Model]],2,0) -> CAT D5 (3CR) CAT D5 (3CR) (2) | D60: =VLOOKUP(B60,[1]!Table3[[Part Number]:[Part Description]],3,0) -> ANGLING BLADE ASSY | E60: =VLOOKUP(B60,[1]!Table3[[Part Number]:[Annual]],11,0) -> 8 | F60: =VLOOKUP(B60,[1]!Table3[[Part Number]:[OEM CAD $]],4,0) -> 16888.9 | G60: =E60*F60 -> 135111.2 | H60: =VLOOKUP(B60,[1]!Table3[[Part Number]:[GQP CAD $]],5,0) -> 6417.78 | I60: =ROUND(E60*H60,2) -> 51342.24
G61: =E61*F61 -> 0 | I61: =ROUND(E61*H61,2) -> 0
G62: =E62*F62 -> 0 | I62: =ROUND(E62*H62,2) -> 0
G63: =E63*F63 -> 0 | I63: =ROUND(E63*H63,2) -> 0
G64: =E64*F64 -> 0 | I64: =ROUND(E64*H64,2) -> 0
G65: =E65*F65 -> 0 | I65: =ROUND(E65*H65,2) -> 0
G66: =E66*F66 -> 0 | I66: =ROUND(E66*H66,2) -> 0
G67: =E67*F67 -> 0 | I67: =ROUND(E67*H67,2) -> 0
G68: =E68*F68 -> 0 | I68: =ROUND(E68*H68,2) -> 0
G69: =E69*F69 -> 0 | I69: =ROUND(E69*H69,2) -> 0
G70: =E70*F70 -> 0 | I70: =ROUND(E70*H70,2) -> 0
G71: =E71*F71 -> 0 | I71: =ROUND(E71*H71,2) -> 0
G72: =E72*F72 -> 0 | I72: =ROUND(E72*H72,2) -> 0
... G109: =E109*F109 -> 0 | I109: =ROUND(E109*H109,2) -> 0
H110: Subtotal | I110: =SUM(I15:I76) -> 126620.67
D111: OEM MSRP : | E111: =SUM(G15:G109) -> 323709.27 | H111: Shipping | I111: 0
D112: GQP : | E112: =SUM(I15:I109) -> 126620.67 | H112: Customs/Broker Fee | I112: 0
D113: GQP SAVINGS : | E113: =E111-E112 -> 197088.6 | H113: Total | I113: =SUM(I110:I112) -> 126620.67
H114: GST | I114: =I113*0.05 -> 6331.0335
H115: PST / QST
B116: Quote valid for 14 days, shipping subject to delays in supply chain. | H116: GRAND TOTAL | I116: =SUM(I113:I115) -> 132951.7

Sheet MOQ Injectors
E1: MOQ QUOTE | H1: Injectors
B7: COMPANY: | C7: Lincoln County | E7: DATE: | F7: 45870 | H7: PO NUMBER:
B8: CONTACT NAME: | C8: 0 | E8: PHONE NUMBER:
B9: BILLING ADDRESS: | C9: 0 | E9: EMAIL ADDRESS:
C10: 0 | E10: SHIPPING ADDRESS:
C11: 0
C12: 0
F13: CAD $
B14: PART NUMBER | C14: Make & Model | D14: DESCRIPTION | E14: QTY | F14: OEM MSRP | H14: GQP PRICE | I14: TOTAL
B15: 6698542 | C15: =VLOOKUP(B15,'[1]Product by Part Number'!$A:$B,2,0) -> BOBCAT T750 (ANK) | D15: =VLOOKUP(B15,'[1]Product by Part Number'!$A:$C,3,0) -> Injector | E15: =VLOOKUP(B15,'[1]Product by Part Number'!$A:$K,11,0) -> 4 | F15: =VLOOKUP(B15,'[1]Product by Part Number'!$A:$D,4,0) -> 706.99 | G15: =E15*F15 -> 2827.96 | H15: =VLOOKUP(B15,'[1]Product by Part Number'!$A:$E,5,0) -> 353.5 | I15: =ROUND(E15*H15,2) -> 1414
B16: 7008498 | C16: =VLOOKUP(B16,'[1]Product by Part Number'!$A:$B,2,0) -> BOBCAT S650 (A3N) | D16: =VLOOKUP(B16,'[1]Product by Part Number'!$A:$C,3,0) -> Injector | E16: =VLOOKUP(B16,'[1]Product by Part Number'!$A:$K,11,0) -> 4 | F16: =VLOOKUP(B16,'[1]Product by Part Number'!$A:$D,4,0) -> 893.49 | G16: =E16*F16 -> 3573.96 | H16: =VLOOKUP(B16,'[1]Product by Part Number'!$A:$E,5,0) -> 446.75 | I16: =ROUND(E16*H16,2) -> 1787
B17: 7485369 | C17: =VLOOKUP(B17,'[1]Product by Part Number'!$A:$B,2,0) -> BOBCAT T750 (ATF) | D17: =VLOOKUP(B17,'[1]Product by Part Number'!$A:$C,3,0) -> Injector | E17: =VLOOKUP(B17,'[1]Product by Part Number'!$A:$K,11,0) -> 4 | F17: =VLOOKUP(B17,'[1]Product by Part Number'!$A:$D,4,0) -> 1626.49 | G17: =E17*F17 -> 6505.96 | H17: =VLOOKUP(B17,'[1]Product by Part Number'!$A:$E,5,0) -> 813.25 | I17: =ROUND(E17*H17,2) -> 3253
B18: 7516846 | C18: =VLOOKUP(B18,'[1]Product by Part Number'!$A:$B,2,0) -> BOBCAT T770 (AT6) BOBCAT T770 (AT6) (2) | D18: =VLOOKUP(B18,'[1]Product by Part Number'!$A:$C,3,0) -> Injector | E18: =VLOOKUP(B18,'[1]Product by Part Number'!$A:$K,11,0) -> 8 | F18: =VLOOKUP(B18,'[1]Product by Part Number'!$A:$D,4,0) -> 955.49 | G18: =E18*F18 -> 7643.92 | H18: =VLOOKUP(B18,'[1]Product by Part Number'!$A:$E,5,0) -> 477.75 | I18: =ROUND(E18*H18,2) -> 3822
B19: 127-8216 | C19: =VLOOKUP(B19,'[1]Product by Part Number'!$A:$B,2,0) -> CAT D5 (3CR) CAT D5 (3CR) (2) CAT 561M (1KW) | D19: =VLOOKUP(B19,'[1]Product by Part Number'!$A:$C,3,0) -> FUEL INJECTOR | E19: =VLOOKUP(B19,'[1]Product by Part Number'!$A:$K,11,0) -> 18 | F19: =VLOOKUP(B19,'[1]Product by Part Number'!$A:$D,4,0) -> 914.54 | G19: =E19*F19 -> 16461.72 | H19: =VLOOKUP(B19,'[1]Product by Part Number'!$A:$E,5,0) -> 457.27 | I19: =ROUND(E19*H19,2) -> 8230.86
B20: 178-6342 | C20: =VLOOKUP(B20,'[1]Product by Part Number'!$A:$B,2,0) -> CAT 561N (CPH) CAT 561N (CPH) (2) CAT 561N (CPH) (3) CAT 561N (CPH) (4) CAT 561N (CPH) (5) | D20: =VLOOKUP(B20,'[1]Product by Part Number'!$A:$C,3,0) -> INJECTROR | E20: =VLOOKUP(B20,'[1]Product by Part Number'!$A:$K,11,0) -> 30 | F20: =VLOOKUP(B20,'[1]Product by Part Number'!$A:$D,4,0) -> 1817.71 | G20: =E20*F20 -> 54531.3 | H20: =VLOOKUP(B20,'[1]Product by Part Number'!$A:$E,5,0) -> 908.86 | I20: =ROUND(E20*H20,2) -> 27265.8
B21: 320-0690 | C21: =VLOOKUP(B21,'[1]Product by Part Number'!$A:$B,2,0) -> CAT D6N LGP (GHS) | D21: =VLOOKUP(B21,'[1]Product by Part Number'!$A:$C,3,0) -> FUEL INJECTOR | E21: =VLOOKUP(B21,'[1]Product by Part Number'!$A:$K,11,0) -> 6 | F21: =VLOOKUP(B21,'[1]Product by Part Number'!$A:$D,4,0) -> 1132.93 | G21: =E21*F21 -> 6797.58 | H21: =VLOOKUP(B21,'[1]Product by Part Number'!$A:$E,5,0) -> 566.47 | I21: =ROUND(E21*H21,2) -> 3398.82
B22: 321-3600 | C22: =VLOOKUP(B22,'[1]Product by Part Number'!$A:$B,2,0) -> CAT D4 (66J) | D22: =VLOOKUP(B22,'[1]Product by Part Number'!$A:$C,3,0) -> FUEL INJECTOR | E22: =VLOOKUP(B22,'[1]Product by Part Number'!$A:$K,11,0) -> 6 | F22: =VLOOKUP(B22,'[1]Product by Part Number'!$A:$D,4,0) -> 1138.6 | G22: =E22*F22 -> 6831.6 | H22: =VLOOKUP(B22,'[1]Product by Part Number'!$A:$E,5,0) -> 569.3 | I22: =ROUND(E22*H22,2) -> 3415.8
B23: 370-7280 | C23: =VLOOKUP(B23,'[1]Product by Part Number'!$A:$B,2,0) -> CAT 320F L (YBM) CAT 320 (HEX) CAT 329E L (ZCD) | D23: =VLOOKUP(B23,'[1]Product by Part Number'!$A:$C,3,0) -> FUEL INJECTOR | E23: =VLOOKUP(B23,'[1]Product by Part Number'!$A:$K,11,0) -> 14 | F23: =VLOOKUP(B23,'[1]Product by Part Number'!$A:$D,4,0) -> 1474.09 | G23: =E23*F23 -> 20637.26 | H23: =VLOOKUP(B23,'[1]Product by Part Number'!$A:$E,5,0) -> 737.05 | I23: =ROUND(E23*H23,2) -> 10318.7
B24: 383-0544 | C24: =VLOOKUP(B24,'[1]Product by Part Number'!$A:$B,2,0) -> CAT 303.5E | D24: =VLOOKUP(B24,'[1]Product by Part Number'!$A:$C,3,0) -> FUEL INJECTOR NOZZLE | E24: =VLOOKUP(B24,'[1]Product by Part Number'!$A:$K,11,0) -> 3 | F24: =VLOOKUP(B24,'[1]Product by Part Number'!$A:$D,4,0) -> 974.18 | G24: =E24*F24 -> 2922.54 | H24: =VLOOKUP(B24,'[1]Product by Part Number'!$A:$E,5,0) -> 487.09 | I24: =ROUND(E24*H24,2) -> 1461.27
B25: 456-3509 | C25: =VLOOKUP(B25,'[1]Product by Part Number'!$A:$B,2,0) -> CAT 336F L (RKB) CAT D6T (MH7) | D25: =VLOOKUP(B25,'[1]Product by Part Number'!$A:$C,3,0) -> FUEL INJECTOR | E25: =VLOOKUP(B25,'[1]Product by Part Number'!$A:$K,11,0) -> 12 | F25: =VLOOKUP(B25,'[1]Product by Part Number'!$A:$D,4,0) -> 1474.09 | G25: =E25*F25 -> 17689.08 | H25: =VLOOKUP(B25,'[1]Product by Part Number'!$A:$E,5,0) -> 737.05 | I25: =ROUND(E25*H25,2) -> 8844.6
B26: 482-8434 | C26: =VLOOKUP(B26,'[1]Product by Part Number'!$A:$B,2,0) -> CAT 299D (DX2) | D26: =VLOOKUP(B26,'[1]Product by Part Number'!$A:$C,3,0) -> Injector | E26: =VLOOKUP(B26,'[1]Product by Part Number'!$A:$K,11,0) -> 4 | F26: =VLOOKUP(B26,'[1]Product by Part Number'!$A:$D,4,0) -> 1852.34 | G26: =E26*F26 -> 7409.36 | H26: =VLOOKUP(B26,'[1]Product by Part Number'!$A:$E,5,0) -> 926.17 | I26: =ROUND(E26*H26,2) -> 3704.68
B27: 553-8167 | C27: =VLOOKUP(B27,'[1]Product by Part Number'!$A:$B,2,0) -> CAT D3 (1PJ) | D27: =VLOOKUP(B27,'[1]Product by Part Number'!$A:$C,3,0) -> FUEL INJECTOR | E27: =VLOOKUP(B27,'[1]Product by Part Number'!$A:$K,11,0) -> 4 | F27: =VLOOKUP(B27,'[1]Product by Part Number'!$A:$D,4,0) -> 1132.93 | G27: =E27*F27 -> 4531.72 | H27: =VLOOKUP(B27,'[1]Product by Part Number'!$A:$E,5,0) -> 566.47 | I27: =ROUND(E27*H27,2) -> 2265.88
B28: 571-0940 | C28: =VLOOKUP(B28,'[1]Product by Part Number'!$A:$B,2,0) -> CAT 320 (MYK) CAT 320 (MYK) (2) | D28: =VLOOKUP(B28,'[1]Product by Part Number'!$A:$C,3,0) -> FUEL INJECTOR | E28: =VLOOKUP(B28,'[1]Product by Part Number'!$A:$K,11,0) -> 8 | F28: =VLOOKUP(B28,'[1]Product by Part Number'!$A:$D,4,0) -> 1132.88 | G28: =E28*F28 -> 9063.04 | H28: =VLOOKUP(B28,'[1]Product by Part Number'!$A:$E,5,0) -> 566.44 | I28: =ROUND(E28*H28,2) -> 4531.52
B29: 610-2300 | C29: =VLOOKUP(B29,'[1]Product by Part Number'!$A:$B,2,0) -> CAT 320E L (WBK) CAT 320E L (WBK) (2) CAT 329F L (ERL) CAT 329F L (ERL) (2) CAT 330F L (MBX) CAT 330F L (HCK) CAT 330F L (HCK) (2) CAT 330 (LHW) CAT 330 (LHW) (2) CAT 330 (LHW) (3) CAT 330 (LHW) (4) CAT 330 (WCH) CAT 330 (WCH) (2) CAT 330 (WCH) (3) CAT 330 (WCH) (4) CAT 330 (WCH) (5) CAT 330 (WCH) (6) CAT D6N LGP (PBA) CAT D6N LGP (PBA) (2) CAT D6N LGP (SGG) CAT D6N LGP (SGG) (2) | D29: =VLOOKUP(B29,'[1]Product by Part Number'!$A:$C,3,0) -> FUEL INJECTOR | E29: =VLOOKUP(B29,'[1]Product by Part Number'!$A:$K,11,0) -> 126 | F29: =VLOOKUP(B29,'[1]Product by Part Number'!$A:$D,4,0) -> 1474.09 | G29: =E29*F29 -> 185735.34 | H29: =VLOOKUP(B29,'[1]Product by Part Number'!$A:$E,5,0) -> 737.05 | I29: =ROUND(E29*H29,2) -> 92868.3
B30: 617-1913 | C30: =VLOOKUP(B30,'[1]Product by Part Number'!$A:$B,2,0) -> CAT D6 (RDC) | D30: =VLOOKUP(B30,'[1]Product by Part Number'!$A:$C,3,0) -> INJECTOR | E30: =VLOOKUP(B30,'[1]Product by Part Number'!$A:$K,11,0) -> 6 | F30: =VLOOKUP(B30,'[1]Product by Part Number'!$A:$D,4,0) -> 1423.26 | G30: =E30*F30 -> 8539.56 | H30: =VLOOKUP(B30,'[1]Product by Part Number'!$A:$E,5,0) -> 711.63 | I30: =ROUND(E30*H30,2) -> 4269.78
... B32: 8N-8796 | C32: =VLOOKUP(B32,'[1]Product by Part Number'!$A:$B,2,0) -> CAT 561 (85H) CAT 561 (92J) CAT 561 (92J) (2) | D32: =VLOOKUP(B32,'[1]Product by Part Number'!$A:$C,3,0) -> FUEL INJECTOR | E32: =VLOOKUP(B32,'[1]Product by Part Number'!$A:$K,11,0) -> 18 | F32: =VLOOKUP(B32,'[1]Product by Part Number'!$A:$D,4,0) -> 167.77 | G32: =E32*F32 -> 3019.86 | H32: =VLOOKUP(B32,'[1]Product by Part Number'!$A:$E,5,0) -> 83.89 | I32: =ROUND(E32*H32,2) -> 1510.02
G33: =E33*F33 -> 0 | I33: =ROUND(E33*H33,2) -> 0
G34: =E34*F34 -> 0 | I34: =ROUND(E34*H34,2) -> 0
G35: =E35*F35 -> 0 | I35: =ROUND(E35*H35,2) -> 0
G36: =E36*F36 -> 0 | I36: =ROUND(E36*H36,2) -> 0
I37: =ROUND(E37*H37,2) -> 0
I38: =ROUND(E38*H38,2) -> 0
I39: =ROUND(E39*H39,2) -> 0
I40: =ROUND(E40*H40,2) -> 0
I41: =ROUND(E41*H41,2) -> 0
I42: =ROUND(E42*H42,2) -> 0
I43: =ROUND(E43*H43,2) -> 0
I44: =ROUND(E44*H44,2) -> 0
I45: =ROUND(E45*H45,2) -> 0
I46: =ROUND(E46*H46,2) -> 0
I47: =ROUND(E47*H47,2) -> 0
I48: =ROUND(E48*H48,2) -> 0
... I72: =ROUND(E72*H72,2) -> 0
H73: Subtotal | I73: =SUM(I15:I72) -> 186869.41
D74: OEM MSRP : | E74: =SUM(G15:G72) -> 373736.34 | H74: Shipping | I74: 0
D75: GQP : | E75: =SUM(I15:I72) -> 186869.41 | H75: Customs/Broker Fee | I75: 0
D76: GQP SAVINGS : | E76: =E74-E75 -> 186866.93 | H76: Total | I76: =SUM(I73:I75) -> 186869.41
H77: GST | I77: =I76*0.05 -> 9343.4705
H78: PST / QST
B79: Quote valid for 14 days, shipping subject to delays in supply chain. | H79: GRAND TOTAL | I79: =SUM(I76:I78) -> 196212.88

Sheet MOQ Operator Seats
E1: MOQ QUOTE | H1: Seats
B7: COMPANY: | C7: Enoch | E7: DATE: | F7: 45444 | H7: PO NUMBER:
B8: CONTACT NAME: | C8: 0 | E8: PHONE NUMBER:
B9: BILLING ADDRESS: | C9: 0 | E9: EMAIL ADDRESS:
C10: 0 | E10: SHIPPING ADDRESS:
C11: 0
C12: 0
F13: CAD $
B14: PART NUMBER | C14: Make & Model | D14: DESCRIPTION | E14: QTY | F14: OEM MSRP | H14: GQP PRICE | I14: TOTAL
B15: 316-8889 | C15: =VLOOKUP(B15,'[1]Product by Part Number'!$A:$B,2,0) -> CAT 329F L (ERL) CAT 329F L (ERL) (2) | D15: =VLOOKUP(B15,'[1]Product by Part Number'!$A:$C,3,0) -> SEAT ASSEMBLY | E15: =VLOOKUP(B15,'[1]Product by Part Number'!$A:$K,11,0) -> 2 | F15: =VLOOKUP(B15,'[1]Product by Part Number'!$A:$D,4,0) -> 3384.84 | G15: =E15*F15 -> 6769.68 | H15: =VLOOKUP(B15,'[1]Product by Part Number'!$A:$E,5,0) -> 1692.42 | I15: =ROUND(E15*H15,2) -> 3384.84
B16: 316-8894 | C16: =VLOOKUP(B16,'[1]Product by Part Number'!$A:$B,2,0) -> CAT 329F L (ERL) CAT 329F L (ERL) (2) | D16: =VLOOKUP(B16,'[1]Product by Part Number'!$A:$C,3,0) -> SEAT SUSPENSION ASSEMBLY | E16: =VLOOKUP(B16,'[1]Product by Part Number'!$A:$K,11,0) -> 2 | F16: =VLOOKUP(B16,'[1]Product by Part Number'!$A:$D,4,0) -> 3739.65 | G16: =E16*F16 -> 7479.3 | H16: =VLOOKUP(B16,'[1]Product by Part Number'!$A:$E,5,0) -> 1869.83 | I16: =ROUND(E16*H16,2) -> 3739.66
B17: 316-8895 | C17: =VLOOKUP(B17,'[1]Product by Part Number'!$A:$B,2,0) -> CAT 320F L (YBM) CAT 329E L (ZCD) CAT 330F L (MBX) CAT 330F L (HCK) CAT 330F L (HCK) (2) CAT 336F L (RKB) | D17: =VLOOKUP(B17,'[1]Product by Part Number'!$A:$C,3,0) -> SEAT SUSPENSION ASSEMBLY | E17: =VLOOKUP(B17,'[1]Product by Part Number'!$A:$K,11,0) -> 6 | F17: =VLOOKUP(B17,'[1]Product by Part Number'!$A:$D,4,0) -> 4369.08 | G17: =E17*F17 -> 26214.48 | H17: =VLOOKUP(B17,'[1]Product by Part Number'!$A:$E,5,0) -> 2184.54 | I17: =ROUND(E17*H17,2) -> 13107.24
B18: 384-5674 | C18: =VLOOKUP(B18,'[1]Product by Part Number'!$A:$B,2,0) -> CAT 303.5E | D18: =VLOOKUP(B18,'[1]Product by Part Number'!$A:$C,3,0) -> SUSPENSION SEAT ASSEMBLY | E18: =VLOOKUP(B18,'[1]Product by Part Number'!$A:$K,11,0) -> 1 | F18: =VLOOKUP(B18,'[1]Product by Part Number'!$A:$D,4,0) -> 3786.04 | G18: =E18*F18 -> 3786.04 | H18: =VLOOKUP(B18,'[1]Product by Part Number'!$A:$E,5,0) -> 1893.02 | I18: =ROUND(E18*H18,2) -> 1893.02
B19: 432-8929 | C19: =VLOOKUP(B19,'[1]Product by Part Number'!$A:$B,2,0) -> CAT 299D (DX2) | D19: =VLOOKUP(B19,'[1]Product by Part Number'!$A:$C,3,0) -> Suspension GP - Seat | E19: =VLOOKUP(B19,'[1]Product by Part Number'!$A:$K,11,0) -> 1 | F19: =VLOOKUP(B19,'[1]Product by Part Number'!$A:$D,4,0) -> 2811.32 | G19: =E19*F19 -> 2811.32 | H19: =VLOOKUP(B19,'[1]Product by Part Number'!$A:$E,5,0) -> 1405.66 | I19: =ROUND(E19*H19,2) -> 1405.66
B20: 488-6511 | C20: =VLOOKUP(B20,'[1]Product by Part Number'!$A:$B,2,0) -> CAT 320 (HEX) CAT 320 (MYK) CAT 320 (MYK) (2) CAT 330 (LHW) CAT 330 (LHW) (2) CAT 330 (LHW) (3) CAT 330 (LHW) (4) CAT 330 (WCH) CAT 330 (WCH) (2) CAT 330 (WCH) (3) CAT 330 (WCH) (4) CAT 330 (WCH) (5) CAT 330 (WCH) (6) | D20: =VLOOKUP(B20,'[1]Product by Part Number'!$A:$C,3,0) -> SUSPENSION SEAT ASSEMBLY | E20: =VLOOKUP(B20,'[1]Product by Part Number'!$A:$K,11,0) -> 13 | F20: =VLOOKUP(B20,'[1]Product by Part Number'!$A:$D,4,0) -> 8493.36 | G20: =E20*F20 -> 110413.68 | H20: =VLOOKUP(B20,'[1]Product by Part Number'!$A:$E,5,0) -> 4246.68 | I20: =ROUND(E20*H20,2) -> 55206.84
B21: 494-0057 | C21: =VLOOKUP(B21,'[1]Product by Part Number'!$A:$B,2,0) -> CAT 320F L (YBM) CAT 329E L (ZCD) CAT 330F L (MBX) CAT 330F L (HCK) CAT 330F L (HCK) (2) CAT 336F L (RKB) | D21: =VLOOKUP(B21,'[1]Product by Part Number'!$A:$C,3,0) -> OPERATOR SEAT ASSEMBLY | E21: =VLOOKUP(B21,'[1]Product by Part Number'!$A:$K,11,0) -> 6 | F21: =VLOOKUP(B21,'[1]Product by Part Number'!$A:$D,4,0) -> 4161.44 | G21: =E21*F21 -> 24968.64 | H21: =VLOOKUP(B21,'[1]Product by Part Number'!$A:$E,5,0) -> 2080.72 | I21: =ROUND(E21*H21,2) -> 12484.32
B22: 526-7416 | C22: =VLOOKUP(B22,'[1]Product by Part Number'!$A:$B,2,0) -> CAT 561N (CPH) CAT 561N (CPH) (2) CAT 561N (CPH) (3) CAT 561N (CPH) (4) CAT 561N (CPH) (5) | D22: =VLOOKUP(B22,'[1]Product by Part Number'!$A:$C,3,0) -> SEAT ASSY | E22: =VLOOKUP(B22,'[1]Product by Part Number'!$A:$K,11,0) -> 5 | F22: =VLOOKUP(B22,'[1]Product by Part Number'!$A:$D,4,0) -> 2482.65 | G22: =E22*F22 -> 12413.25 | H22: =VLOOKUP(B22,'[1]Product by Part Number'!$A:$E,5,0) -> 1241.33 | I22: =ROUND(E22*H22,2) -> 6206.65
I23: =ROUND(E23*H23,2) -> 0
I24: =ROUND(E24*H24,2) -> 0
I25: =ROUND(E25*H25,2) -> 0
I26: =ROUND(E26*H26,2) -> 0
I27: =ROUND(E27*H27,2) -> 0
I28: =ROUND(E28*H28,2) -> 0
I29: =ROUND(E29*H29,2) -> 0
I30: =ROUND(E30*H30,2) -> 0
I31: =ROUND(E31*H31,2) -> 0
I32: =ROUND(E32*H32,2) -> 0
I33: =ROUND(E33*H33,2) -> 0
I34: =ROUND(E34*H34,2) -> 0
... I56: =ROUND(E56*H56,2) -> 0
H57: Subtotal | I57: =SUM(I15:I56) -> 97428.23
D58: OEM MSRP : | E58: =SUM(G15:G56) -> 194856.39 | H58: Shipping | I58: 0
D59: GQP : | E59: =SUM(I15:I56) -> 97428.23 | H59: Customs/Broker Fee | I59: 0
D60: GQP SAVINGS : | E60: =E58-E59 -> 97428.16 | H60: Total | I60: =SUM(I57:I59) -> 97428.23
H61: GST | I61: =I60*0.05 -> 4871.4115
H62: PST / QST
B63: Quote valid for 14 days, shipping subject to delays in supply chain. | H63: GRAND TOTAL | I63: =SUM(I60:I62) -> 102299.64

Sheet MOQ Tires
E1: MOQ QUOTE | H1: Injectors
B7: COMPANY: | C7: Lincoln County | E7: DATE: | F7: 45870 | H7: PO NUMBER:
B8: CONTACT NAME: | C8: 0 | E8: PHONE NUMBER:
B9: BILLING ADDRESS: | C9: 0 | E9: EMAIL ADDRESS:
C10: 0 | E10: SHIPPING ADDRESS:
C11: 0
C12: 0
F13: CAD $
B14: PART NUMBER | C14: Make & Model | D14: DESCRIPTION | E14: QTY | F14: OEM MSRP | H14: GQP PRICE | I14: TOTAL
B15: 6730108 | C15: =VLOOKUP(B15,'[1]Product by Part Number'!$A:$B,2,0) -> BOBCAT S650 (A3N) | D15: =VLOOKUP(B15,'[1]Product by Part Number'!$A:$C,3,0) -> Tires - 12x16.5 | E15: =VLOOKUP(B15,'[1]Product by Part Number'!$A:$K,11,0) -> 4 | F15: =VLOOKUP(B15,'[1]Product by Part Number'!$A:$D,4,0) -> 728.49 | G15: =E15*F15 -> 2913.96 | H15: =VLOOKUP(B15,'[1]Product by Part Number'!$A:$E,5,0) -> 364.25 | I15: =ROUND(E15*H15,2) -> 1457
G16: =E16*F16 -> 0 | I16: =ROUND(E16*H16,2) -> 0
G17: =E17*F17 -> 0 | I17: =ROUND(E17*H17,2) -> 0
G18: =E18*F18 -> 0 | I18: =ROUND(E18*H18,2) -> 0
G19: =E19*F19 -> 0 | I19: =ROUND(E19*H19,2) -> 0
G20: =E20*F20 -> 0 | I20: =ROUND(E20*H20,2) -> 0
G21: =E21*F21 -> 0 | I21: =ROUND(E21*H21,2) -> 0
G22: =E22*F22 -> 0 | I22: =ROUND(E22*H22,2) -> 0
G23: =E23*F23 -> 0 | I23: =ROUND(E23*H23,2) -> 0
G24: =E24*F24 -> 0 | I24: =ROUND(E24*H24,2) -> 0
G25: =E25*F25 -> 0 | I25: =ROUND(E25*H25,2) -> 0
G26: =E26*F26 -> 0 | I26: =ROUND(E26*H26,2) -> 0
G27: =E27*F27 -> 0 | I27: =ROUND(E27*H27,2) -> 0
... G36: =E36*F36 -> 0 | I36: =ROUND(E36*H36,2) -> 0
I37: =ROUND(E37*H37,2) -> 0
I38: =ROUND(E38*H38,2) -> 0
I39: =ROUND(E39*H39,2) -> 0
I40: =ROUND(E40*H40,2) -> 0
I41: =ROUND(E41*H41,2) -> 0
I42: =ROUND(E42*H42,2) -> 0
I43: =ROUND(E43*H43,2) -> 0
I44: =ROUND(E44*H44,2) -> 0
I45: =ROUND(E45*H45,2) -> 0
I46: =ROUND(E46*H46,2) -> 0
I47: =ROUND(E47*H47,2) -> 0
I48: =ROUND(E48*H48,2) -> 0
... I72: =ROUND(E72*H72,2) -> 0
H73: Subtotal | I73: =SUM(I15:I72) -> 1457
D74: OEM MSRP : | E74: =SUM(G15:G72) -> 2913.96 | H74: Shipping | I74: 0
D75: GQP : | E75: =SUM(I15:I72) -> 1457 | H75: Customs/Broker Fee | I75: 0
D76: GQP SAVINGS : | E76: =E74-E75 -> 1456.96 | H76: Total | I76: =SUM(I73:I75) -> 1457
H77: GST | I77: =I76*0.05 -> 72.85
H78: PST / QST
B79: Quote valid for 14 days, shipping subject to delays in supply chain. | H79: GRAND TOTAL | I79: =SUM(I76:I78) -> 1529.85

Sheet MOQ Turbos
E1: MOQ QUOTE | H1: Turbos
B7: COMPANY: | C7: Lincoln County | E7: DATE: | F7: ='MOQ Grand Total'!F7 -> 45870 | H7: PO NUMBER: | I7: ='MOQ Grand Total'!I7
B8: CONTACT NAME: | C8: ='MOQ Grand Total'!C8 -> 0 | E8: PHONE NUMBER: | H8: ='MOQ Grand Total'!H8
B9: BILLING ADDRESS: | C9: ='MOQ Grand Total'!C9 -> 0 | E9: EMAIL ADDRESS: | H9: ='MOQ Grand Total'!H9
C10: ='MOQ Grand Total'!C10 -> 0 | E10: SHIPPING ADDRESS: | H10: ='MOQ Grand Total'!H10
C11: ='MOQ Grand Total'!C11 -> 0 | H11: ='MOQ Grand Total'!H11
C12: ='MOQ Grand Total'!C12 -> 0 | H12: ='MOQ Grand Total'!H12
F13: CAD $
B14: PART NUMBER | C14: Make & Model | D14: DESCRIPTION | E14: QTY | F14: OEM MSRP | H14: GQP PRICE | I14: TOTAL
B15: 7008469 | C15: =VLOOKUP(B15,'[1]Product by Part Number'!$A:$B,2,0) -> BOBCAT S650 (A3N) | D15: =VLOOKUP(B15,'[1]Product by Part Number'!$A:$C,3,0) -> Turbocharger AS | E15: =VLOOKUP(B15,'[1]Product by Part Number'!$A:$K,11,0) -> 1 | F15: =VLOOKUP(B15,'[1]Product by Part Number'!$A:$D,4,0) -> 3921.49 | G15: =E15*F15 -> 3921.49 | H15: =VLOOKUP(B15,'[1]Product by Part Number'!$A:$E,5,0) -> 1960.75 | I15: =ROUND(E15*H15,2) -> 1960.75
B16: 7017202 | C16: =VLOOKUP(B16,'[1]Product by Part Number'!$A:$B,2,0) -> BOBCAT T750 (ANK) | D16: =VLOOKUP(B16,'[1]Product by Part Number'!$A:$C,3,0) -> Turbocharger AS | E16: =VLOOKUP(B16,'[1]Product by Part Number'!$A:$K,11,0) -> 1 | F16: =VLOOKUP(B16,'[1]Product by Part Number'!$A:$D,4,0) -> 4318.99 | G16: =E16*F16 -> 4318.99 | H16: =VLOOKUP(B16,'[1]Product by Part Number'!$A:$E,5,0) -> 2159.5 | I16: =ROUND(E16*H16,2) -> 2159.5
B17: 7024308 | C17: =VLOOKUP(B17,'[1]Product by Part Number'!$A:$B,2,0) -> BOBCAT T750 (ATF) | D17: =VLOOKUP(B17,'[1]Product by Part Number'!$A:$C,3,0) -> Turbocharger AS | E17: =VLOOKUP(B17,'[1]Product by Part Number'!$A:$K,11,0) -> 1 | F17: =VLOOKUP(B17,'[1]Product by Part Number'!$A:$D,4,0) -> 4724.49 | G17: =E17*F17 -> 4724.49 | H17: =VLOOKUP(B17,'[1]Product by Part Number'!$A:$E,5,0) -> 2362.25 | I17: =ROUND(E17*H17,2) -> 2362.25
B18: 7256748 | C18: =VLOOKUP(B18,'[1]Product by Part Number'!$A:$B,2,0) -> BOBCAT T770 (AT6) BOBCAT T770 (AT6) (2) | D18: =VLOOKUP(B18,'[1]Product by Part Number'!$A:$C,3,0) -> Turbocharger AS | E18: =VLOOKUP(B18,'[1]Product by Part Number'!$A:$K,11,0) -> 2 | F18: =VLOOKUP(B18,'[1]Product by Part Number'!$A:$D,4,0) -> 2465.49 | G18: =E18*F18 -> 4930.98 | H18: =VLOOKUP(B18,'[1]Product by Part Number'!$A:$E,5,0) -> 1232.75 | I18: =ROUND(E18*H18,2) -> 2465.5
B19: 104-5857 | C19: =VLOOKUP(B19,'[1]Product by Part Number'!$A:$B,2,0) -> CAT D5 (3CR) CAT D5 (3CR) (2) CAT 561M (1KW) | D19: =VLOOKUP(B19,'[1]Product by Part Number'!$A:$C,3,0) -> TURBOCHARGER ASSEMBLY | E19: =VLOOKUP(B19,'[1]Product by Part Number'!$A:$K,11,0) -> 3 | F19: =VLOOKUP(B19,'[1]Product by Part Number'!$A:$D,4,0) -> 4677.47 | G19: =E19*F19 -> 14032.41 | H19: =VLOOKUP(B19,'[1]Product by Part Number'!$A:$E,5,0) -> 2338.74 | I19: =ROUND(E19*H19,2) -> 7016.22
B20: 187-1603 | C20: =VLOOKUP(B20,'[1]Product by Part Number'!$A:$B,2,0) -> CAT 561N (CPH) CAT 561N (CPH) (2) CAT 561N (CPH) (3) CAT 561N (CPH) (4) CAT 561N (CPH) (5) | D20: =VLOOKUP(B20,'[1]Product by Part Number'!$A:$C,3,0) -> TURBOCHARGER | E20: =VLOOKUP(B20,'[1]Product by Part Number'!$A:$K,11,0) -> 5 | F20: =VLOOKUP(B20,'[1]Product by Part Number'!$A:$D,4,0) -> 5839.53 | G20: =E20*F20 -> 29197.65 | H20: =VLOOKUP(B20,'[1]Product by Part Number'!$A:$E,5,0) -> 2919.77 | I20: =ROUND(E20*H20,2) -> 14598.85
B21: 285-3414 | C21: =VLOOKUP(B21,'[1]Product by Part Number'!$A:$B,2,0) -> CAT D4 (66J) | D21: =VLOOKUP(B21,'[1]Product by Part Number'!$A:$C,3,0) -> TURBOCHARGER ASSEMBLY | E21: =VLOOKUP(B21,'[1]Product by Part Number'!$A:$K,11,0) -> 1 | F21: =VLOOKUP(B21,'[1]Product by Part Number'!$A:$D,4,0) -> 3627.05 | G21: =E21*F21 -> 3627.05 | H21: =VLOOKUP(B21,'[1]Product by Part Number'!$A:$E,5,0) -> 1813.53 | I21: =ROUND(E21*H21,2) -> 1813.53
B22: 314-9972 | C22: =VLOOKUP(B22,'[1]Product by Part Number'!$A:$B,2,0) -> CAT D3 (1PJ) | D22: =VLOOKUP(B22,'[1]Product by Part Number'!$A:$C,3,0) -> TURBOCHARGER ASSEMBLY | E22: =VLOOKUP(B22,'[1]Product by Part Number'!$A:$K,11,0) -> 1 | F22: =VLOOKUP(B22,'[1]Product by Part Number'!$A:$D,4,0) -> 4384.51 | G22: =E22*F22 -> 4384.51 | H22: =VLOOKUP(B22,'[1]Product by Part Number'!$A:$E,5,0) -> 2192.26 | I22: =ROUND(E22*H22,2) -> 2192.26
B23: 359-0128 | C23: =VLOOKUP(B23,'[1]Product by Part Number'!$A:$B,2,0) -> CAT 329E L (ZCD) | D23: =VLOOKUP(B23,'[1]Product by Part Number'!$A:$C,3,0) -> SECONDARY TURBOCHARGER ASSEMBLY | E23: =VLOOKUP(B23,'[1]Product by Part Number'!$A:$K,11,0) -> 1 | F23: =VLOOKUP(B23,'[1]Product by Part Number'!$A:$D,4,0) -> 4722.29 | G23: =E23*F23 -> 4722.29 | H23: =VLOOKUP(B23,'[1]Product by Part Number'!$A:$E,5,0) -> 2361.15 | I23: =ROUND(E23*H23,2) -> 2361.15
B24: 421-3007 | C24: =VLOOKUP(B24,'[1]Product by Part Number'!$A:$B,2,0) -> CAT 320F L (YBM) CAT 320 (HEX) | D24: =VLOOKUP(B24,'[1]Product by Part Number'!$A:$C,3,0) -> PRIMARY TURBOCHARGER ASSEMBLY | E24: =VLOOKUP(B24,'[1]Product by Part Number'!$A:$K,11,0) -> 2 | F24: =VLOOKUP(B24,'[1]Product by Part Number'!$A:$D,4,0) -> 3725.79 | G24: =E24*F24 -> 7451.58 | H24: =VLOOKUP(B24,'[1]Product by Part Number'!$A:$E,5,0) -> 1862.9 | I24: =ROUND(E24*H24,2) -> 3725.8
B25: 424-3436 | C25: =VLOOKUP(B25,'[1]Product by Part Number'!$A:$B,2,0) -> CAT 336F L (RKB) | D25: =VLOOKUP(B25,'[1]Product by Part Number'!$A:$C,3,0) -> TURBOCHARGER ASSEMBLY | E25: =VLOOKUP(B25,'[1]Product by Part Number'!$A:$K,11,0) -> 1 | F25: =VLOOKUP(B25,'[1]Product by Part Number'!$A:$D,4,0) -> 7358.86 | G25: =E25*F25 -> 7358.86 | H25: =VLOOKUP(B25,'[1]Product by Part Number'!$A:$E,5,0) -> 3679.43 | I25: =ROUND(E25*H25,2) -> 3679.43
B26: 443-0318 | C26: =VLOOKUP(B26,'[1]Product by Part Number'!$A:$B,2,0) -> CAT 329E L (ZCD) | D26: =VLOOKUP(B26,'[1]Product by Part Number'!$A:$C,3,0) -> PRIMARY TURBOCHARGER ASSEMBLY | E26: =VLOOKUP(B26,'[1]Product by Part Number'!$A:$K,11,0) -> 1 | F26: =VLOOKUP(B26,'[1]Product by Part Number'!$A:$D,4,0) -> 3927.73 | G26: =E26*F26 -> 3927.73 | H26: =VLOOKUP(B26,'[1]Product by Part Number'!$A:$E,5,0) -> 1963.87 | I26: =ROUND(E26*H26,2) -> 1963.87
B27: 457-3636 | C27: =VLOOKUP(B27,'[1]Product by Part Number'!$A:$B,2,0) -> CAT 329F L (ERL) CAT 329F L (ERL) (2) CAT 330F L (MBX) CAT 330F L (HCK) CAT 330F L (HCK) (2) CAT 330 (LHW) CAT 330 (LHW) (2) CAT 330 (LHW) (3) CAT 330 (LHW) (4) CAT 330 (WCH) CAT 330 (WCH) (2) CAT 330 (WCH) (3) CAT 330 (WCH) (4) CAT 330 (WCH) (5) CAT 330 (WCH) (6) | D27: =VLOOKUP(B27,'[1]Product by Part Number'!$A:$C,3,0) -> PRIMARY TURBOCHARGER ASSEMBLY | E27: =VLOOKUP(B27,'[1]Product by Part Number'!$A:$K,11,0) -> 15 | F27: =VLOOKUP(B27,'[1]Product by Part Number'!$A:$D,4,0) -> 4722.29 | G27: =E27*F27 -> 70834.35 | H27: =VLOOKUP(B27,'[1]Product by Part Number'!$A:$E,5,0) -> 2361.15 | I27: =ROUND(E27*H27,2) -> 35417.25
B28: 476-1146 | C28: =VLOOKUP(B28,'[1]Product by Part Number'!$A:$B,2,0) -> CAT D6T (MH7) | D28: =VLOOKUP(B28,'[1]Product by Part Number'!$A:$C,3,0) -> TURBOCHARGER ASSEMBLY | E28: =VLOOKUP(B28,'[1]Product by Part Number'!$A:$K,11,0) -> 1 | F28: =VLOOKUP(B28,'[1]Product by Part Number'!$A:$D,4,0) -> 7083.49 | G28: =E28*F28 -> 7083.49 | H28: =VLOOKUP(B28,'[1]Product by Part Number'!$A:$E,5,0) -> 3541.75 | I28: =ROUND(E28*H28,2) -> 3541.75
B29: 482-8480 | C29: =VLOOKUP(B29,'[1]Product by Part Number'!$A:$B,2,0) -> CAT 299D (DX2) | D29: =VLOOKUP(B29,'[1]Product by Part Number'!$A:$C,3,0) -> Turbocharger AS | E29: =VLOOKUP(B29,'[1]Product by Part Number'!$A:$K,11,0) -> 1 | F29: =VLOOKUP(B29,'[1]Product by Part Number'!$A:$D,4,0) -> 750 | G29: =E29*F29 -> 750 | H29: =VLOOKUP(B29,'[1]Product by Part Number'!$A:$E,5,0) -> 375 | I29: =ROUND(E29*H29,2) -> 375
B30: 566-8180 | C30: =VLOOKUP(B30,'[1]Product by Part Number'!$A:$B,2,0) -> CAT 320 (MYK) CAT 320 (MYK) (2) | D30: =VLOOKUP(B30,'[1]Product by Part Number'!$A:$C,3,0) -> SECONDARY TURBOCHARGER ASSEMBLY | E30: =VLOOKUP(B30,'[1]Product by Part Number'!$A:$K,11,0) -> 2 | F30: =VLOOKUP(B30,'[1]Product by Part Number'!$A:$D,4,0) -> 3756.87 | G30: =E30*F30 -> 7513.74 | H30: =VLOOKUP(B30,'[1]Product by Part Number'!$A:$E,5,0) -> 1878.44 | I30: =ROUND(E30*H30,2) -> 3756.88
... B38: 8S8039 | C38: =VLOOKUP(B38,'[1]Product by Part Number'!$A:$B,2,0) -> CAT 561 (85H) CAT 561 (92J) CAT 561 (92J) (2) | D38: =VLOOKUP(B38,'[1]Product by Part Number'!$A:$C,3,0) -> TURBOCHARGER | E38: =VLOOKUP(B38,'[1]Product by Part Number'!$A:$K,11,0) -> 3 | F38: =VLOOKUP(B38,'[1]Product by Part Number'!$A:$D,4,0) -> 8878.77 | G38: =E38*F38 -> 26636.31 | H38: =VLOOKUP(B38,'[1]Product by Part Number'!$A:$E,5,0) -> 4439.39 | I38: =ROUND(E38*H38,2) -> 13318.17
I39: =ROUND(E39*H39,2) -> 0
I40: =ROUND(E40*H40,2) -> 0
I41: =ROUND(E41*H41,2) -> 0
I42: =ROUND(E42*H42,2) -> 0
I43: =ROUND(E43*H43,2) -> 0
I44: =ROUND(E44*H44,2) -> 0
I45: =ROUND(E45*H45,2) -> 0
I46: =ROUND(E46*H46,2) -> 0
I47: =ROUND(E47*H47,2) -> 0
I48: =ROUND(E48*H48,2) -> 0
I49: =ROUND(E49*H49,2) -> 0
I50: =ROUND(E50*H50,2) -> 0
... I76: =ROUND(E76*H76,2) -> 0
H77: Subtotal | I77: =SUM(I15:I76) -> 139870.27
D78: OEM MSRP : | E78: =SUM(G15:G76) -> 279740.13 | H78: Shipping | I78: 0
D79: GQP : | E79: =SUM(I15:I76) -> 139870.27 | H79: Customs/Broker Fee | I79: 0
D80: GQP SAVINGS : | E80: =E78-E79 -> 139869.86 | H80: Total | I80: =SUM(I77:I79) -> 139870.27
H81: GST | I81: =I80*0.05 -> 6993.5135
H82: PST / QST
B83: Quote valid for 14 days, shipping subject to delays in supply chain. | H83: GRAND TOTAL | I83: =SUM(I80:I82) -> 146863.78

Sheet MOQ Undercarriages
E1: MOQ QUOTE | H1: Turbos
B7: COMPANY: | C7: Lincoln County | E7: DATE: | F7: ='MOQ Grand Total'!F7 -> 45870 | H7: PO NUMBER: | I7: ='MOQ Grand Total'!I7
B8: CONTACT NAME: | C8: ='MOQ Grand Total'!C8 -> 0 | E8: PHONE NUMBER: | H8: ='MOQ Grand Total'!H8
B9: BILLING ADDRESS: | C9: ='MOQ Grand Total'!C9 -> 0 | E9: EMAIL ADDRESS: | H9: ='MOQ Grand Total'!H9
C10: ='MOQ Grand Total'!C10 -> 0 | E10: SHIPPING ADDRESS: | H10: ='MOQ Grand Total'!H10
C11: ='MOQ Grand Total'!C11 -> 0 | H11: ='MOQ Grand Total'!H11
C12: ='MOQ Grand Total'!C12 -> 0 | H12: ='MOQ Grand Total'!H12
F13: CAD $
B14: PART NUMBER | C14: Make & Model | D14: DESCRIPTION | E14: QTY | F14: OEM MSRP | H14: GQP PRICE | I14: TOTAL
B15: 6678748 | C15: =VLOOKUP(B15,[1]!Table3[[Part Number]:[Make and Model]],2,0) -> BOBCAT T750 (ANK) BOBCAT T750 (ATF) BOBCAT T770 (AT6) BOBCAT T770 (AT6) (2) | D15: =VLOOKUP(B15,[1]!Table3[[Part Number]:[Part Description]],3,0) -> Rubber Track - 320x86x55 | E15: =VLOOKUP(B15,[1]!Table3[[Part Number]:[Annual]],11,0) -> 8 | F15: =VLOOKUP(B15,[1]!Table3[[Part Number]:[OEM CAD $]],4,0) -> 2953.99 | G15: =E15*F15 -> 23631.92 | H15: =VLOOKUP(B15,[1]!Table3[[Part Number]:[GQP CAD $]],5,0) -> 1477 | I15: =ROUND(E15*H15,2) -> 11816
B16: 6689371 | C16: =VLOOKUP(B16,[1]!Table3[[Part Number]:[Make and Model]],2,0) -> BOBCAT T750 (ANK) BOBCAT T750 (ATF) | D16: =VLOOKUP(B16,[1]!Table3[[Part Number]:[Part Description]],3,0) -> Roller Assembly | E16: =VLOOKUP(B16,[1]!Table3[[Part Number]:[Annual]],11,0) -> 20 | F16: =VLOOKUP(B16,[1]!Table3[[Part Number]:[OEM CAD $]],4,0) -> 554.99 | G16: =E16*F16 -> 11099.8 | H16: =VLOOKUP(B16,[1]!Table3[[Part Number]:[GQP CAD $]],5,0) -> 277.5 | I16: =ROUND(E16*H16,2) -> 5550
B17: 6693237 | C17: =VLOOKUP(B17,[1]!Table3[[Part Number]:[Make and Model]],2,0) -> BOBCAT T750 (ANK) BOBCAT T750 (ATF) | D17: =VLOOKUP(B17,[1]!Table3[[Part Number]:[Part Description]],3,0) -> TRACK IDLER -Front | E17: =VLOOKUP(B17,[1]!Table3[[Part Number]:[Annual]],11,0) -> 4 | F17: =VLOOKUP(B17,[1]!Table3[[Part Number]:[OEM CAD $]],4,0) -> 807.49 | G17: =E17*F17 -> 3229.96 | H17: =VLOOKUP(B17,[1]!Table3[[Part Number]:[GQP CAD $]],5,0) -> 403.75 | I17: =ROUND(E17*H17,2) -> 1615
B18: 6693238 | C18: =VLOOKUP(B18,[1]!Table3[[Part Number]:[Make and Model]],2,0) -> BOBCAT T750 (ANK) BOBCAT T750 (ATF) | D18: =VLOOKUP(B18,[1]!Table3[[Part Number]:[Part Description]],3,0) -> Track Idler - Rear | E18: =VLOOKUP(B18,[1]!Table3[[Part Number]:[Annual]],11,0) -> 4 | F18: =VLOOKUP(B18,[1]!Table3[[Part Number]:[OEM CAD $]],4,0) -> 610.99 | G18: =E18*F18 -> 2443.96 | H18: =VLOOKUP(B18,[1]!Table3[[Part Number]:[GQP CAD $]],5,0) -> 305.5 | I18: =ROUND(E18*H18,2) -> 1222
B19: 7233630 | C19: =VLOOKUP(B19,[1]!Table3[[Part Number]:[Make and Model]],2,0) -> BOBCAT T770 (AT6) BOBCAT T770 (AT6) (2) | D19: =VLOOKUP(B19,[1]!Table3[[Part Number]:[Part Description]],3,0) -> Track Idler - Rear | E19: =VLOOKUP(B19,[1]!Table3[[Part Number]:[Annual]],11,0) -> 4 | F19: =VLOOKUP(B19,[1]!Table3[[Part Number]:[OEM CAD $]],4,0) -> 620.99 | G19: =E19*F19 -> 2483.96 | H19: =VLOOKUP(B19,[1]!Table3[[Part Number]:[GQP CAD $]],5,0) -> 310.5 | I19: =ROUND(E19*H19,2) -> 1242
B20: 7240006 | C20: =VLOOKUP(B20,[1]!Table3[[Part Number]:[Make and Model]],2,0) -> BOBCAT T770 (AT6) BOBCAT T770 (AT6) (2) | D20: =VLOOKUP(B20,[1]!Table3[[Part Number]:[Part Description]],3,0) -> TRACK IDLER -Front | E20: =VLOOKUP(B20,[1]!Table3[[Part Number]:[Annual]],11,0) -> 4 | F20: =VLOOKUP(B20,[1]!Table3[[Part Number]:[OEM CAD $]],4,0) -> 1001.99 | G20: =E20*F20 -> 4007.96 | H20: =VLOOKUP(B20,[1]!Table3[[Part Number]:[GQP CAD $]],5,0) -> 501 | I20: =ROUND(E20*H20,2) -> 2004
B21: 7352427 | C21: =VLOOKUP(B21,[1]!Table3[[Part Number]:[Make and Model]],2,0) -> BOBCAT T770 (AT6) BOBCAT T770 (AT6) (2) | D21: =VLOOKUP(B21,[1]!Table3[[Part Number]:[Part Description]],3,0) -> Roller Assembly | E21: =VLOOKUP(B21,[1]!Table3[[Part Number]:[Annual]],11,0) -> 20 | F21: =VLOOKUP(B21,[1]!Table3[[Part Number]:[OEM CAD $]],4,0) -> 437.99 | G21: =E21*F21 -> 8759.8 | H21: =VLOOKUP(B21,[1]!Table3[[Part Number]:[GQP CAD $]],5,0) -> 219 | I21: =ROUND(E21*H21,2) -> 4380
B22: 0S-1585 | C22: =VLOOKUP(B22,[1]!Table3[[Part Number]:[Make and Model]],2,0) -> CAT D3 (1PJ) | D22: =VLOOKUP(B22,[1]!Table3[[Part Number]:[Part Description]],3,0) -> HEX HEAD BOLT SF | E22: =VLOOKUP(B22,[1]!Table3[[Part Number]:[Annual]],11,0) -> 16 | F22: =VLOOKUP(B22,[1]!Table3[[Part Number]:[OEM CAD $]],4,0) -> 2.78 | G22: =E22*F22 -> 44.48 | H22: =VLOOKUP(B22,[1]!Table3[[Part Number]:[GQP CAD $]],5,0) -> 1.39 | I22: =ROUND(E22*H22,2) -> 22.24
B23: 0S-1594 | C23: =VLOOKUP(B23,[1]!Table3[[Part Number]:[Make and Model]],2,0) -> CAT D7G (92V) CAT D7G (3ZD) CAT D7G (3ZD) (2) | D23: =VLOOKUP(B23,[1]!Table3[[Part Number]:[Part Description]],3,0) -> CARRIER BOLT | E23: =VLOOKUP(B23,[1]!Table3[[Part Number]:[Annual]],11,0) -> 18 | F23: =VLOOKUP(B23,[1]!Table3[[Part Number]:[OEM CAD $]],4,0) -> 1.16 | G23: =E23*F23 -> 20.88 | H23: =VLOOKUP(B23,[1]!Table3[[Part Number]:[GQP CAD $]],5,0) -> 0.58 | I23: =ROUND(E23*H23,2) -> 10.44
B24: 0S-1601 | C24: =VLOOKUP(B24,[1]!Table3[[Part Number]:[Make and Model]],2,0) -> CAT 561 (85H) CAT 561 (92J) CAT 561 (92J) (2) | D24: =VLOOKUP(B24,[1]!Table3[[Part Number]:[Part Description]],3,0) -> BOLT ROLLER | E24: =VLOOKUP(B24,[1]!Table3[[Part Number]:[Annual]],11,0) -> 144 | F24: =VLOOKUP(B24,[1]!Table3[[Part Number]:[OEM CAD $]],4,0) -> 8.05 | G24: =E24*F24 -> 1159.2 | H24: =VLOOKUP(B24,[1]!Table3[[Part Number]:[GQP CAD $]],5,0) -> 4.03 | I24: =ROUND(E24*H24,2) -> 580.32
B25: 106-1642 | C25: =VLOOKUP(B25,[1]!Table3[[Part Number]:[Make and Model]],2,0) -> CAT D4 (66J) CAT D6N LGP (GHS) CAT D6N LGP (SGG) CAT D6N LGP (SGG) (2) CAT PL61 (WGS) CAT PL61 (WGS) (2) CAT PL61 (WGS) (3) | D25: =VLOOKUP(B25,[1]!Table3[[Part Number]:[Part Description]],3,0) -> TRACK BOLT MASTER | E25: =VLOOKUP(B25,[1]!Table3[[Part Number]:[Annual]],11,0) -> 28 | F25: =VLOOKUP(B25,[1]!Table3[[Part Number]:[OEM CAD $]],4,0) -> 6.66 | G25: =E25*F25 -> 186.48 | H25: =VLOOKUP(B25,[1]!Table3[[Part Number]:[GQP CAD $]],5,0) -> 3.33 | I25: =ROUND(E25*H25,2) -> 93.24
B26: 107-0719 | C26: =VLOOKUP(B26,[1]!Table3[[Part Number]:[Make and Model]],2,0) -> CAT D4 (66J) CAT D6N LGP (GHS) CAT D6N LGP (SGG) CAT D6N LGP (SGG) (2) CAT PL61 (WGS) CAT PL61 (WGS) (2) CAT PL61 (WGS) (3) | D26: =VLOOKUP(B26,[1]!Table3[[Part Number]:[Part Description]],3,0) -> TRACK BOLT MASTER | E26: =VLOOKUP(B26,[1]!Table3[[Part Number]:[Annual]],11,0) -> 28 | F26: =VLOOKUP(B26,[1]!Table3[[Part Number]:[OEM CAD $]],4,0) -> 9.23 | G26: =E26*F26 -> 258.44 | H26: =VLOOKUP(B26,[1]!Table3[[Part Number]:[GQP CAD $]],5,0) -> 4.62 | I26: =ROUND(E26*H26,2) -> 129.36
B27: 108-0946 | C27: =VLOOKUP(B27,[1]!Table3[[Part Number]:[Make and Model]],2,0) -> CAT D5 (3CR) CAT D5 (3CR) (2) CAT 561M (1KW) CAT 561N (CPH) CAT 561N (CPH) (2) CAT 561N (CPH) (3) CAT 561N (CPH) (4) CAT 561N (CPH) (5) | D27: =VLOOKUP(B27,[1]!Table3[[Part Number]:[Part Description]],3,0) -> SPROCKET SEGMENT | E27: =VLOOKUP(B27,[1]!Table3[[Part Number]:[Annual]],11,0) -> 80 | F27: =VLOOKUP(B27,[1]!Table3[[Part Number]:[OEM CAD $]],4,0) -> 177.98 | G27: =E27*F27 -> 14238.4 | H27: =VLOOKUP(B27,[1]!Table3[[Part Number]:[GQP CAD $]],5,0) -> 88.99 | I27: =ROUND(E27*H27,2) -> 7119.2
B28: 108-0954 | C28: =VLOOKUP(B28,[1]!Table3[[Part Number]:[Make and Model]],2,0) -> CAT D5 (3CR) CAT D5 (3CR) (2) CAT 561M (1KW) CAT 561N (CPH) CAT 561N (CPH) (2) CAT 561N (CPH) (3) CAT 561N (CPH) (4) CAT 561N (CPH) (5) | D28: =VLOOKUP(B28,[1]!Table3[[Part Number]:[Part Description]],3,0) -> TRACK LINK ASSEMBLY | E28: =VLOOKUP(B28,[1]!Table3[[Part Number]:[Annual]],11,0) -> 16 | F28: =VLOOKUP(B28,[1]!Table3[[Part Number]:[OEM CAD $]],4,0) -> 11935.92 | G28: =E28*F28 -> 190974.72 | H28: =VLOOKUP(B28,[1]!Table3[[Part Number]:[GQP CAD $]],5,0) -> 5967.96 | I28: =ROUND(E28*H28,2) -> 95487.36
B29: 108-1136 | C29: =VLOOKUP(B29,[1]!Table3[[Part Number]:[Make and Model]],2,0) -> CAT 561M (1KW) | D29: =VLOOKUP(B29,[1]!Table3[[Part Number]:[Part Description]],3,0) -> BLOCK IDLER | E29: =VLOOKUP(B29,[1]!Table3[[Part Number]:[Annual]],11,0) -> 8 | F29: =VLOOKUP(B29,[1]!Table3[[Part Number]:[OEM CAD $]],4,0) -> 229.89 | G29: =E29*F29 -> 1839.12 | H29: =VLOOKUP(B29,[1]!Table3[[Part Number]:[GQP CAD $]],5,0) -> 114.95 | I29: =ROUND(E29*H29,2) -> 919.6
B30: 108-1138 | C30: =VLOOKUP(B30,[1]!Table3[[Part Number]:[Make and Model]],2,0) -> CAT 561M (1KW) | D30: =VLOOKUP(B30,[1]!Table3[[Part Number]:[Part Description]],3,0) -> CAP IDLER | E30: =VLOOKUP(B30,[1]!Table3[[Part Number]:[Annual]],11,0) -> 8 | F30: =VLOOKUP(B30,[1]!Table3[[Part Number]:[OEM CAD $]],4,0) -> 166.52 | G30: =E30*F30 -> 1332.16 | H30: =VLOOKUP(B30,[1]!Table3[[Part Number]:[GQP CAD $]],5,0) -> 83.26 | I30: =ROUND(E30*H30,2) -> 666.08
B31: 110-2976 | C31: =VLOOKUP(B31,[1]!Table3[[Part Number]:[Make and Model]],2,0) -> CAT PL61 (WGS) CAT PL61 (WGS) (2) CAT PL61 (WGS) (3) | D31: =VLOOKUP(B31,[1]!Table3[[Part Number]:[Part Description]],3,0) -> TRACK LINK 39 JOINT | E31: =VLOOKUP(B31,[1]!Table3[[Part Number]:[Annual]],11,0) -> 6 | F31: =VLOOKUP(B31,[1]!Table3[[Part Number]:[OEM CAD $]],4,0) -> 8654.55 | G31: =E31*F31 -> 51927.3 | H31: =VLOOKUP(B31,[1]!Table3[[Part Number]:[GQP CAD $]],5,0) -> 4327.28 | I31: =ROUND(E31*H31,2) -> 25963.68
B32: 114-6099 | C32: =VLOOKUP(B32,[1]!Table3[[Part Number]:[Make and Model]],2,0) -> CAT 329E L (ZCD) | D32: =VLOOKUP(B32,[1]!Table3[[Part Number]:[Part Description]],3,0) -> CARRIER BOLT | E32: =VLOOKUP(B32,[1]!Table3[[Part Number]:[Annual]],11,0) -> 4 | F32: =VLOOKUP(B32,[1]!Table3[[Part Number]:[OEM CAD $]],4,0) -> 31.9 | G32: =E32*F32 -> 127.6 | H32: =VLOOKUP(B32,[1]!Table3[[Part Number]:[GQP CAD $]],5,0) -> 15.95 | I32: =ROUND(E32*H32,2) -> 63.8
B33: 115-3696 | C33: =VLOOKUP(B33,[1]!Table3[[Part Number]:[Make and Model]],2,0) -> CAT 329E L (ZCD) CAT 329F L (ERL) CAT 329F L (ERL) (2) CAT 330F L (MBX) CAT 330F L (HCK) CAT 330F L (HCK) (2) CAT 330 (LHW) CAT 330 (LHW) (2) CAT 330 (LHW) (3) CAT 330 (LHW) (4) CAT 330 (WCH) CAT 330 (WCH) (2) CAT 330 (WCH) (3) CAT 330 (WCH) (4) CAT 330 (WCH) (5) CAT 330 (WCH) (6) | D33: =VLOOKUP(B33,[1]!Table3[[Part Number]:[Part Description]],3,0) -> FRONT IDLER | E33: =VLOOKUP(B33,[1]!Table3[[Part Number]:[Annual]],11,0) -> 32 | F33: =VLOOKUP(B33,[1]!Table3[[Part Number]:[OEM CAD $]],4,0) -> 3159.07 | G33: =E33*F33 -> 101090.24 | H33: =VLOOKUP(B33,[1]!Table3[[Part Number]:[GQP CAD $]],5,0) -> 1579.54 | I33: =ROUND(E33*H33,2) -> 50545.28
... B230: CUSTOM-GQPPL6130"TG | C230: =VLOOKUP(B230,[1]!Table3[[Part Number]:[Make and Model]],2,0) -> CAT PL61 (WGS) CAT PL61 (WGS) (2) CAT PL61 (WGS) (3) | D230: =VLOOKUP(B230,[1]!Table3[[Part Number]:[Part Description]],3,0) -> 30" GQP TRACK GROUP | E230: =VLOOKUP(B230,[1]!Table3[[Part Number]:[Annual]],11,0) -> 6 | F230: =VLOOKUP(B230,[1]!Table3[[Part Number]:[OEM CAD $]],4,0) -> 8945.71 | G230: =E230*F230 -> 53674.26 | H230: =VLOOKUP(B230,[1]!Table3[[Part Number]:[GQP CAD $]],5,0) -> 4472.86 | I230: =ROUND(E230*H230,2) -> 26837.16
G231: =E231*F231 -> 0 | I231: =ROUND(E231*H231,2) -> 0
G232: =E232*F232 -> 0 | I232: =ROUND(E232*H232,2) -> 0
G233: =E233*F233 -> 0 | I233: =ROUND(E233*H233,2) -> 0
B234: 7H-3607 | I234: =ROUND(E234*H234,2) -> 0
B235: 7K-2017 | I235: =ROUND(E235*H235,2) -> 0
B236: 7T-3501 | I236: =ROUND(E236*H236,2) -> 0
B237: 7X-0515 | I237: =ROUND(E237*H237,2) -> 0
B238: 7X-2532 | I238: =ROUND(E238*H238,2) -> 0
B239: 8E-5600 | I239: =ROUND(E239*H239,2) -> 0
B240: 8E-9805 | I240: =ROUND(E240*H240,2) -> 0
B241: 8E-9812 | I241: =ROUND(E241*H241,2) -> 0
B242: 8H-5724 | I242: =ROUND(E242*H242,2) -> 0
B243: 8N-1187 | I243: =ROUND(E243*H243,2) -> 0
B244: 8P-8174 | I244: =ROUND(E244*H244,2) -> 0
B245: 8T-0281 | I245: =ROUND(E245*H245,2) -> 0
... B269: CUSTOM-GQPPL6130"TG | I269: =ROUND(E269*H269,2) -> 0
H270: Subtotal | I270: =SUM(I15:I269) -> 2258674.7
D271: OEM MSRP : | E271: =SUM(G15:G269) -> 4558557.7 | H271: Shipping | I271: 0
D272: GQP : | E272: =SUM(I15:I269) -> 2258674.7 | H272: Customs/Broker Fee | I272: 0
D273: GQP SAVINGS : | E273: =E271-E272 -> 2299883 | H273: Total | I273: =SUM(I270:I272) -> 2258674.7
H274: GST | I274: =I273*0.05 -> 112933.74
H275: PST / QST
B276: Quote valid for 14 days, shipping subject to delays in supply chain. | H276: GRAND TOTAL | I276: =SUM(I273:I275) -> 2371608.4

Sheet MOQ Grand Total
E1: MOQ QUOTE | H1: Grand Total
B7: COMPANY: | C7: Lincoln County | E7: DATE: | F7: 45870 | H7: PO NUMBER:
B8: CONTACT NAME: | C8: 0 | E8: PHONE NUMBER:
B9: BILLING ADDRESS: | C9: 0 | E9: EMAIL ADDRESS:
C10: 0 | E10: SHIPPING ADDRESS:
C11: 0
C12: 0
F13: CAD $
B14: PART NUMBER | C14: Make & Model | D14: DESCRIPTION | E14: QTY | F14: OEM MSRP | H14: GQP PRICE | I14: TOTAL
B15: 7312553 | C15: =VLOOKUP(B15,[1]!Table3[[Part Number]:[Make and Model]],2,0) -> BOBCAT T750 (ANK) BOBCAT T750 (ATF) BOBCAT S650 (A3N) BOBCAT T770 (AT6) BOBCAT T770 (AT6) (2) | D15: =VLOOKUP(B15,[1]!Table3[[Part Number]:[Part Description]],3,0) -> Battery GP | E15: =VLOOKUP(B15,[1]!Table3[[Part Number]:[Annual]],11,0) -> 5 | F15: =VLOOKUP(B15,[1]!Table3[[Part Number]:[OEM CAD $]],4,0) -> 415.79 | G15: =E15*F15 -> 2078.95 | H15: =VLOOKUP(B15,[1]!Table3[[Part Number]:[GQP CAD $]],5,0) -> 207.9 | I15: =ROUND(E15*H15,2) -> 1039.5
B16: 115-2422 | C16: =VLOOKUP(B16,[1]!Table3[[Part Number]:[Make and Model]],2,0) -> CAT 320E L (WBK) CAT 320E L (WBK) (2) CAT 320 (HEX) CAT 320 (MYK) CAT 320 (MYK) (2) CAT 329E L (ZCD) CAT 329F L (ERL) CAT 329F L (ERL) (2) CAT 330F L (MBX) CAT 330F L (HCK) CAT 330F L (HCK) (2) CAT 299D (DX2) | D16: =VLOOKUP(B16,[1]!Table3[[Part Number]:[Part Description]],3,0) -> 12V BATTERY 1000CCA | E16: =VLOOKUP(B16,[1]!Table3[[Part Number]:[Annual]],11,0) -> 27 | F16: =VLOOKUP(B16,[1]!Table3[[Part Number]:[OEM CAD $]],4,0) -> 523.07 | G16: =E16*F16 -> 14122.89 | H16: =VLOOKUP(B16,[1]!Table3[[Part Number]:[GQP CAD $]],5,0) -> 132.13 | I16: =ROUND(E16*H16,2) -> 3567.51
B17: 153-5656 | C17: =VLOOKUP(B17,[1]!Table3[[Part Number]:[Make and Model]],2,0) -> CAT 303.5E | D17: =VLOOKUP(B17,[1]!Table3[[Part Number]:[Part Description]],3,0) -> 12V BATTERY - 650CCA | E17: =VLOOKUP(B17,[1]!Table3[[Part Number]:[Annual]],11,0) -> 1 | F17: =VLOOKUP(B17,[1]!Table3[[Part Number]:[OEM CAD $]],4,0) -> 356.29 | G17: =E17*F17 -> 356.29 | H17: =VLOOKUP(B17,[1]!Table3[[Part Number]:[GQP CAD $]],5,0) -> 160.67 | I17: =ROUND(E17*H17,2) -> 160.67
B18: 153-5700 | C18: =VLOOKUP(B18,[1]!Table3[[Part Number]:[Make and Model]],2,0) -> CAT D3 (1PJ) CAT D7G (92V) CAT D7G (3ZD) CAT D7G (3ZD) (2) CAT 561 (85H) CAT 561 (92J) CAT 561 (92J) (2) | D18: =VLOOKUP(B18,[1]!Table3[[Part Number]:[Part Description]],3,0) -> 12V BATTERY - 1125CCA | E18: =VLOOKUP(B18,[1]!Table3[[Part Number]:[Annual]],11,0) -> 10 | F18: =VLOOKUP(B18,[1]!Table3[[Part Number]:[OEM CAD $]],4,0) -> 726.37 | G18: =E18*F18 -> 7263.7 | H18: =VLOOKUP(B18,[1]!Table3[[Part Number]:[GQP CAD $]],5,0) -> 292.44 | I18: =ROUND(E18*H18,2) -> 2924.4
B19: 9X-3404 | C19: =VLOOKUP(B19,[1]!Table3[[Part Number]:[Make and Model]],2,0) -> CAT 320F L (YBM) CAT 330 (LHW) CAT 330 (LHW) (2) CAT 330 (LHW) (3) CAT 330 (LHW) (4) CAT 330 (WCH) CAT 330 (WCH) (2) CAT 330 (WCH) (3) CAT 330 (WCH) (4) CAT 330 (WCH) (5) CAT 330 (WCH) (6) CAT 561M (1KW) CAT 561N (CPH) CAT 561N (CPH) (2) CAT 561N (CPH) (3) CAT 561N (CPH) (4) CAT 561N (CPH) (5) | D19: =VLOOKUP(B19,[1]!Table3[[Part Number]:[Part Description]],3,0) -> 12V BATTERY - 900CCA | E19: =VLOOKUP(B19,[1]!Table3[[Part Number]:[Annual]],11,0) -> 54 | F19: =VLOOKUP(B19,[1]!Table3[[Part Number]:[OEM CAD $]],4,0) -> 503.86 | G19: =E19*F19 -> 27208.44 | H19: =VLOOKUP(B19,[1]!Table3[[Part Number]:[GQP CAD $]],5,0) -> 120.88 | I19: =ROUND(E19*H19,2) -> 6527.52
B20: 6689756 | C20: =VLOOKUP(B20,[1]!Table3[[Part Number]:[Make and Model]],2,0) -> BOBCAT T750 (ANK) | D20: =VLOOKUP(B20,[1]!Table3[[Part Number]:[Part Description]],3,0) -> Upper Gasket Kit | E20: =VLOOKUP(B20,[1]!Table3[[Part Number]:[Annual]],11,0) -> 1 | F20: =VLOOKUP(B20,[1]!Table3[[Part Number]:[OEM CAD $]],4,0) -> 361.99 | G20: =E20*F20 -> 361.99 | H20: =VLOOKUP(B20,[1]!Table3[[Part Number]:[GQP CAD $]],5,0) -> 181 | I20: =ROUND(E20*H20,2) -> 181
B21: 6698579 | C21: =VLOOKUP(B21,[1]!Table3[[Part Number]:[Make and Model]],2,0) -> BOBCAT T750 (ANK) | D21: =VLOOKUP(B21,[1]!Table3[[Part Number]:[Part Description]],3,0) -> Lower Gasket Kit | E21: =VLOOKUP(B21,[1]!Table3[[Part Number]:[Annual]],11,0) -> 1 | F21: =VLOOKUP(B21,[1]!Table3[[Part Number]:[OEM CAD $]],4,0) -> 417.49 | G21: =E21*F21 -> 417.49 | H21: =VLOOKUP(B21,[1]!Table3[[Part Number]:[GQP CAD $]],5,0) -> 208.75 | I21: =ROUND(E21*H21,2) -> 208.75
B22: 7008510 | C22: =VLOOKUP(B22,[1]!Table3[[Part Number]:[Make and Model]],2,0) -> BOBCAT S650 (A3N) | D22: =VLOOKUP(B22,[1]!Table3[[Part Number]:[Part Description]],3,0) -> Upper Gasket Kit | E22: =VLOOKUP(B22,[1]!Table3[[Part Number]:[Annual]],11,0) -> 1 | F22: =VLOOKUP(B22,[1]!Table3[[Part Number]:[OEM CAD $]],4,0) -> 470.49 | G22: =E22*F22 -> 470.49 | H22: =VLOOKUP(B22,[1]!Table3[[Part Number]:[GQP CAD $]],5,0) -> 235.25 | I22: =ROUND(E22*H22,2) -> 235.25
B23: 7008511 | C23: =VLOOKUP(B23,[1]!Table3[[Part Number]:[Make and Model]],2,0) -> BOBCAT S650 (A3N) | D23: =VLOOKUP(B23,[1]!Table3[[Part Number]:[Part Description]],3,0) -> Lower Gasket Kit | E23: =VLOOKUP(B23,[1]!Table3[[Part Number]:[Annual]],11,0) -> 1 | F23: =VLOOKUP(B23,[1]!Table3[[Part Number]:[OEM CAD $]],4,0) -> 482.99 | G23: =E23*F23 -> 482.99 | H23: =VLOOKUP(B23,[1]!Table3[[Part Number]:[GQP CAD $]],5,0) -> 241.5 | I23: =ROUND(E23*H23,2) -> 241.5
B24: 7020950 | C24: =VLOOKUP(B24,[1]!Table3[[Part Number]:[Make and Model]],2,0) -> BOBCAT T750 (ANK) | D24: =VLOOKUP(B24,[1]!Table3[[Part Number]:[Part Description]],3,0) -> CYLINDER HEAD | E24: =VLOOKUP(B24,[1]!Table3[[Part Number]:[Annual]],11,0) -> 1 | F24: =VLOOKUP(B24,[1]!Table3[[Part Number]:[OEM CAD $]],4,0) -> 4359.99 | G24: =E24*F24 -> 4359.99 | H24: =VLOOKUP(B24,[1]!Table3[[Part Number]:[GQP CAD $]],5,0) -> 2180 | I24: =ROUND(E24*H24,2) -> 2180
B25: 7024264 | C25: =VLOOKUP(B25,[1]!Table3[[Part Number]:[Make and Model]],2,0) -> BOBCAT T750 (ATF) | D25: =VLOOKUP(B25,[1]!Table3[[Part Number]:[Part Description]],3,0) -> CRANKSHAFT | E25: =VLOOKUP(B25,[1]!Table3[[Part Number]:[Annual]],11,0) -> 1 | F25: =VLOOKUP(B25,[1]!Table3[[Part Number]:[OEM CAD $]],4,0) -> 6916.49 | G25: =E25*F25 -> 6916.49 | H25: =VLOOKUP(B25,[1]!Table3[[Part Number]:[GQP CAD $]],5,0) -> 3458.25 | I25: =ROUND(E25*H25,2) -> 3458.25
B26: 7024384 | C26: =VLOOKUP(B26,[1]!Table3[[Part Number]:[Make and Model]],2,0) -> BOBCAT T750 (ATF) | D26: =VLOOKUP(B26,[1]!Table3[[Part Number]:[Part Description]],3,0) -> CYLINDER HEAD | E26: =VLOOKUP(B26,[1]!Table3[[Part Number]:[Annual]],11,0) -> 1 | F26: =VLOOKUP(B26,[1]!Table3[[Part Number]:[OEM CAD $]],4,0) -> 2400.49 | G26: =E26*F26 -> 2400.49 | H26: =VLOOKUP(B26,[1]!Table3[[Part Number]:[GQP CAD $]],5,0) -> 1200.25 | I26: =ROUND(E26*H26,2) -> 1200.25
B27: 7024930 | C27: =VLOOKUP(B27,[1]!Table3[[Part Number]:[Make and Model]],2,0) -> BOBCAT T750 (ATF) | D27: =VLOOKUP(B27,[1]!Table3[[Part Number]:[Part Description]],3,0) -> Upper Gasket Kit | E27: =VLOOKUP(B27,[1]!Table3[[Part Number]:[Annual]],11,0) -> 1 | F27: =VLOOKUP(B27,[1]!Table3[[Part Number]:[OEM CAD $]],4,0) -> 587.99 | G27: =E27*F27 -> 587.99 | H27: =VLOOKUP(B27,[1]!Table3[[Part Number]:[GQP CAD $]],5,0) -> 294 | I27: =ROUND(E27*H27,2) -> 294
B28: 7024931 | C28: =VLOOKUP(B28,[1]!Table3[[Part Number]:[Make and Model]],2,0) -> BOBCAT T750 (ATF) | D28: =VLOOKUP(B28,[1]!Table3[[Part Number]:[Part Description]],3,0) -> Lower Gasket Kit | E28: =VLOOKUP(B28,[1]!Table3[[Part Number]:[Annual]],11,0) -> 1 | F28: =VLOOKUP(B28,[1]!Table3[[Part Number]:[OEM CAD $]],4,0) -> 445.99 | G28: =E28*F28 -> 445.99 | H28: =VLOOKUP(B28,[1]!Table3[[Part Number]:[GQP CAD $]],5,0) -> 223 | I28: =ROUND(E28*H28,2) -> 223
B29: 7256752 | C29: =VLOOKUP(B29,[1]!Table3[[Part Number]:[Make and Model]],2,0) -> BOBCAT T770 (AT6) BOBCAT T770 (AT6) (2) | D29: =VLOOKUP(B29,[1]!Table3[[Part Number]:[Part Description]],3,0) -> CRANKSHAFT / Gear | E29: =VLOOKUP(B29,[1]!Table3[[Part Number]:[Annual]],11,0) -> 2 | F29: =VLOOKUP(B29,[1]!Table3[[Part Number]:[OEM CAD $]],4,0) -> 2799.99 | G29: =E29*F29 -> 5599.98 | H29: =VLOOKUP(B29,[1]!Table3[[Part Number]:[GQP CAD $]],5,0) -> 1400 | I29: =ROUND(E29*H29,2) -> 2800
B30: 7298788 | C30: =VLOOKUP(B30,[1]!Table3[[Part Number]:[Make and Model]],2,0) -> BOBCAT T770 (AT6) BOBCAT T770 (AT6) (2) | D30: =VLOOKUP(B30,[1]!Table3[[Part Number]:[Part Description]],3,0) -> CYLINDER HEAD | E30: =VLOOKUP(B30,[1]!Table3[[Part Number]:[Annual]],11,0) -> 2 | F30: =VLOOKUP(B30,[1]!Table3[[Part Number]:[OEM CAD $]],4,0) -> 4052.99 | G30: =E30*F30 -> 8105.98 | H30: =VLOOKUP(B30,[1]!Table3[[Part Number]:[GQP CAD $]],5,0) -> 2026.5 | I30: =ROUND(E30*H30,2) -> 4053
B31: 134-5276 | C31: =VLOOKUP(B31,[1]!Table3[[Part Number]:[Make and Model]],2,0) -> CAT D5 (3CR) CAT D5 (3CR) (2) CAT 561M (1KW) | D31: =VLOOKUP(B31,[1]!Table3[[Part Number]:[Part Description]],3,0) -> CAMSHAFT | E31: =VLOOKUP(B31,[1]!Table3[[Part Number]:[Annual]],11,0) -> 3 | F31: =VLOOKUP(B31,[1]!Table3[[Part Number]:[OEM CAD $]],4,0) -> 4368 | G31: =E31*F31 -> 13104 | H31: =VLOOKUP(B31,[1]!Table3[[Part Number]:[GQP CAD $]],5,0) -> 2184 | I31: =ROUND(E31*H31,2) -> 6552
B32: 216-7921 | C32: =VLOOKUP(B32,[1]!Table3[[Part Number]:[Make and Model]],2,0) -> CAT 561N (CPH) CAT 561N (CPH) (2) CAT 561N (CPH) (3) CAT 561N (CPH) (4) CAT 561N (CPH) (5) CAT PL61 (WGS) CAT PL61 (WGS) (2) CAT PL61 (WGS) (3) | D32: =VLOOKUP(B32,[1]!Table3[[Part Number]:[Part Description]],3,0) -> CAMSHAFT | E32: =VLOOKUP(B32,[1]!Table3[[Part Number]:[Annual]],11,0) -> 8 | F32: =VLOOKUP(B32,[1]!Table3[[Part Number]:[OEM CAD $]],4,0) -> 4686.51 | G32: =E32*F32 -> 37492.08 | H32: =VLOOKUP(B32,[1]!Table3[[Part Number]:[GQP CAD $]],5,0) -> 2343.26 | I32: =ROUND(E32*H32,2) -> 18746.08
B33: 334-8389 | C33: =VLOOKUP(B33,[1]!Table3[[Part Number]:[Make and Model]],2,0) -> CAT D7G (92V) CAT D7G (3ZD) CAT D7G (3ZD) (2) | D33: =VLOOKUP(B33,[1]!Table3[[Part Number]:[Part Description]],3,0) -> CRANKSHAFT ASSY | E33: =VLOOKUP(B33,[1]!Table3[[Part Number]:[Annual]],11,0) -> 3 | F33: =VLOOKUP(B33,[1]!Table3[[Part Number]:[OEM CAD $]],4,0) -> 17640.77 | G33: =E33*F33 -> 52922.31 | H33: =VLOOKUP(B33,[1]!Table3[[Part Number]:[GQP CAD $]],5,0) -> 8820.39 | I33: =ROUND(E33*H33,2) -> 26461.17
B34: 383-0293 | C34: =VLOOKUP(B34,[1]!Table3[[Part Number]:[Make and Model]],2,0) -> CAT 303.5E | D34: =VLOOKUP(B34,[1]!Table3[[Part Number]:[Part Description]],3,0) -> OIL PUMP ENGINE | E34: =VLOOKUP(B34,[1]!Table3[[Part Number]:[Annual]],11,0) -> 1 | F34: =VLOOKUP(B34,[1]!Table3[[Part Number]:[OEM CAD $]],4,0) -> 831.44 | G34: =E34*F34 -> 831.44 | H34: =VLOOKUP(B34,[1]!Table3[[Part Number]:[GQP CAD $]],5,0) -> 415.72 | I34: =ROUND(E34*H34,2) -> 415.72
B35: 383-0433 | C35: =VLOOKUP(B35,[1]!Table3[[Part Number]:[Make and Model]],2,0) -> CAT 303.5E | D35: =VLOOKUP(B35,[1]!Table3[[Part Number]:[Part Description]],3,0) -> WATER PUMP | E35: =VLOOKUP(B35,[1]!Table3[[Part Number]:[Annual]],11,0) -> 1 | F35: =VLOOKUP(B35,[1]!Table3[[Part Number]:[OEM CAD $]],4,0) -> 512.79 | G35: =E35*F35 -> 512.79 | H35: =VLOOKUP(B35,[1]!Table3[[Part Number]:[GQP CAD $]],5,0) -> 256.4 | I35: =ROUND(E35*H35,2) -> 256.4
B36: 386-6920 | C36: =VLOOKUP(B36,[1]!Table3[[Part Number]:[Make and Model]],2,0) -> CAT 303.5E | D36: =VLOOKUP(B36,[1]!Table3[[Part Number]:[Part Description]],3,0) -> CYLINDER HEAD | E36: =VLOOKUP(B36,[1]!Table3[[Part Number]:[Annual]],11,0) -> 1 | F36: =VLOOKUP(B36,[1]!Table3[[Part Number]:[OEM CAD $]],4,0) -> 3744.05 | G36: =E36*F36 -> 3744.05 | H36: =VLOOKUP(B36,[1]!Table3[[Part Number]:[GQP CAD $]],5,0) -> 1872.03 | I36: =ROUND(E36*H36,2) -> 1872.03
B37: 386-6934 | C37: =VLOOKUP(B37,[1]!Table3[[Part Number]:[Make and Model]],2,0) -> CAT 303.5E | D37: =VLOOKUP(B37,[1]!Table3[[Part Number]:[Part Description]],3,0) -> CAMSHAFT AS | E37: =VLOOKUP(B37,[1]!Table3[[Part Number]:[Annual]],11,0) -> 1 | F37: =VLOOKUP(B37,[1]!Table3[[Part Number]:[OEM CAD $]],4,0) -> 515.17 | G37: =E37*F37 -> 515.17 | H37: =VLOOKUP(B37,[1]!Table3[[Part Number]:[GQP CAD $]],5,0) -> 257.59 | I37: =ROUND(E37*H37,2) -> 257.59
B38: 386-6936 | C38: =VLOOKUP(B38,[1]!Table3[[Part Number]:[Make and Model]],2,0) -> CAT 303.5E | D38: =VLOOKUP(B38,[1]!Table3[[Part Number]:[Part Description]],3,0) -> CRANKSHAFT ASSY | E38: =VLOOKUP(B38,[1]!Table3[[Part Number]:[Annual]],11,0) -> 1 | F38: =VLOOKUP(B38,[1]!Table3[[Part Number]:[OEM CAD $]],4,0) -> 4035.36 | G38: =E38*F38 -> 4035.36 | H38: =VLOOKUP(B38,[1]!Table3[[Part Number]:[GQP CAD $]],5,0) -> 2017.68 | I38: =ROUND(E38*H38,2) -> 2017.68
B39: 389-5128 | C39: =VLOOKUP(B39,[1]!Table3[[Part Number]:[Make and Model]],2,0) -> CAT 299D (DX2) | D39: =VLOOKUP(B39,[1]!Table3[[Part Number]:[Part Description]],3,0) -> CYLINDER HEAD | E39: =VLOOKUP(B39,[1]!Table3[[Part Number]:[Annual]],11,0) -> 1 | F39: =VLOOKUP(B39,[1]!Table3[[Part Number]:[OEM CAD $]],4,0) -> 9634.25 | G39: =E39*F39 -> 9634.25 | H39: =VLOOKUP(B39,[1]!Table3[[Part Number]:[GQP CAD $]],5,0) -> 4817.13 | I39: =ROUND(E39*H39,2) -> 4817.13
B40: 389-5185 | C40: =VLOOKUP(B40,[1]!Table3[[Part Number]:[Make and Model]],2,0) -> CAT 299D (DX2) | D40: =VLOOKUP(B40,[1]!Table3[[Part Number]:[Part Description]],3,0) -> CRANKSHAFT | E40: =VLOOKUP(B40,[1]!Table3[[Part Number]:[Annual]],11,0) -> 1 | F40: =VLOOKUP(B40,[1]!Table3[[Part Number]:[OEM CAD $]],4,0) -> 4526.64 | G40: =E40*F40 -> 4526.64 | H40: =VLOOKUP(B40,[1]!Table3[[Part Number]:[GQP CAD $]],5,0) -> 2263.32 | I40: =ROUND(E40*H40,2) -> 2263.32
B41: 389-5200 | C41: =VLOOKUP(B41,[1]!Table3[[Part Number]:[Make and Model]],2,0) -> CAT 299D (DX2) | D41: =VLOOKUP(B41,[1]!Table3[[Part Number]:[Part Description]],3,0) -> CAMSHAFT | E41: =VLOOKUP(B41,[1]!Table3[[Part Number]:[Annual]],11,0) -> 1 | F41: =VLOOKUP(B41,[1]!Table3[[Part Number]:[OEM CAD $]],4,0) -> 1117.59 | G41: =E41*F41 -> 1117.59 | H41: =VLOOKUP(B41,[1]!Table3[[Part Number]:[GQP CAD $]],5,0) -> 558.8 | I41: =ROUND(E41*H41,2) -> 558.8
B42: 489-2731 | C42: =VLOOKUP(B42,[1]!Table3[[Part Number]:[Make and Model]],2,0) -> CAT D5 (3CR) CAT D5 (3CR) (2) CAT 561M (1KW) CAT 561N (CPH) CAT 561N (CPH) (2) CAT 561N (CPH) (3) CAT 561N (CPH) (4) CAT 561N (CPH) (5) CAT PL61 (WGS) CAT PL61 (WGS) (2) CAT PL61 (WGS) (3) | D42: =VLOOKUP(B42,[1]!Table3[[Part Number]:[Part Description]],3,0) -> CRANKSHAFT | E42: =VLOOKUP(B42,[1]!Table3[[Part Number]:[Annual]],11,0) -> 11 | F42: =VLOOKUP(B42,[1]!Table3[[Part Number]:[OEM CAD $]],4,0) -> 14944.09 | G42: =E42*F42 -> 164384.99 | H42: =VLOOKUP(B42,[1]!Table3[[Part Number]:[GQP CAD $]],5,0) -> 7472.05 | I42: =ROUND(E42*H42,2) -> 82192.55
... B57: CUSTOM-GQPD7GSOK | C57: =VLOOKUP(B57,[1]!Table3[[Part Number]:[Make and Model]],2,0) -> CAT D7G (92V) CAT D7G (3ZD) CAT D7G (3ZD) (2) | D57: =VLOOKUP(B57,[1]!Table3[[Part Number]:[Part Description]],3,0) -> SILVER ENGINE OVERHAUL KIT | E57: =VLOOKUP(B57,[1]!Table3[[Part Number]:[Annual]],11,0) -> 3 | F57: =VLOOKUP(B57,[1]!Table3[[Part Number]:[OEM CAD $]],4,0) -> 6725.5 | G57: =E57*F57 -> 20176.5 | H57: =VLOOKUP(B57,[1]!Table3[[Part Number]:[GQP CAD $]],5,0) -> 3362.75 | I57: =ROUND(E57*H57,2) -> 10088.25
B58: 7008043 | C58: =VLOOKUP(B58,[1]!Table3[[Part Number]:[Make and Model]],2,0) -> BOBCAT S650 (A3N) | D58: =VLOOKUP(B58,[1]!Table3[[Part Number]:[Part Description]],3,0) -> PRIMARY AIR FILTER ELEMENT (OUTER) | E58: =VLOOKUP(B58,[1]!Table3[[Part Number]:[Annual]],11,0) -> 2 | F58: =VLOOKUP(B58,[1]!Table3[[Part Number]:[OEM CAD $]],4,0) -> 62.49 | G58: =E58*F58 -> 124.98 | H58: =VLOOKUP(B58,[1]!Table3[[Part Number]:[GQP CAD $]],5,0) -> 23.75 | I58: =ROUND(E58*H58,2) -> 47.5
B59: 7008044 | C59: =VLOOKUP(B59,[1]!Table3[[Part Number]:[Make and Model]],2,0) -> BOBCAT S650 (A3N) | D59: =VLOOKUP(B59,[1]!Table3[[Part Number]:[Part Description]],3,0) -> SECONDARY AIR FILTER ELEMENT | E59: =VLOOKUP(B59,[1]!Table3[[Part Number]:[Annual]],11,0) -> 2 | F59: =VLOOKUP(B59,[1]!Table3[[Part Number]:[OEM CAD $]],4,0) -> 39.99 | G59: =E59*F59 -> 79.98 | H59: =VLOOKUP(B59,[1]!Table3[[Part Number]:[GQP CAD $]],5,0) -> 15.2 | I59: =ROUND(E59*H59,2) -> 30.4
B60: 7010031 | C60: =VLOOKUP(B60,[1]!Table3[[Part Number]:[Make and Model]],2,0) -> BOBCAT T750 (ANK) BOBCAT T750 (ATF) BOBCAT T770 (AT6) BOBCAT T770 (AT6) (2) | D60: =VLOOKUP(B60,[1]!Table3[[Part Number]:[Part Description]],3,0) -> SECONDARY AIR FILTER ELEMENT | E60: =VLOOKUP(B60,[1]!Table3[[Part Number]:[Annual]],11,0) -> 8 | F60: =VLOOKUP(B60,[1]!Table3[[Part Number]:[OEM CAD $]],4,0) -> 103.99 | G60: =E60*F60 -> 831.92 | H60: =VLOOKUP(B60,[1]!Table3[[Part Number]:[GQP CAD $]],5,0) -> 39.52 | I60: =ROUND(E60*H60,2) -> 316.16
B61: 7286652 | C61: =VLOOKUP(B61,[1]!Table3[[Part Number]:[Make and Model]],2,0) -> BOBCAT T750 (ANK) BOBCAT T750 (ATF) BOBCAT T770 (AT6) BOBCAT T770 (AT6) (2) | D61: =VLOOKUP(B61,[1]!Table3[[Part Number]:[Part Description]],3,0) -> PRIMARY AIR FILTER ELEMENT (OUTER) | E61: =VLOOKUP(B61,[1]!Table3[[Part Number]:[Annual]],11,0) -> 8 | F61: =VLOOKUP(B61,[1]!Table3[[Part Number]:[OEM CAD $]],4,0) -> 140.99 | G61: =E61*F61 -> 1127.92 | H61: =VLOOKUP(B61,[1]!Table3[[Part Number]:[GQP CAD $]],5,0) -> 53.58 | I61: =ROUND(E61*H61,2) -> 428.64
B62: 110-6326 | C62: =VLOOKUP(B62,[1]!Table3[[Part Number]:[Make and Model]],2,0) -> CAT 299D (DX2) | D62: =VLOOKUP(B62,[1]!Table3[[Part Number]:[Part Description]],3,0) -> PRIMARY AIR FILTER ELEMENT | E62: =VLOOKUP(B62,[1]!Table3[[Part Number]:[Annual]],11,0) -> 2 | F62: =VLOOKUP(B62,[1]!Table3[[Part Number]:[OEM CAD $]],4,0) -> 76.02 | G62: =E62*F62 -> 152.04 | H62: =VLOOKUP(B62,[1]!Table3[[Part Number]:[GQP CAD $]],5,0) -> 28.89 | I62: =ROUND(E62*H62,2) -> 57.78
B63: 110-6331 | C63: =VLOOKUP(B63,[1]!Table3[[Part Number]:[Make and Model]],2,0) -> CAT 299D (DX2) | D63: =VLOOKUP(B63,[1]!Table3[[Part Number]:[Part Description]],3,0) -> SECONDARY AIR FILTER ELEMENT | E63: =VLOOKUP(B63,[1]!Table3[[Part Number]:[Annual]],11,0) -> 2 | F63: =VLOOKUP(B63,[1]!Table3[[Part Number]:[OEM CAD $]],4,0) -> 54.17 | G63: =E63*F63 -> 108.34 | H63: =VLOOKUP(B63,[1]!Table3[[Part Number]:[GQP CAD $]],5,0) -> 20.58 | I63: =ROUND(E63*H63,2) -> 41.16
B64: 112-7448 | C64: =VLOOKUP(B64,[1]!Table3[[Part Number]:[Make and Model]],2,0) -> CAT D6T (MH7) | D64: =VLOOKUP(B64,[1]!Table3[[Part Number]:[Part Description]],3,0) -> CABIN AIR FILTER ELEMENT | E64: =VLOOKUP(B64,[1]!Table3[[Part Number]:[Annual]],11,0) -> 2 | F64: =VLOOKUP(B64,[1]!Table3[[Part Number]:[OEM CAD $]],4,0) -> 43.37 | G64: =E64*F64 -> 86.74 | H64: =VLOOKUP(B64,[1]!Table3[[Part Number]:[GQP CAD $]],5,0) -> 16.48 | I64: =ROUND(E64*H64,2) -> 32.96
B65: 131-8821 | C65: =VLOOKUP(B65,[1]!Table3[[Part Number]:[Make and Model]],2,0) -> CAT 320E L (WBK) CAT 320E L (WBK) (2) CAT 320F L (YBM) | D65: =VLOOKUP(B65,[1]!Table3[[Part Number]:[Part Description]],3,0) -> SECONDARY AIR FILTER ELEMENT | E65: =VLOOKUP(B65,[1]!Table3[[Part Number]:[Annual]],11,0) -> 6 | F65: =VLOOKUP(B65,[1]!Table3[[Part Number]:[OEM CAD $]],4,0) -> 97.91 | G65: =E65*F65 -> 587.46 | H65: =VLOOKUP(B65,[1]!Table3[[Part Number]:[GQP CAD $]],5,0) -> 37.21 | I65: =ROUND(E65*H65,2) -> 223.26
B66: 131-8822 | C66: =VLOOKUP(B66,[1]!Table3[[Part Number]:[Make and Model]],2,0) -> CAT 320E L (WBK) CAT 320E L (WBK) (2) CAT 320F L (YBM) | D66: =VLOOKUP(B66,[1]!Table3[[Part Number]:[Part Description]],3,0) -> PRIMARY AIR FILTER ELEMENT | E66: =VLOOKUP(B66,[1]!Table3[[Part Number]:[Annual]],11,0) -> 6 | F66: =VLOOKUP(B66,[1]!Table3[[Part Number]:[OEM CAD $]],4,0) -> 120.35 | G66: =E66*F66 -> 722.1 | H66: =VLOOKUP(B66,[1]!Table3[[Part Number]:[GQP CAD $]],5,0) -> 45.73 | I66: =ROUND(E66*H66,2) -> 274.38
B67: 134-8726 | C67: =VLOOKUP(B67,[1]!Table3[[Part Number]:[Make and Model]],2,0) -> CAT 303.5E | D67: =VLOOKUP(B67,[1]!Table3[[Part Number]:[Part Description]],3,0) -> PRIMARY AIR FILTER ELEMENT | E67: =VLOOKUP(B67,[1]!Table3[[Part Number]:[Annual]],11,0) -> 2 | F67: =VLOOKUP(B67,[1]!Table3[[Part Number]:[OEM CAD $]],4,0) -> 67.33 | G67: =E67*F67 -> 134.66 | H67: =VLOOKUP(B67,[1]!Table3[[Part Number]:[GQP CAD $]],5,0) -> 25.59 | I67: =ROUND(E67*H67,2) -> 51.18
B68: 140-2334 | C68: =VLOOKUP(B68,[1]!Table3[[Part Number]:[Make and Model]],2,0) -> CAT 303.5E | D68: =VLOOKUP(B68,[1]!Table3[[Part Number]:[Part Description]],3,0) -> SECONDARY AIR FILTER ELEMENT | E68: =VLOOKUP(B68,[1]!Table3[[Part Number]:[Annual]],11,0) -> 2 | F68: =VLOOKUP(B68,[1]!Table3[[Part Number]:[OEM CAD $]],4,0) -> 61.69 | G68: =E68*F68 -> 123.38 | H68: =VLOOKUP(B68,[1]!Table3[[Part Number]:[GQP CAD $]],5,0) -> 23.44 | I68: =ROUND(E68*H68,2) -> 46.88
B69: 142-1339 | C69: =VLOOKUP(B69,[1]!Table3[[Part Number]:[Make and Model]],2,0) -> CAT 336F L (RKB) | D69: =VLOOKUP(B69,[1]!Table3[[Part Number]:[Part Description]],3,0) -> PRIMARY AIR FILTER ELEMENT | E69: =VLOOKUP(B69,[1]!Table3[[Part Number]:[Annual]],11,0) -> 2 | F69: =VLOOKUP(B69,[1]!Table3[[Part Number]:[OEM CAD $]],4,0) -> 201.81 | G69: =E69*F69 -> 403.62 | H69: =VLOOKUP(B69,[1]!Table3[[Part Number]:[GQP CAD $]],5,0) -> 76.69 | I69: =ROUND(E69*H69,2) -> 153.38
B70: 142-1404 | C70: =VLOOKUP(B70,[1]!Table3[[Part Number]:[Make and Model]],2,0) -> CAT 336F L (RKB) | D70: =VLOOKUP(B70,[1]!Table3[[Part Number]:[Part Description]],3,0) -> SECONDARY AIR FILTER ELEMENT | E70: =VLOOKUP(B70,[1]!Table3[[Part Number]:[Annual]],11,0) -> 2 | F70: =VLOOKUP(B70,[1]!Table3[[Part Number]:[OEM CAD $]],4,0) -> 119.45 | G70: =E70*F70 -> 238.9 | H70: =VLOOKUP(B70,[1]!Table3[[Part Number]:[GQP CAD $]],5,0) -> 45.39 | I70: =ROUND(E70*H70,2) -> 90.78
B71: 151-0914 | C71: =VLOOKUP(B71,[1]!Table3[[Part Number]:[Make and Model]],2,0) -> CAT D6N LGP (PBA) CAT D6N LGP (PBA) (2) | D71: =VLOOKUP(B71,[1]!Table3[[Part Number]:[Part Description]],3,0) -> PRIMARY CABIN AIR FILTER ELEMENT | E71: =VLOOKUP(B71,[1]!Table3[[Part Number]:[Annual]],11,0) -> 4 | F71: =VLOOKUP(B71,[1]!Table3[[Part Number]:[OEM CAD $]],4,0) -> 112.48 | G71: =E71*F71 -> 449.92 | H71: =VLOOKUP(B71,[1]!Table3[[Part Number]:[GQP CAD $]],5,0) -> 42.74 | I71: =ROUND(E71*H71,2) -> 170.96
B72: 209-8217 | C72: =VLOOKUP(B72,[1]!Table3[[Part Number]:[Make and Model]],2,0) -> CAT PL61 (WGS) CAT PL61 (WGS) (2) CAT PL61 (WGS) (3) | D72: =VLOOKUP(B72,[1]!Table3[[Part Number]:[Part Description]],3,0) -> CABIN AIR FILTER ELEMENT | E72: =VLOOKUP(B72,[1]!Table3[[Part Number]:[Annual]],11,0) -> 6 | F72: =VLOOKUP(B72,[1]!Table3[[Part Number]:[OEM CAD $]],4,0) -> 85.17 | G72: =E72*F72 -> 511.02 | H72: =VLOOKUP(B72,[1]!Table3[[Part Number]:[GQP CAD $]],5,0) -> 32.36 | I72: =ROUND(E72*H72,2) -> 194.16
B73: 252-5001 | C73: =VLOOKUP(B73,[1]!Table3[[Part Number]:[Make and Model]],2,0) -> CAT D6N LGP (GHS) CAT PL61 (WGS) CAT PL61 (WGS) (2) CAT PL61 (WGS) (3) | D73: =VLOOKUP(B73,[1]!Table3[[Part Number]:[Part Description]],3,0) -> PRIMARY AIR FILTER ELEMENT | E73: =VLOOKUP(B73,[1]!Table3[[Part Number]:[Annual]],11,0) -> 8 | F73: =VLOOKUP(B73,[1]!Table3[[Part Number]:[OEM CAD $]],4,0) -> 221.03 | G73: =E73*F73 -> 1768.24 | H73: =VLOOKUP(B73,[1]!Table3[[Part Number]:[GQP CAD $]],5,0) -> 83.99 | I73: =ROUND(E73*H73,2) -> 671.92
... B103: 9S-9972 | C103: =VLOOKUP(B103,[1]!Table3[[Part Number]:[Make and Model]],2,0) -> CAT D7G (92V) CAT D7G (3ZD) CAT D7G (3ZD) (2) | D103: =VLOOKUP(B103,[1]!Table3[[Part Number]:[Part Description]],3,0) -> SECONDARY AIR FILTER ELEMENT | E103: =VLOOKUP(B103,[1]!Table3[[Part Number]:[Annual]],11,0) -> 6 | F103: =VLOOKUP(B103,[1]!Table3[[Part Number]:[OEM CAD $]],4,0) -> 115.44 | G103: =E103*F103 -> 692.64 | H103: =VLOOKUP(B103,[1]!Table3[[Part Number]:[GQP CAD $]],5,0) -> 43.87 | I103: =ROUND(E103*H103,2) -> 263.22
B104: 6692337 | C104: =VLOOKUP(B104,[1]!Table3[[Part Number]:[Make and Model]],2,0) -> BOBCAT T750 (ATF) BOBCAT S650 (A3N) | D104: =VLOOKUP(B104,[1]!Table3[[Part Number]:[Part Description]],3,0) -> HYDRAULIC OIL FILTER ELEMENT | E104: =VLOOKUP(B104,[1]!Table3[[Part Number]:[Annual]],11,0) -> 6 | F104: =VLOOKUP(B104,[1]!Table3[[Part Number]:[OEM CAD $]],4,0) -> 93.99 | G104: =E104*F104 -> 563.94 | H104: =VLOOKUP(B104,[1]!Table3[[Part Number]:[GQP CAD $]],5,0) -> 35.72 | I104: =ROUND(E104*H104,2) -> 214.32
B105: 7012314 | C105: =VLOOKUP(B105,[1]!Table3[[Part Number]:[Make and Model]],2,0) -> BOBCAT T750 (ANK) | D105: =VLOOKUP(B105,[1]!Table3[[Part Number]:[Part Description]],3,0) -> HYDRAULIC OIL FILTER ELEMENT | E105: =VLOOKUP(B105,[1]!Table3[[Part Number]:[Annual]],11,0) -> 3 | F105: =VLOOKUP(B105,[1]!Table3[[Part Number]:[OEM CAD $]],4,0) -> 138.99 | G105: =E105*F105 -> 416.97 | H105: =VLOOKUP(B105,[1]!Table3[[Part Number]:[GQP CAD $]],5,0) -> 52.82 | I105: =ROUND(E105*H105,2) -> 158.46
B106: 7414582 | C106: =VLOOKUP(B106,[1]!Table3[[Part Number]:[Make and Model]],2,0) -> BOBCAT T770 (AT6) BOBCAT T770 (AT6) (2) | D106: =VLOOKUP(B106,[1]!Table3[[Part Number]:[Part Description]],3,0) -> HYDRAULIC OIL FILTER ELEMENT | E106: =VLOOKUP(B106,[1]!Table3[[Part Number]:[Annual]],11,0) -> 6 | F106: =VLOOKUP(B106,[1]!Table3[[Part Number]:[OEM CAD $]],4,0) -> 117.99 | G106: =E106*F106 -> 707.94 | H106: =VLOOKUP(B106,[1]!Table3[[Part Number]:[GQP CAD $]],5,0) -> 44.84 | I106: =ROUND(E106*H106,2) -> 269.04
B107: 093-7521 | C107: =VLOOKUP(B107,[1]!Table3[[Part Number]:[Make and Model]],2,0) -> CAT 320F L (YBM) CAT 336F L (RKB) | D107: =VLOOKUP(B107,[1]!Table3[[Part Number]:[Part Description]],3,0) -> HYDRAULIC OIL FILTER | E107: =VLOOKUP(B107,[1]!Table3[[Part Number]:[Annual]],11,0) -> 6 | F107: =VLOOKUP(B107,[1]!Table3[[Part Number]:[OEM CAD $]],4,0) -> 102.09 | G107: =E107*F107 -> 612.54 | H107: =VLOOKUP(B107,[1]!Table3[[Part Number]:[GQP CAD $]],5,0) -> 38.79 | I107: =ROUND(E107*H107,2) -> 232.74
B108: 169-4019 | C108: =VLOOKUP(B108,[1]!Table3[[Part Number]:[Make and Model]],2,0) -> CAT D4 (66J) | D108: =VLOOKUP(B108,[1]!Table3[[Part Number]:[Part Description]],3,0) -> HYDRAULIC OIL FILTER | E108: =VLOOKUP(B108,[1]!Table3[[Part Number]:[Annual]],11,0) -> 3 | F108: =VLOOKUP(B108,[1]!Table3[[Part Number]:[OEM CAD $]],4,0) -> 703.78 | G108: =E108*F108 -> 2111.34 | H108: =VLOOKUP(B108,[1]!Table3[[Part Number]:[GQP CAD $]],5,0) -> 267.44 | I108: =ROUND(E108*H108,2) -> 802.32
B109: 179-9806 | C109: =VLOOKUP(B109,[1]!Table3[[Part Number]:[Make and Model]],2,0) -> CAT 320E L (WBK) CAT 320E L (WBK) (2) CAT 320F L (YBM) CAT 329E L (ZCD) CAT 329F L (ERL) CAT 329F L (ERL) (2) CAT 330F L (MBX) CAT 330F L (HCK) CAT 330F L (HCK) (2) CAT 336F L (RKB) | D109: =VLOOKUP(B109,[1]!Table3[[Part Number]:[Part Description]],3,0) -> HYDRAULIC OIL FILTER ELEMENT | E109: =VLOOKUP(B109,[1]!Table3[[Part Number]:[Annual]],11,0) -> 36 | F109: =VLOOKUP(B109,[1]!Table3[[Part Number]:[OEM CAD $]],4,0) -> 229 | G109: =E109*F109 -> 8244 | H109: =VLOOKUP(B109,[1]!Table3[[Part Number]:[GQP CAD $]],5,0) -> 87.02 | I109: =ROUND(E109*H109,2) -> 3132.72
B110: 1G-8878 | C110: =VLOOKUP(B110,[1]!Table3[[Part Number]:[Make and Model]],2,0) -> CAT PL61 (WGS) CAT PL61 (WGS) (2) CAT PL61 (WGS) (3) | D110: =VLOOKUP(B110,[1]!Table3[[Part Number]:[Part Description]],3,0) -> HYDRAULIC OIL FILTER ELEMENT | E110: =VLOOKUP(B110,[1]!Table3[[Part Number]:[Annual]],11,0) -> 9 | F110: =VLOOKUP(B110,[1]!Table3[[Part Number]:[OEM CAD $]],4,0) -> 150.47 | G110: =E110*F110 -> 1354.23 | H110: =VLOOKUP(B110,[1]!Table3[[Part Number]:[GQP CAD $]],5,0) -> 57.18 | I110: =ROUND(E110*H110,2) -> 514.62
B111: 1R-0719 | C111: =VLOOKUP(B111,[1]!Table3[[Part Number]:[Make and Model]],2,0) -> CAT D3 (1PJ) CAT D5 (3CR) CAT D5 (3CR) (2) | D111: =VLOOKUP(B111,[1]!Table3[[Part Number]:[Part Description]],3,0) -> HYDRAULIC OIL FILTER | E111: =VLOOKUP(B111,[1]!Table3[[Part Number]:[Annual]],11,0) -> 9 | F111: =VLOOKUP(B111,[1]!Table3[[Part Number]:[OEM CAD $]],4,0) -> 38.32 | G111: =E111*F111 -> 344.88 | H111: =VLOOKUP(B111,[1]!Table3[[Part Number]:[GQP CAD $]],5,0) -> 14.56 | I111: =ROUND(E111*H111,2) -> 131.04
B112: 1R-0746 | C112: =VLOOKUP(B112,[1]!Table3[[Part Number]:[Make and Model]],2,0) -> CAT D3 (1PJ) | D112: =VLOOKUP(B112,[1]!Table3[[Part Number]:[Part Description]],3,0) -> HYDRAULIC/TRANSMISSION OIL FILTER | E112: =VLOOKUP(B112,[1]!Table3[[Part Number]:[Annual]],11,0) -> 3 | F112: =VLOOKUP(B112,[1]!Table3[[Part Number]:[OEM CAD $]],4,0) -> 47.44 | G112: =E112*F112 -> 142.32 | H112: =VLOOKUP(B112,[1]!Table3[[Part Number]:[GQP CAD $]],5,0) -> 18.03 | I112: =ROUND(E112*H112,2) -> 54.09
B113: 1R-0777 | C113: =VLOOKUP(B113,[1]!Table3[[Part Number]:[Make and Model]],2,0) -> CAT D4 (66J) | D113: =VLOOKUP(B113,[1]!Table3[[Part Number]:[Part Description]],3,0) -> HYDRAULIC OIL FILTER ELEMENT | E113: =VLOOKUP(B113,[1]!Table3[[Part Number]:[Annual]],11,0) -> 3 | F113: =VLOOKUP(B113,[1]!Table3[[Part Number]:[OEM CAD $]],4,0) -> 93.49 | G113: =E113*F113 -> 280.47 | H113: =VLOOKUP(B113,[1]!Table3[[Part Number]:[GQP CAD $]],5,0) -> 35.53 | I113: =ROUND(E113*H113,2) -> 106.59
B114: 304-7196 | C114: =VLOOKUP(B114,[1]!Table3[[Part Number]:[Make and Model]],2,0) -> CAT 303.5E | D114: =VLOOKUP(B114,[1]!Table3[[Part Number]:[Part Description]],3,0) -> HYDRAULIC OIL FILTER | E114: =VLOOKUP(B114,[1]!Table3[[Part Number]:[Annual]],11,0) -> 3 | F114: =VLOOKUP(B114,[1]!Table3[[Part Number]:[OEM CAD $]],4,0) -> 130.47 | G114: =E114*F114 -> 391.41 | H114: =VLOOKUP(B114,[1]!Table3[[Part Number]:[GQP CAD $]],5,0) -> 49.58 | I114: =ROUND(E114*H114,2) -> 148.74
B115: 328-3655 | C115: =VLOOKUP(B115,[1]!Table3[[Part Number]:[Make and Model]],2,0) -> CAT D6N LGP (GHS) | D115: =VLOOKUP(B115,[1]!Table3[[Part Number]:[Part Description]],3,0) -> HYDRAULIC OIL FILTER ELEMENT | E115: =VLOOKUP(B115,[1]!Table3[[Part Number]:[Annual]],11,0) -> 3 | F115: =VLOOKUP(B115,[1]!Table3[[Part Number]:[OEM CAD $]],4,0) -> 204.36 | G115: =E115*F115 -> 613.08 | H115: =VLOOKUP(B115,[1]!Table3[[Part Number]:[GQP CAD $]],5,0) -> 77.66 | I115: =ROUND(E115*H115,2) -> 232.98
B116: 376-2025 | C116: =VLOOKUP(B116,[1]!Table3[[Part Number]:[Make and Model]],2,0) -> CAT 303.5E | D116: =VLOOKUP(B116,[1]!Table3[[Part Number]:[Part Description]],3,0) -> HYDRAULIC PUMP | E116: =VLOOKUP(B116,[1]!Table3[[Part Number]:[Annual]],11,0) -> 3 | F116: =VLOOKUP(B116,[1]!Table3[[Part Number]:[OEM CAD $]],4,0) -> 7622.73 | G116: =E116*F116 -> 22868.19 | H116: =VLOOKUP(B116,[1]!Table3[[Part Number]:[GQP CAD $]],5,0) -> 3811.37 | I116: =ROUND(E116*H116,2) -> 11434.11
B117: 421-5479 | C117: =VLOOKUP(B117,[1]!Table3[[Part Number]:[Make and Model]],2,0) -> CAT 299D (DX2) | D117: =VLOOKUP(B117,[1]!Table3[[Part Number]:[Part Description]],3,0) -> HYDRAULIC OIL FILTER ELEMENT | E117: =VLOOKUP(B117,[1]!Table3[[Part Number]:[Annual]],11,0) -> 3 | F117: =VLOOKUP(B117,[1]!Table3[[Part Number]:[OEM CAD $]],4,0) -> 72.07 | G117: =E117*F117 -> 216.21 | H117: =VLOOKUP(B117,[1]!Table3[[Part Number]:[GQP CAD $]],5,0) -> 27.39 | I117: =ROUND(E117*H117,2) -> 82.17
B118: 491-6075 | C118: =VLOOKUP(B118,[1]!Table3[[Part Number]:[Make and Model]],2,0) -> CAT 330 (LHW) CAT 330 (LHW) (2) CAT 330 (LHW) (3) CAT 330 (LHW) (4) | D118: =VLOOKUP(B118,[1]!Table3[[Part Number]:[Part Description]],3,0) -> HYDRAULIC OIL FILTER | E118: =VLOOKUP(B118,[1]!Table3[[Part Number]:[Annual]],11,0) -> 12 | F118: =VLOOKUP(B118,[1]!Table3[[Part Number]:[OEM CAD $]],4,0) -> 159.2 | G118: =E118*F118 -> 1910.4 | H118: =VLOOKUP(B118,[1]!Table3[[Part Number]:[GQP CAD $]],5,0) -> 60.5 | I118: =ROUND(E118*H118,2) -> 726
